-- phpMyAdmin SQL Dump
-- version 5.2.1
-- https://www.phpmyadmin.net/
--
-- Host: localhost
-- Generation Time: Feb 27, 2025 at 03:03 AM
-- Server version: 8.0.41-0ubuntu0.24.04.1
-- PHP Version: 8.3.6

SET SQL_MODE = "NO_AUTO_VALUE_ON_ZERO";
START TRANSACTION;
SET time_zone = "+00:00";


/*!40101 SET @OLD_CHARACTER_SET_CLIENT=@@CHARACTER_SET_CLIENT */;
/*!40101 SET @OLD_CHARACTER_SET_RESULTS=@@CHARACTER_SET_RESULTS */;
/*!40101 SET @OLD_COLLATION_CONNECTION=@@COLLATION_CONNECTION */;
/*!40101 SET NAMES utf8mb4 */;

--
-- Database: `recstepdb`
--

-- --------------------------------------------------------

--
-- Table structure for table `administrators`
--

CREATE TABLE `administrators` (
  `id` bigint UNSIGNED NOT NULL,
  `team_id` bigint UNSIGNED DEFAULT NULL,
  `user_id` int NOT NULL,
  `name` varchar(255) COLLATE utf8mb4_unicode_ci NOT NULL,
  `type` varchar(255) COLLATE utf8mb4_unicode_ci DEFAULT NULL,
  `phone` varchar(255) COLLATE utf8mb4_unicode_ci DEFAULT NULL,
  `email` varchar(255) COLLATE utf8mb4_unicode_ci DEFAULT NULL,
  `status` int DEFAULT '0',
  `created_at` timestamp NULL DEFAULT NULL,
  `updated_at` timestamp NULL DEFAULT NULL,
  `deleted_at` timestamp NULL DEFAULT NULL
) ENGINE=InnoDB DEFAULT CHARSET=utf8mb4 COLLATE=utf8mb4_unicode_ci;

--
-- Dumping data for table `administrators`
--

INSERT INTO `administrators` (`id`, `team_id`, `user_id`, `name`, `type`, `phone`, `email`, `status`, `created_at`, `updated_at`, `deleted_at`) VALUES
(3, NULL, 18, 'oleg T-admin', 'Team Manager', '1234567890', 'Oleg@gmail.com', 1, '2024-10-24 11:21:18', '2024-10-31 02:21:26', NULL),
(4, NULL, 49, 'Manish', 'Head Coach', '1234567890', 'manish@gmail.com', 1, '2024-10-30 05:35:47', '2024-10-30 05:35:47', NULL),
(8, NULL, 72, 'Surjit', 'Team Admin', '1234567890', 'surjit@gmail.com', 1, '2024-11-04 10:05:53', '2024-11-04 10:05:53', NULL),
(20, NULL, 106, 'lhhhh', 'Assistant Coach', '4545454545', 'dsds333aaa3@gmail.com', 1, '2024-11-06 14:20:06', '2024-11-06 14:20:06', NULL),
(26, NULL, 130, 'paljinder', 'Head Coach', '9915482378', 'paljinder4@gmail.com', 1, '2024-11-06 16:45:01', '2024-11-06 16:45:01', NULL),
(28, NULL, 132, 'Nikhil', 'Head Coach', '0123456789', 'nikhil@gmail.com', 1, '2024-11-07 05:12:22', '2024-11-07 05:12:22', NULL),
(29, NULL, 133, 'Malkeet', 'Head Coach', '0123456678', 'malkeet@gmail.com', 1, '2024-11-07 05:35:53', '2025-02-13 10:12:36', NULL),
(30, NULL, 136, 'karan', 'Team Admin', '1234567890', 'karan@gmail.com', 1, '2024-11-07 05:56:42', '2024-11-07 05:56:42', NULL),
(31, NULL, 138, 'Sahil', 'Assistant Coach', '09781178611', 'sahil@netsoftlab.com', 1, '2024-11-07 11:53:42', '2024-11-07 11:53:42', NULL),
(33, NULL, 140, 'Ramit', 'Team Admin', '0123456789', 'ramit@gmail.com', 1, '2024-11-08 05:08:44', '2024-11-08 05:08:44', NULL),
(34, NULL, 146, 'Nikki', 'Assistant Coach', '1234567890', 'nikki@gmail.com', 1, '2024-11-08 06:25:54', '2024-11-08 06:25:54', NULL),
(35, NULL, 147, 'Sameer', 'Head Coach', '1234567890', 'sameer@gmail.com', 1, '2024-11-08 06:45:41', '2024-11-08 06:45:41', NULL),
(36, NULL, 148, 'Anil', 'Staff Member', '1234567890', 'anil@gmail.com', 1, '2024-11-08 07:14:04', '2024-11-08 07:14:04', NULL),
(37, NULL, 150, 'Dev', 'Head Coach', '0123456789', 'dev@gmail.com', 1, '2024-11-08 07:20:16', '2024-11-08 07:20:16', NULL),
(38, NULL, 152, 'Ajit', 'Assistant Coach', '1234567890', 'ajit@gmail.com', 1, '2024-11-08 08:11:21', '2024-12-18 06:58:34', NULL),
(40, NULL, 155, 'jass', 'Assistant Coach', '0123456789', 'jass@gmail.com', 1, '2024-11-08 10:32:03', '2024-11-08 10:32:03', NULL),
(41, NULL, 156, 'kannu', 'Assistant Coach', '0123456789', 'kannu@gmail.com', 1, '2024-11-08 10:37:37', '2024-11-08 10:37:37', NULL),
(42, NULL, 158, 'lavi', 'Assistant Coach', '1234567890', 'lavi@gmail.com', 1, '2024-11-09 06:53:05', '2024-11-09 06:53:05', NULL),
(43, NULL, 160, 'johni', 'Head Coach', '1234567890', 'johni@gmail.com', 1, '2024-11-21 14:03:32', '2024-12-26 10:17:17', NULL),
(47, NULL, 176, 'Martina', 'Team Admin', '1234567890', 'martinarossi@gmail.com', 1, '2024-12-02 06:07:44', '2024-12-02 06:07:44', NULL);

-- --------------------------------------------------------

--
-- Table structure for table `cache`
--

CREATE TABLE `cache` (
  `key` varchar(255) COLLATE utf8mb4_unicode_ci NOT NULL,
  `value` mediumtext COLLATE utf8mb4_unicode_ci NOT NULL,
  `expiration` int NOT NULL
) ENGINE=InnoDB DEFAULT CHARSET=utf8mb4 COLLATE=utf8mb4_unicode_ci;

-- --------------------------------------------------------

--
-- Table structure for table `cache_locks`
--

CREATE TABLE `cache_locks` (
  `key` varchar(255) COLLATE utf8mb4_unicode_ci NOT NULL,
  `owner` varchar(255) COLLATE utf8mb4_unicode_ci NOT NULL,
  `expiration` int NOT NULL
) ENGINE=InnoDB DEFAULT CHARSET=utf8mb4 COLLATE=utf8mb4_unicode_ci;

-- --------------------------------------------------------

--
-- Table structure for table `clubs`
--

CREATE TABLE `clubs` (
  `id` bigint UNSIGNED NOT NULL,
  `user_id` int NOT NULL,
  `logo` varchar(255) COLLATE utf8mb4_unicode_ci DEFAULT NULL,
  `name` varchar(255) COLLATE utf8mb4_unicode_ci NOT NULL,
  `address` text COLLATE utf8mb4_unicode_ci,
  `city` varchar(255) COLLATE utf8mb4_unicode_ci DEFAULT NULL,
  `state` varchar(255) COLLATE utf8mb4_unicode_ci DEFAULT NULL,
  `country` varchar(255) COLLATE utf8mb4_unicode_ci DEFAULT NULL,
  `postal_code` varchar(255) COLLATE utf8mb4_unicode_ci DEFAULT NULL,
  `contact_name` varchar(255) COLLATE utf8mb4_unicode_ci DEFAULT NULL,
  `phone` varchar(255) COLLATE utf8mb4_unicode_ci DEFAULT NULL,
  `email` varchar(255) COLLATE utf8mb4_unicode_ci DEFAULT NULL,
  `status` int NOT NULL DEFAULT '0',
  `created_at` timestamp NULL DEFAULT NULL,
  `updated_at` timestamp NULL DEFAULT NULL,
  `deleted_at` timestamp NULL DEFAULT NULL
) ENGINE=InnoDB DEFAULT CHARSET=utf8mb4 COLLATE=utf8mb4_unicode_ci;

--
-- Dumping data for table `clubs`
--

INSERT INTO `clubs` (`id`, `user_id`, `logo`, `name`, `address`, `city`, `state`, `country`, `postal_code`, `contact_name`, `phone`, `email`, `status`, `created_at`, `updated_at`, `deleted_at`) VALUES
(1, 1, 'logos/1728451805_photo_2024-10-09_10-57-10.jpg', 'Chicago Fire FC', 'address', 'city1', 'state1', 'country1', '143601', 'test c name', '1234567890', 'testclub@gmail.com', 1, NULL, NULL, NULL);

-- --------------------------------------------------------

--
-- Table structure for table `club_administrators`
--

CREATE TABLE `club_administrators` (
  `id` bigint UNSIGNED NOT NULL,
  `club_id` bigint UNSIGNED NOT NULL,
  `user_id` bigint UNSIGNED NOT NULL,
  `name` varchar(255) COLLATE utf8mb4_unicode_ci NOT NULL,
  `image` varchar(255) COLLATE utf8mb4_unicode_ci DEFAULT NULL,
  `role` varchar(255) COLLATE utf8mb4_unicode_ci DEFAULT NULL,
  `phone` varchar(255) COLLATE utf8mb4_unicode_ci DEFAULT NULL,
  `email` varchar(255) COLLATE utf8mb4_unicode_ci DEFAULT NULL,
  `status` int DEFAULT '0',
  `created_at` timestamp NULL DEFAULT NULL,
  `updated_at` timestamp NULL DEFAULT NULL,
  `deleted_at` timestamp NULL DEFAULT NULL
) ENGINE=InnoDB DEFAULT CHARSET=utf8mb4 COLLATE=utf8mb4_unicode_ci;

--
-- Dumping data for table `club_administrators`
--

INSERT INTO `club_administrators` (`id`, `club_id`, `user_id`, `name`, `image`, `role`, `phone`, `email`, `status`, `created_at`, `updated_at`, `deleted_at`) VALUES
(1, 1, 1, 'Cody', 'pictures/1734602604_Untitled design (67).jpg', 'senior_manager', '99154823782', 'codyaltizer@gmail.com', 1, NULL, '2025-01-28 05:20:19', NULL),
(3, 1, 3, 'Gurjeet', 'pictures/1735639396_Untitled design (70).jpg', 'senior_manager', '1234567891', 'gurjeet@gmail.com', 1, '2024-10-24 05:26:00', '2025-01-14 04:41:37', NULL),
(5, 1, 48, 'Priya', 'pictures/1730263818_clipboard (2).png', 'President', '1234567890', 'testmyproject37@gmail.com', 1, '2024-10-30 04:50:19', '2024-10-31 02:15:31', NULL),
(6, 1, 71, 'Paljinder', 'pictures/1734521821_Untitled design (57).jpg', 'President', '9915482378', 'paljinder3@gmail.com', 1, '2024-11-04 07:48:44', '2025-01-28 07:52:32', NULL);

-- --------------------------------------------------------

--
-- Table structure for table `club_announcements`
--

CREATE TABLE `club_announcements` (
  `id` int NOT NULL,
  `announcements` text,
  `user_id` varchar(256) NOT NULL,
  `club_id` varchar(256) NOT NULL,
  `status` int NOT NULL DEFAULT '1',
  `created_at` timestamp NOT NULL DEFAULT CURRENT_TIMESTAMP,
  `updated_at` timestamp NOT NULL DEFAULT CURRENT_TIMESTAMP
) ENGINE=InnoDB DEFAULT CHARSET=utf8mb4 COLLATE=utf8mb4_0900_ai_ci;

--
-- Dumping data for table `club_announcements`
--

INSERT INTO `club_announcements` (`id`, `announcements`, `user_id`, `club_id`, `status`, `created_at`, `updated_at`) VALUES
(1, 'test Announcement', '1', '1', 1, '2025-02-19 09:28:52', '2025-02-19 10:03:50'),
(3, 'Hello new announcements', '1', '1', 1, '2025-02-19 10:04:45', '2025-02-19 10:04:45'),
(4, 'Very proud of our bronze competitors this weekend.  Even though our team took an L they played their best!  Let’s continue to get better together. Go Capitals!!!!!', '1', '1', 1, '2025-02-19 10:25:13', '2025-02-19 10:25:13'),
(5, 'Big win for our grassroots team... 10-1  against the Thunder Birds.  Future athletes are being cultivated here.  Stay strong little Capitals!', '1', '1', 1, '2025-02-19 10:25:49', '2025-02-19 10:25:49');

-- --------------------------------------------------------

--
-- Table structure for table `failed_jobs`
--

CREATE TABLE `failed_jobs` (
  `id` bigint UNSIGNED NOT NULL,
  `uuid` varchar(255) COLLATE utf8mb4_unicode_ci NOT NULL,
  `connection` text COLLATE utf8mb4_unicode_ci NOT NULL,
  `queue` text COLLATE utf8mb4_unicode_ci NOT NULL,
  `payload` longtext COLLATE utf8mb4_unicode_ci NOT NULL,
  `exception` longtext COLLATE utf8mb4_unicode_ci NOT NULL,
  `failed_at` timestamp NOT NULL DEFAULT CURRENT_TIMESTAMP
) ENGINE=InnoDB DEFAULT CHARSET=utf8mb4 COLLATE=utf8mb4_unicode_ci;

-- --------------------------------------------------------

--
-- Table structure for table `group_messages`
--

CREATE TABLE `group_messages` (
  `id` int NOT NULL,
  `message_id` varchar(256) DEFAULT NULL,
  `team_id` varchar(256) CHARACTER SET utf8mb4 COLLATE utf8mb4_0900_ai_ci DEFAULT NULL,
  `sender_id` varchar(256) CHARACTER SET utf8mb4 COLLATE utf8mb4_0900_ai_ci DEFAULT NULL,
  `receiver_id` varchar(256) CHARACTER SET utf8mb4 COLLATE utf8mb4_0900_ai_ci DEFAULT NULL,
  `is_read` varchar(256) CHARACTER SET utf8mb4 COLLATE utf8mb4_0900_ai_ci DEFAULT 'no',
  `created_at` timestamp NOT NULL,
  `updated_at` timestamp NOT NULL,
  `deleted_at` timestamp NULL DEFAULT NULL
) ENGINE=InnoDB DEFAULT CHARSET=utf8mb4 COLLATE=utf8mb4_0900_ai_ci;

--
-- Dumping data for table `group_messages`
--

INSERT INTO `group_messages` (`id`, `message_id`, `team_id`, `sender_id`, `receiver_id`, `is_read`, `created_at`, `updated_at`, `deleted_at`) VALUES
(1, '5', '1', '1', '1', 'yes', '2025-01-23 18:39:46', '2025-02-21 06:05:56', NULL),
(2, '5', '1', '1', '3', 'yes', '2025-01-23 18:39:46', '2025-02-03 04:46:02', NULL),
(3, '5', '1', '1', '4', 'yes', '2025-01-23 18:39:46', '2025-01-31 05:02:10', NULL),
(4, '5', '1', '1', '18', 'yes', '2025-01-23 18:39:46', '2025-02-04 04:07:38', NULL),
(5, '5', '1', '1', '48', 'yes', '2025-01-23 18:39:46', '2025-02-04 04:22:18', NULL),
(6, '5', '1', '1', '71', 'yes', '2025-01-23 18:39:46', '2025-02-03 05:13:54', NULL),
(7, '5', '1', '1', '130', 'no', '2025-01-23 18:39:46', '2025-01-23 18:39:46', NULL),
(8, '5', '1', '1', '142', 'no', '2025-01-23 18:39:46', '2025-01-23 18:39:46', NULL),
(9, '5', '1', '1', '143', 'no', '2025-01-23 18:39:46', '2025-01-23 18:39:46', NULL),
(10, '5', '1', '1', '145', 'no', '2025-01-23 18:39:46', '2025-01-23 18:39:46', NULL),
(11, '5', '1', '1', '148', 'no', '2025-01-23 18:39:46', '2025-01-23 18:39:46', NULL),
(12, '5', '1', '1', '150', 'no', '2025-01-23 18:39:46', '2025-01-23 18:39:46', NULL),
(13, '5', '1', '1', '156', 'no', '2025-01-23 18:39:46', '2025-01-23 18:39:46', NULL),
(14, '5', '1', '1', '158', 'no', '2025-01-23 18:39:46', '2025-01-23 18:39:46', NULL),
(15, '6', '1', '18', '1', 'yes', '2025-01-23 18:41:27', '2025-02-21 06:05:56', NULL),
(16, '6', '1', '18', '3', 'yes', '2025-01-23 18:41:27', '2025-02-03 04:46:02', NULL),
(17, '6', '1', '18', '4', 'yes', '2025-01-23 18:41:28', '2025-01-31 05:02:10', NULL),
(18, '6', '1', '18', '18', 'yes', '2025-01-23 18:41:28', '2025-02-04 04:07:38', NULL),
(19, '6', '1', '18', '48', 'yes', '2025-01-23 18:41:28', '2025-02-04 04:22:18', NULL),
(20, '6', '1', '18', '71', 'yes', '2025-01-23 18:41:28', '2025-02-03 05:13:54', NULL),
(21, '6', '1', '18', '130', 'no', '2025-01-23 18:41:28', '2025-01-23 18:41:28', NULL),
(22, '6', '1', '18', '142', 'no', '2025-01-23 18:41:28', '2025-01-23 18:41:28', NULL),
(23, '6', '1', '18', '143', 'no', '2025-01-23 18:41:28', '2025-01-23 18:41:28', NULL),
(24, '6', '1', '18', '145', 'no', '2025-01-23 18:41:28', '2025-01-23 18:41:28', NULL),
(25, '6', '1', '18', '148', 'no', '2025-01-23 18:41:28', '2025-01-23 18:41:28', NULL),
(26, '6', '1', '18', '150', 'no', '2025-01-23 18:41:28', '2025-01-23 18:41:28', NULL),
(27, '6', '1', '18', '156', 'no', '2025-01-23 18:41:28', '2025-01-23 18:41:28', NULL),
(28, '6', '1', '18', '158', 'no', '2025-01-23 18:41:28', '2025-01-23 18:41:28', NULL),
(29, '7', '1', '18', '1', 'yes', '2025-01-24 03:16:53', '2025-02-21 06:05:56', NULL),
(30, '7', '1', '18', '3', 'yes', '2025-01-24 03:16:53', '2025-02-03 04:46:02', NULL),
(31, '7', '1', '18', '4', 'yes', '2025-01-24 03:16:53', '2025-01-31 05:02:10', NULL),
(32, '7', '1', '18', '18', 'yes', '2025-01-24 03:16:53', '2025-02-04 04:07:38', NULL),
(33, '7', '1', '18', '48', 'yes', '2025-01-24 03:16:53', '2025-02-04 04:22:18', NULL),
(34, '7', '1', '18', '71', 'yes', '2025-01-24 03:16:53', '2025-02-03 05:13:54', NULL),
(35, '7', '1', '18', '130', 'no', '2025-01-24 03:16:53', '2025-01-24 03:16:53', NULL),
(36, '7', '1', '18', '142', 'no', '2025-01-24 03:16:53', '2025-01-24 03:16:53', NULL),
(37, '7', '1', '18', '143', 'no', '2025-01-24 03:16:53', '2025-01-24 03:16:53', NULL),
(38, '7', '1', '18', '145', 'no', '2025-01-24 03:16:53', '2025-01-24 03:16:53', NULL),
(39, '7', '1', '18', '148', 'no', '2025-01-24 03:16:53', '2025-01-24 03:16:53', NULL),
(40, '7', '1', '18', '150', 'no', '2025-01-24 03:16:53', '2025-01-24 03:16:53', NULL),
(41, '7', '1', '18', '156', 'no', '2025-01-24 03:16:53', '2025-01-24 03:16:53', NULL),
(42, '7', '1', '18', '158', 'no', '2025-01-24 03:16:53', '2025-01-24 03:16:53', NULL),
(43, '8', '1', '18', '1', 'yes', '2025-01-24 03:20:27', '2025-02-21 06:05:56', NULL),
(44, '8', '1', '18', '3', 'yes', '2025-01-24 03:20:27', '2025-02-03 04:46:02', NULL),
(45, '8', '1', '18', '4', 'yes', '2025-01-24 03:20:27', '2025-01-31 05:02:10', NULL),
(46, '8', '1', '18', '18', 'yes', '2025-01-24 03:20:27', '2025-02-04 04:07:38', NULL),
(47, '8', '1', '18', '48', 'yes', '2025-01-24 03:20:27', '2025-02-04 04:22:18', NULL),
(48, '8', '1', '18', '71', 'yes', '2025-01-24 03:20:27', '2025-02-03 05:13:54', NULL),
(49, '8', '1', '18', '130', 'no', '2025-01-24 03:20:27', '2025-01-24 03:20:27', NULL),
(50, '8', '1', '18', '142', 'no', '2025-01-24 03:20:27', '2025-01-24 03:20:27', NULL),
(51, '8', '1', '18', '143', 'no', '2025-01-24 03:20:27', '2025-01-24 03:20:27', NULL),
(52, '8', '1', '18', '145', 'no', '2025-01-24 03:20:27', '2025-01-24 03:20:27', NULL),
(53, '8', '1', '18', '148', 'no', '2025-01-24 03:20:27', '2025-01-24 03:20:27', NULL),
(54, '8', '1', '18', '150', 'no', '2025-01-24 03:20:27', '2025-01-24 03:20:27', NULL),
(55, '8', '1', '18', '156', 'no', '2025-01-24 03:20:27', '2025-01-24 03:20:27', NULL),
(56, '8', '1', '18', '158', 'no', '2025-01-24 03:20:27', '2025-01-24 03:20:27', NULL),
(57, '9', '1', '18', '1', 'yes', '2025-01-24 03:40:38', '2025-02-21 06:05:56', NULL),
(58, '9', '1', '18', '3', 'yes', '2025-01-24 03:40:38', '2025-02-03 04:46:02', NULL),
(59, '9', '1', '18', '4', 'yes', '2025-01-24 03:40:38', '2025-01-31 05:02:10', NULL),
(60, '9', '1', '18', '18', 'yes', '2025-01-24 03:40:38', '2025-02-04 04:07:38', NULL),
(61, '9', '1', '18', '48', 'yes', '2025-01-24 03:40:38', '2025-02-04 04:22:18', NULL),
(62, '9', '1', '18', '71', 'yes', '2025-01-24 03:40:39', '2025-02-03 05:13:54', NULL),
(63, '9', '1', '18', '130', 'no', '2025-01-24 03:40:39', '2025-01-24 03:40:39', NULL),
(64, '9', '1', '18', '142', 'no', '2025-01-24 03:40:39', '2025-01-24 03:40:39', NULL),
(65, '9', '1', '18', '143', 'no', '2025-01-24 03:40:39', '2025-01-24 03:40:39', NULL),
(66, '9', '1', '18', '145', 'no', '2025-01-24 03:40:39', '2025-01-24 03:40:39', NULL),
(67, '9', '1', '18', '148', 'no', '2025-01-24 03:40:39', '2025-01-24 03:40:39', NULL),
(68, '9', '1', '18', '150', 'no', '2025-01-24 03:40:39', '2025-01-24 03:40:39', NULL),
(69, '9', '1', '18', '156', 'no', '2025-01-24 03:40:39', '2025-01-24 03:40:39', NULL),
(70, '9', '1', '18', '158', 'no', '2025-01-24 03:40:39', '2025-01-24 03:40:39', NULL),
(71, '24', '1', '1', '1', 'yes', '2025-01-24 05:19:32', '2025-02-21 06:05:56', NULL),
(72, '24', '1', '1', '3', 'yes', '2025-01-24 05:19:32', '2025-02-03 04:46:02', NULL),
(73, '24', '1', '1', '4', 'yes', '2025-01-24 05:19:32', '2025-01-31 05:02:10', NULL),
(74, '24', '1', '1', '18', 'yes', '2025-01-24 05:19:32', '2025-02-04 04:07:38', NULL),
(75, '24', '1', '1', '48', 'yes', '2025-01-24 05:19:32', '2025-02-04 04:22:18', NULL),
(76, '24', '1', '1', '71', 'yes', '2025-01-24 05:19:32', '2025-02-03 05:13:54', NULL),
(77, '24', '1', '1', '130', 'no', '2025-01-24 05:19:32', '2025-01-24 05:19:32', NULL),
(78, '24', '1', '1', '142', 'no', '2025-01-24 05:19:32', '2025-01-24 05:19:32', NULL),
(79, '24', '1', '1', '143', 'no', '2025-01-24 05:19:32', '2025-01-24 05:19:32', NULL),
(80, '24', '1', '1', '145', 'no', '2025-01-24 05:19:32', '2025-01-24 05:19:32', NULL),
(81, '24', '1', '1', '148', 'no', '2025-01-24 05:19:32', '2025-01-24 05:19:32', NULL),
(82, '24', '1', '1', '150', 'no', '2025-01-24 05:19:32', '2025-01-24 05:19:32', NULL),
(83, '24', '1', '1', '156', 'no', '2025-01-24 05:19:32', '2025-01-24 05:19:32', NULL),
(84, '24', '1', '1', '158', 'no', '2025-01-24 05:19:32', '2025-01-24 05:19:32', NULL),
(85, '25', '1', '1', '1', 'yes', '2025-01-24 05:28:29', '2025-02-21 06:05:56', NULL),
(86, '25', '1', '1', '3', 'yes', '2025-01-24 05:28:29', '2025-02-03 04:46:02', NULL),
(87, '25', '1', '1', '4', 'yes', '2025-01-24 05:28:29', '2025-01-31 05:02:10', NULL),
(88, '25', '1', '1', '18', 'yes', '2025-01-24 05:28:29', '2025-02-04 04:07:38', NULL),
(89, '25', '1', '1', '48', 'yes', '2025-01-24 05:28:29', '2025-02-04 04:22:18', NULL),
(90, '25', '1', '1', '71', 'yes', '2025-01-24 05:28:29', '2025-02-03 05:13:54', NULL),
(91, '25', '1', '1', '130', 'no', '2025-01-24 05:28:29', '2025-01-24 05:28:29', NULL),
(92, '25', '1', '1', '142', 'no', '2025-01-24 05:28:29', '2025-01-24 05:28:29', NULL),
(93, '25', '1', '1', '143', 'no', '2025-01-24 05:28:29', '2025-01-24 05:28:29', NULL),
(94, '25', '1', '1', '145', 'no', '2025-01-24 05:28:29', '2025-01-24 05:28:29', NULL),
(95, '25', '1', '1', '148', 'no', '2025-01-24 05:28:29', '2025-01-24 05:28:29', NULL),
(96, '25', '1', '1', '150', 'no', '2025-01-24 05:28:29', '2025-01-24 05:28:29', NULL),
(97, '25', '1', '1', '156', 'no', '2025-01-24 05:28:29', '2025-01-24 05:28:29', NULL),
(98, '25', '1', '1', '158', 'no', '2025-01-24 05:28:29', '2025-01-24 05:28:29', NULL),
(99, '26', '1', '1', '1', 'yes', '2025-01-24 05:54:46', '2025-02-21 06:05:56', NULL),
(100, '26', '1', '1', '3', 'yes', '2025-01-24 05:54:47', '2025-02-03 04:46:02', NULL),
(101, '26', '1', '1', '4', 'yes', '2025-01-24 05:54:47', '2025-01-31 05:02:10', NULL),
(102, '26', '1', '1', '18', 'yes', '2025-01-24 05:54:47', '2025-02-04 04:07:38', NULL),
(103, '26', '1', '1', '48', 'yes', '2025-01-24 05:54:47', '2025-02-04 04:22:18', NULL),
(104, '26', '1', '1', '71', 'yes', '2025-01-24 05:54:47', '2025-02-03 05:13:54', NULL),
(105, '26', '1', '1', '130', 'no', '2025-01-24 05:54:47', '2025-01-24 05:54:47', NULL),
(106, '26', '1', '1', '142', 'no', '2025-01-24 05:54:47', '2025-01-24 05:54:47', NULL),
(107, '26', '1', '1', '143', 'no', '2025-01-24 05:54:47', '2025-01-24 05:54:47', NULL),
(108, '26', '1', '1', '145', 'no', '2025-01-24 05:54:47', '2025-01-24 05:54:47', NULL),
(109, '26', '1', '1', '148', 'no', '2025-01-24 05:54:47', '2025-01-24 05:54:47', NULL),
(110, '26', '1', '1', '150', 'no', '2025-01-24 05:54:47', '2025-01-24 05:54:47', NULL),
(111, '26', '1', '1', '156', 'no', '2025-01-24 05:54:47', '2025-01-24 05:54:47', NULL),
(112, '26', '1', '1', '158', 'no', '2025-01-24 05:54:47', '2025-01-24 05:54:47', NULL),
(113, '27', '1', '1', '1', 'yes', '2025-01-24 06:58:00', '2025-02-21 06:05:56', NULL),
(114, '27', '1', '1', '3', 'yes', '2025-01-24 06:58:00', '2025-02-03 04:46:02', NULL),
(115, '27', '1', '1', '4', 'yes', '2025-01-24 06:58:00', '2025-01-31 05:02:10', NULL),
(116, '27', '1', '1', '18', 'yes', '2025-01-24 06:58:00', '2025-02-04 04:07:38', NULL),
(117, '27', '1', '1', '48', 'yes', '2025-01-24 06:58:00', '2025-02-04 04:22:18', NULL),
(118, '27', '1', '1', '71', 'yes', '2025-01-24 06:58:00', '2025-02-03 05:13:54', NULL),
(119, '27', '1', '1', '130', 'no', '2025-01-24 06:58:00', '2025-01-24 06:58:00', NULL),
(120, '27', '1', '1', '142', 'no', '2025-01-24 06:58:00', '2025-01-24 06:58:00', NULL),
(121, '27', '1', '1', '143', 'no', '2025-01-24 06:58:00', '2025-01-24 06:58:00', NULL),
(122, '27', '1', '1', '145', 'no', '2025-01-24 06:58:00', '2025-01-24 06:58:00', NULL),
(123, '27', '1', '1', '148', 'no', '2025-01-24 06:58:00', '2025-01-24 06:58:00', NULL),
(124, '27', '1', '1', '150', 'no', '2025-01-24 06:58:00', '2025-01-24 06:58:00', NULL),
(125, '27', '1', '1', '156', 'no', '2025-01-24 06:58:00', '2025-01-24 06:58:00', NULL),
(126, '27', '1', '1', '158', 'no', '2025-01-24 06:58:00', '2025-01-24 06:58:00', NULL),
(127, '28', '1', '18', '1', 'yes', '2025-01-24 06:58:43', '2025-02-21 06:05:56', NULL),
(128, '28', '1', '18', '3', 'yes', '2025-01-24 06:58:43', '2025-02-03 04:46:02', NULL),
(129, '28', '1', '18', '4', 'yes', '2025-01-24 06:58:43', '2025-01-31 05:02:10', NULL),
(130, '28', '1', '18', '18', 'yes', '2025-01-24 06:58:43', '2025-02-04 04:07:38', NULL),
(131, '28', '1', '18', '48', 'yes', '2025-01-24 06:58:43', '2025-02-04 04:22:18', NULL),
(132, '28', '1', '18', '71', 'yes', '2025-01-24 06:58:43', '2025-02-03 05:13:54', NULL),
(133, '28', '1', '18', '130', 'no', '2025-01-24 06:58:43', '2025-01-24 06:58:43', NULL),
(134, '28', '1', '18', '142', 'no', '2025-01-24 06:58:43', '2025-01-24 06:58:43', NULL),
(135, '28', '1', '18', '143', 'no', '2025-01-24 06:58:43', '2025-01-24 06:58:43', NULL),
(136, '28', '1', '18', '145', 'no', '2025-01-24 06:58:43', '2025-01-24 06:58:43', NULL),
(137, '28', '1', '18', '148', 'no', '2025-01-24 06:58:43', '2025-01-24 06:58:43', NULL),
(138, '28', '1', '18', '150', 'no', '2025-01-24 06:58:43', '2025-01-24 06:58:43', NULL),
(139, '28', '1', '18', '156', 'no', '2025-01-24 06:58:43', '2025-01-24 06:58:43', NULL),
(140, '28', '1', '18', '158', 'no', '2025-01-24 06:58:43', '2025-01-24 06:58:43', NULL),
(141, '29', '1', '18', '1', 'yes', '2025-01-24 07:57:46', '2025-02-21 06:05:56', NULL),
(142, '29', '1', '18', '3', 'yes', '2025-01-24 07:57:46', '2025-02-03 04:46:02', NULL),
(143, '29', '1', '18', '4', 'yes', '2025-01-24 07:57:46', '2025-01-31 05:02:10', NULL),
(144, '29', '1', '18', '18', 'yes', '2025-01-24 07:57:46', '2025-02-04 04:07:38', NULL),
(145, '29', '1', '18', '48', 'yes', '2025-01-24 07:57:46', '2025-02-04 04:22:18', NULL),
(146, '29', '1', '18', '71', 'yes', '2025-01-24 07:57:46', '2025-02-03 05:13:54', NULL),
(147, '29', '1', '18', '130', 'no', '2025-01-24 07:57:46', '2025-01-24 07:57:46', NULL),
(148, '29', '1', '18', '142', 'no', '2025-01-24 07:57:46', '2025-01-24 07:57:46', NULL),
(149, '29', '1', '18', '143', 'no', '2025-01-24 07:57:46', '2025-01-24 07:57:46', NULL),
(150, '29', '1', '18', '145', 'no', '2025-01-24 07:57:46', '2025-01-24 07:57:46', NULL),
(151, '29', '1', '18', '148', 'no', '2025-01-24 07:57:46', '2025-01-24 07:57:46', NULL),
(152, '29', '1', '18', '150', 'no', '2025-01-24 07:57:46', '2025-01-24 07:57:46', NULL),
(153, '29', '1', '18', '156', 'no', '2025-01-24 07:57:46', '2025-01-24 07:57:46', NULL),
(154, '29', '1', '18', '158', 'no', '2025-01-24 07:57:46', '2025-01-24 07:57:46', NULL),
(155, '30', '1', '1', '1', 'yes', '2025-01-24 07:58:06', '2025-02-21 06:05:56', NULL),
(156, '30', '1', '1', '3', 'yes', '2025-01-24 07:58:06', '2025-02-03 04:46:02', NULL),
(157, '30', '1', '1', '4', 'yes', '2025-01-24 07:58:06', '2025-01-31 05:02:10', NULL),
(158, '30', '1', '1', '18', 'yes', '2025-01-24 07:58:06', '2025-02-04 04:07:38', NULL),
(159, '30', '1', '1', '48', 'yes', '2025-01-24 07:58:06', '2025-02-04 04:22:18', NULL),
(160, '30', '1', '1', '71', 'yes', '2025-01-24 07:58:06', '2025-02-03 05:13:54', NULL),
(161, '30', '1', '1', '130', 'no', '2025-01-24 07:58:06', '2025-01-24 07:58:06', NULL),
(162, '30', '1', '1', '142', 'no', '2025-01-24 07:58:06', '2025-01-24 07:58:06', NULL),
(163, '30', '1', '1', '143', 'no', '2025-01-24 07:58:06', '2025-01-24 07:58:06', NULL),
(164, '30', '1', '1', '145', 'no', '2025-01-24 07:58:06', '2025-01-24 07:58:06', NULL),
(165, '30', '1', '1', '148', 'no', '2025-01-24 07:58:06', '2025-01-24 07:58:06', NULL),
(166, '30', '1', '1', '150', 'no', '2025-01-24 07:58:06', '2025-01-24 07:58:06', NULL),
(167, '30', '1', '1', '156', 'no', '2025-01-24 07:58:06', '2025-01-24 07:58:06', NULL),
(168, '30', '1', '1', '158', 'no', '2025-01-24 07:58:06', '2025-01-24 07:58:06', NULL),
(169, '31', '2', '1', '1', 'yes', '2025-01-24 08:03:56', '2025-02-17 03:54:36', NULL),
(170, '31', '2', '1', '3', 'yes', '2025-01-24 08:03:56', '2025-02-03 08:00:38', NULL),
(171, '31', '2', '1', '6', 'yes', '2025-01-24 08:03:56', '2025-02-13 09:48:07', NULL),
(172, '31', '2', '1', '48', 'yes', '2025-01-24 08:03:56', '2025-02-04 04:22:05', NULL),
(173, '31', '2', '1', '71', 'yes', '2025-01-24 08:03:56', '2025-02-03 04:52:20', NULL),
(174, '31', '2', '1', '72', 'no', '2025-01-24 08:03:56', '2025-01-24 08:03:56', NULL),
(175, '31', '2', '1', '132', 'no', '2025-01-24 08:03:56', '2025-01-24 08:03:56', NULL),
(176, '31', '2', '1', '133', 'no', '2025-01-24 08:03:56', '2025-01-24 08:03:56', NULL),
(177, '31', '2', '1', '136', 'no', '2025-01-24 08:03:56', '2025-01-24 08:03:56', NULL),
(178, '31', '2', '1', '137', 'yes', '2025-01-24 08:03:56', '2025-01-28 04:11:14', NULL),
(179, '31', '2', '1', '138', 'no', '2025-01-24 08:03:56', '2025-01-24 08:03:56', NULL),
(180, '31', '2', '1', '140', 'no', '2025-01-24 08:03:56', '2025-01-24 08:03:56', NULL),
(181, '31', '2', '1', '144', 'yes', '2025-01-24 08:03:56', '2025-02-03 07:44:03', NULL),
(182, '31', '2', '1', '146', 'no', '2025-01-24 08:03:56', '2025-01-24 08:03:56', NULL),
(183, '31', '2', '1', '155', 'no', '2025-01-24 08:03:56', '2025-01-24 08:03:56', NULL),
(184, '31', '2', '1', '164', 'no', '2025-01-24 08:03:56', '2025-01-24 08:03:56', NULL),
(185, '31', '2', '1', '171', 'no', '2025-01-24 08:03:56', '2025-01-24 08:03:56', NULL),
(186, '31', '2', '1', '176', 'no', '2025-01-24 08:03:56', '2025-01-24 08:03:56', NULL),
(187, '31', '2', '1', '181', 'no', '2025-01-24 08:03:56', '2025-01-24 08:03:56', NULL),
(188, '31', '2', '1', '182', 'no', '2025-01-24 08:03:56', '2025-01-24 08:03:56', NULL),
(189, '31', '2', '1', '183', 'no', '2025-01-24 08:03:56', '2025-01-24 08:03:56', NULL),
(190, '31', '2', '1', '184', 'no', '2025-01-24 08:03:56', '2025-01-24 08:03:56', NULL),
(191, '32', '2', '18', '1', 'yes', '2025-01-24 08:04:15', '2025-02-17 03:54:36', NULL),
(192, '32', '2', '18', '3', 'yes', '2025-01-24 08:04:15', '2025-02-03 08:00:38', NULL),
(193, '32', '2', '18', '6', 'yes', '2025-01-24 08:04:15', '2025-02-13 09:48:07', NULL),
(194, '32', '2', '18', '48', 'yes', '2025-01-24 08:04:15', '2025-02-04 04:22:05', NULL),
(195, '32', '2', '18', '71', 'yes', '2025-01-24 08:04:15', '2025-02-03 04:52:20', NULL),
(196, '32', '2', '18', '72', 'no', '2025-01-24 08:04:15', '2025-01-24 08:04:15', NULL),
(197, '32', '2', '18', '132', 'no', '2025-01-24 08:04:15', '2025-01-24 08:04:15', NULL),
(198, '32', '2', '18', '133', 'no', '2025-01-24 08:04:15', '2025-01-24 08:04:15', NULL),
(199, '32', '2', '18', '136', 'no', '2025-01-24 08:04:15', '2025-01-24 08:04:15', NULL),
(200, '32', '2', '18', '137', 'yes', '2025-01-24 08:04:15', '2025-01-28 04:11:14', NULL),
(201, '32', '2', '18', '138', 'no', '2025-01-24 08:04:15', '2025-01-24 08:04:15', NULL),
(202, '32', '2', '18', '140', 'no', '2025-01-24 08:04:15', '2025-01-24 08:04:15', NULL),
(203, '32', '2', '18', '144', 'yes', '2025-01-24 08:04:15', '2025-02-03 07:44:03', NULL),
(204, '32', '2', '18', '146', 'no', '2025-01-24 08:04:15', '2025-01-24 08:04:15', NULL),
(205, '32', '2', '18', '155', 'no', '2025-01-24 08:04:15', '2025-01-24 08:04:15', NULL),
(206, '32', '2', '18', '164', 'no', '2025-01-24 08:04:15', '2025-01-24 08:04:15', NULL),
(207, '32', '2', '18', '171', 'no', '2025-01-24 08:04:15', '2025-01-24 08:04:15', NULL),
(208, '32', '2', '18', '176', 'no', '2025-01-24 08:04:15', '2025-01-24 08:04:15', NULL),
(209, '32', '2', '18', '181', 'no', '2025-01-24 08:04:15', '2025-01-24 08:04:15', NULL),
(210, '32', '2', '18', '182', 'no', '2025-01-24 08:04:15', '2025-01-24 08:04:15', NULL),
(211, '32', '2', '18', '183', 'no', '2025-01-24 08:04:15', '2025-01-24 08:04:15', NULL),
(212, '32', '2', '18', '184', 'no', '2025-01-24 08:04:15', '2025-01-24 08:04:15', NULL),
(213, '33', '2', '1', '1', 'yes', '2025-01-24 09:24:47', '2025-02-17 03:54:36', NULL),
(214, '33', '2', '1', '3', 'yes', '2025-01-24 09:24:47', '2025-02-03 08:00:38', NULL),
(215, '33', '2', '1', '6', 'yes', '2025-01-24 09:24:47', '2025-02-13 09:48:07', NULL),
(216, '33', '2', '1', '48', 'yes', '2025-01-24 09:24:47', '2025-02-04 04:22:05', NULL),
(217, '33', '2', '1', '71', 'yes', '2025-01-24 09:24:47', '2025-02-03 04:52:20', NULL),
(218, '33', '2', '1', '72', 'no', '2025-01-24 09:24:47', '2025-01-24 09:24:47', NULL),
(219, '33', '2', '1', '132', 'no', '2025-01-24 09:24:47', '2025-01-24 09:24:47', NULL),
(220, '33', '2', '1', '133', 'no', '2025-01-24 09:24:47', '2025-01-24 09:24:47', NULL),
(221, '33', '2', '1', '136', 'no', '2025-01-24 09:24:47', '2025-01-24 09:24:47', NULL),
(222, '33', '2', '1', '137', 'yes', '2025-01-24 09:24:47', '2025-01-28 04:11:14', NULL),
(223, '33', '2', '1', '138', 'no', '2025-01-24 09:24:47', '2025-01-24 09:24:47', NULL),
(224, '33', '2', '1', '140', 'no', '2025-01-24 09:24:47', '2025-01-24 09:24:47', NULL),
(225, '33', '2', '1', '144', 'yes', '2025-01-24 09:24:47', '2025-02-03 07:44:03', NULL),
(226, '33', '2', '1', '146', 'no', '2025-01-24 09:24:47', '2025-01-24 09:24:47', NULL),
(227, '33', '2', '1', '155', 'no', '2025-01-24 09:24:47', '2025-01-24 09:24:47', NULL),
(228, '33', '2', '1', '164', 'no', '2025-01-24 09:24:47', '2025-01-24 09:24:47', NULL),
(229, '33', '2', '1', '171', 'no', '2025-01-24 09:24:47', '2025-01-24 09:24:47', NULL),
(230, '33', '2', '1', '176', 'no', '2025-01-24 09:24:47', '2025-01-24 09:24:47', NULL),
(231, '33', '2', '1', '181', 'no', '2025-01-24 09:24:47', '2025-01-24 09:24:47', NULL),
(232, '33', '2', '1', '182', 'no', '2025-01-24 09:24:47', '2025-01-24 09:24:47', NULL),
(233, '33', '2', '1', '183', 'no', '2025-01-24 09:24:47', '2025-01-24 09:24:47', NULL),
(234, '33', '2', '1', '184', 'no', '2025-01-24 09:24:47', '2025-01-24 09:24:47', NULL),
(235, '34', '2', '71', '1', 'yes', '2025-01-24 10:05:49', '2025-02-17 03:54:36', NULL),
(236, '34', '2', '71', '3', 'yes', '2025-01-24 10:05:49', '2025-02-03 08:00:38', NULL),
(237, '34', '2', '71', '6', 'yes', '2025-01-24 10:05:49', '2025-02-13 09:48:07', NULL),
(238, '34', '2', '71', '48', 'yes', '2025-01-24 10:05:49', '2025-02-04 04:22:05', NULL),
(239, '34', '2', '71', '71', 'yes', '2025-01-24 10:05:49', '2025-02-03 04:52:20', NULL),
(240, '34', '2', '71', '72', 'no', '2025-01-24 10:05:49', '2025-01-24 10:05:49', NULL),
(241, '34', '2', '71', '132', 'no', '2025-01-24 10:05:49', '2025-01-24 10:05:49', NULL),
(242, '34', '2', '71', '133', 'no', '2025-01-24 10:05:49', '2025-01-24 10:05:49', NULL),
(243, '34', '2', '71', '136', 'no', '2025-01-24 10:05:49', '2025-01-24 10:05:49', NULL),
(244, '34', '2', '71', '137', 'yes', '2025-01-24 10:05:49', '2025-01-28 04:11:14', NULL),
(245, '34', '2', '71', '138', 'no', '2025-01-24 10:05:49', '2025-01-24 10:05:49', NULL),
(246, '34', '2', '71', '140', 'no', '2025-01-24 10:05:49', '2025-01-24 10:05:49', NULL),
(247, '34', '2', '71', '144', 'yes', '2025-01-24 10:05:49', '2025-02-03 07:44:03', NULL),
(248, '34', '2', '71', '146', 'no', '2025-01-24 10:05:49', '2025-01-24 10:05:49', NULL),
(249, '34', '2', '71', '155', 'no', '2025-01-24 10:05:49', '2025-01-24 10:05:49', NULL),
(250, '34', '2', '71', '164', 'no', '2025-01-24 10:05:49', '2025-01-24 10:05:49', NULL),
(251, '34', '2', '71', '171', 'no', '2025-01-24 10:05:49', '2025-01-24 10:05:49', NULL),
(252, '34', '2', '71', '176', 'no', '2025-01-24 10:05:49', '2025-01-24 10:05:49', NULL),
(253, '34', '2', '71', '181', 'no', '2025-01-24 10:05:49', '2025-01-24 10:05:49', NULL),
(254, '34', '2', '71', '182', 'no', '2025-01-24 10:05:49', '2025-01-24 10:05:49', NULL),
(255, '34', '2', '71', '183', 'no', '2025-01-24 10:05:49', '2025-01-24 10:05:49', NULL),
(256, '34', '2', '71', '184', 'no', '2025-01-24 10:05:49', '2025-01-24 10:05:49', NULL),
(257, '35', '2', '71', '1', 'yes', '2025-01-24 10:05:59', '2025-02-17 03:54:36', NULL),
(258, '35', '2', '71', '3', 'yes', '2025-01-24 10:05:59', '2025-02-03 08:00:38', NULL),
(259, '35', '2', '71', '6', 'yes', '2025-01-24 10:05:59', '2025-02-13 09:48:07', NULL),
(260, '35', '2', '71', '48', 'yes', '2025-01-24 10:05:59', '2025-02-04 04:22:05', NULL),
(261, '35', '2', '71', '71', 'yes', '2025-01-24 10:05:59', '2025-02-03 04:52:20', NULL),
(262, '35', '2', '71', '72', 'no', '2025-01-24 10:05:59', '2025-01-24 10:05:59', NULL),
(263, '35', '2', '71', '132', 'no', '2025-01-24 10:05:59', '2025-01-24 10:05:59', NULL),
(264, '35', '2', '71', '133', 'no', '2025-01-24 10:05:59', '2025-01-24 10:05:59', NULL),
(265, '35', '2', '71', '136', 'no', '2025-01-24 10:05:59', '2025-01-24 10:05:59', NULL),
(266, '35', '2', '71', '137', 'yes', '2025-01-24 10:05:59', '2025-01-28 04:11:14', NULL),
(267, '35', '2', '71', '138', 'no', '2025-01-24 10:05:59', '2025-01-24 10:05:59', NULL),
(268, '35', '2', '71', '140', 'no', '2025-01-24 10:05:59', '2025-01-24 10:05:59', NULL),
(269, '35', '2', '71', '144', 'yes', '2025-01-24 10:05:59', '2025-02-03 07:44:03', NULL),
(270, '35', '2', '71', '146', 'no', '2025-01-24 10:05:59', '2025-01-24 10:05:59', NULL),
(271, '35', '2', '71', '155', 'no', '2025-01-24 10:06:00', '2025-01-24 10:06:00', NULL),
(272, '35', '2', '71', '164', 'no', '2025-01-24 10:06:00', '2025-01-24 10:06:00', NULL),
(273, '35', '2', '71', '171', 'no', '2025-01-24 10:06:00', '2025-01-24 10:06:00', NULL),
(274, '35', '2', '71', '176', 'no', '2025-01-24 10:06:00', '2025-01-24 10:06:00', NULL),
(275, '35', '2', '71', '181', 'no', '2025-01-24 10:06:00', '2025-01-24 10:06:00', NULL),
(276, '35', '2', '71', '182', 'no', '2025-01-24 10:06:00', '2025-01-24 10:06:00', NULL),
(277, '35', '2', '71', '183', 'no', '2025-01-24 10:06:00', '2025-01-24 10:06:00', NULL),
(278, '35', '2', '71', '184', 'no', '2025-01-24 10:06:00', '2025-01-24 10:06:00', NULL),
(279, '36', '2', '1', '1', 'yes', '2025-01-24 11:29:35', '2025-02-17 03:54:36', NULL),
(280, '36', '2', '1', '3', 'yes', '2025-01-24 11:29:35', '2025-02-03 08:00:38', NULL),
(281, '36', '2', '1', '6', 'yes', '2025-01-24 11:29:35', '2025-02-13 09:48:07', NULL),
(282, '36', '2', '1', '48', 'yes', '2025-01-24 11:29:35', '2025-02-04 04:22:05', NULL),
(283, '36', '2', '1', '71', 'yes', '2025-01-24 11:29:35', '2025-02-03 04:52:20', NULL),
(284, '36', '2', '1', '72', 'no', '2025-01-24 11:29:35', '2025-01-24 11:29:35', NULL),
(285, '36', '2', '1', '132', 'no', '2025-01-24 11:29:35', '2025-01-24 11:29:35', NULL),
(286, '36', '2', '1', '133', 'no', '2025-01-24 11:29:35', '2025-01-24 11:29:35', NULL),
(287, '36', '2', '1', '136', 'no', '2025-01-24 11:29:35', '2025-01-24 11:29:35', NULL),
(288, '36', '2', '1', '137', 'yes', '2025-01-24 11:29:35', '2025-01-28 04:11:14', NULL),
(289, '36', '2', '1', '138', 'no', '2025-01-24 11:29:35', '2025-01-24 11:29:35', NULL),
(290, '36', '2', '1', '140', 'no', '2025-01-24 11:29:35', '2025-01-24 11:29:35', NULL),
(291, '36', '2', '1', '144', 'yes', '2025-01-24 11:29:35', '2025-02-03 07:44:03', NULL),
(292, '36', '2', '1', '146', 'no', '2025-01-24 11:29:35', '2025-01-24 11:29:35', NULL),
(293, '36', '2', '1', '155', 'no', '2025-01-24 11:29:35', '2025-01-24 11:29:35', NULL),
(294, '36', '2', '1', '164', 'no', '2025-01-24 11:29:35', '2025-01-24 11:29:35', NULL),
(295, '36', '2', '1', '171', 'no', '2025-01-24 11:29:35', '2025-01-24 11:29:35', NULL),
(296, '36', '2', '1', '176', 'no', '2025-01-24 11:29:35', '2025-01-24 11:29:35', NULL),
(297, '36', '2', '1', '181', 'no', '2025-01-24 11:29:35', '2025-01-24 11:29:35', NULL),
(298, '36', '2', '1', '182', 'no', '2025-01-24 11:29:35', '2025-01-24 11:29:35', NULL),
(299, '36', '2', '1', '183', 'no', '2025-01-24 11:29:35', '2025-01-24 11:29:35', NULL),
(300, '36', '2', '1', '184', 'no', '2025-01-24 11:29:35', '2025-01-24 11:29:35', NULL),
(301, '37', '2', '18', '1', 'yes', '2025-01-24 11:43:04', '2025-02-17 03:54:36', NULL),
(302, '37', '2', '18', '3', 'yes', '2025-01-24 11:43:04', '2025-02-03 08:00:38', NULL),
(303, '37', '2', '18', '6', 'yes', '2025-01-24 11:43:04', '2025-02-13 09:48:07', NULL),
(304, '37', '2', '18', '48', 'yes', '2025-01-24 11:43:04', '2025-02-04 04:22:05', NULL),
(305, '37', '2', '18', '71', 'yes', '2025-01-24 11:43:04', '2025-02-03 04:52:20', NULL),
(306, '37', '2', '18', '72', 'no', '2025-01-24 11:43:04', '2025-01-24 11:43:04', NULL),
(307, '37', '2', '18', '132', 'no', '2025-01-24 11:43:04', '2025-01-24 11:43:04', NULL),
(308, '37', '2', '18', '133', 'no', '2025-01-24 11:43:04', '2025-01-24 11:43:04', NULL),
(309, '37', '2', '18', '136', 'no', '2025-01-24 11:43:04', '2025-01-24 11:43:04', NULL),
(310, '37', '2', '18', '137', 'yes', '2025-01-24 11:43:04', '2025-01-28 04:11:14', NULL),
(311, '37', '2', '18', '138', 'no', '2025-01-24 11:43:04', '2025-01-24 11:43:04', NULL),
(312, '37', '2', '18', '140', 'no', '2025-01-24 11:43:04', '2025-01-24 11:43:04', NULL),
(313, '37', '2', '18', '144', 'yes', '2025-01-24 11:43:04', '2025-02-03 07:44:03', NULL),
(314, '37', '2', '18', '146', 'no', '2025-01-24 11:43:04', '2025-01-24 11:43:04', NULL),
(315, '37', '2', '18', '155', 'no', '2025-01-24 11:43:04', '2025-01-24 11:43:04', NULL),
(316, '37', '2', '18', '164', 'no', '2025-01-24 11:43:04', '2025-01-24 11:43:04', NULL),
(317, '37', '2', '18', '171', 'no', '2025-01-24 11:43:04', '2025-01-24 11:43:04', NULL),
(318, '37', '2', '18', '176', 'no', '2025-01-24 11:43:04', '2025-01-24 11:43:04', NULL),
(319, '37', '2', '18', '181', 'no', '2025-01-24 11:43:04', '2025-01-24 11:43:04', NULL),
(320, '37', '2', '18', '182', 'no', '2025-01-24 11:43:04', '2025-01-24 11:43:04', NULL),
(321, '37', '2', '18', '183', 'no', '2025-01-24 11:43:04', '2025-01-24 11:43:04', NULL),
(322, '37', '2', '18', '184', 'no', '2025-01-24 11:43:04', '2025-01-24 11:43:04', NULL),
(323, '38', '1', '71', '1', 'yes', '2025-01-24 11:54:08', '2025-02-21 06:05:56', NULL),
(324, '38', '1', '71', '3', 'yes', '2025-01-24 11:54:08', '2025-02-03 04:46:02', NULL),
(325, '38', '1', '71', '4', 'yes', '2025-01-24 11:54:08', '2025-01-31 05:02:10', NULL),
(326, '38', '1', '71', '18', 'yes', '2025-01-24 11:54:08', '2025-02-04 04:07:38', NULL),
(327, '38', '1', '71', '48', 'yes', '2025-01-24 11:54:08', '2025-02-04 04:22:18', NULL),
(328, '38', '1', '71', '71', 'yes', '2025-01-24 11:54:08', '2025-02-03 05:13:54', NULL),
(329, '38', '1', '71', '130', 'no', '2025-01-24 11:54:08', '2025-01-24 11:54:08', NULL),
(330, '38', '1', '71', '142', 'no', '2025-01-24 11:54:08', '2025-01-24 11:54:08', NULL),
(331, '38', '1', '71', '143', 'no', '2025-01-24 11:54:08', '2025-01-24 11:54:08', NULL),
(332, '38', '1', '71', '145', 'no', '2025-01-24 11:54:08', '2025-01-24 11:54:08', NULL),
(333, '38', '1', '71', '148', 'no', '2025-01-24 11:54:08', '2025-01-24 11:54:08', NULL),
(334, '38', '1', '71', '150', 'no', '2025-01-24 11:54:08', '2025-01-24 11:54:08', NULL),
(335, '38', '1', '71', '156', 'no', '2025-01-24 11:54:09', '2025-01-24 11:54:09', NULL),
(336, '38', '1', '71', '158', 'no', '2025-01-24 11:54:09', '2025-01-24 11:54:09', NULL),
(337, '39', '1', '3', '1', 'yes', '2025-01-24 11:55:16', '2025-02-21 06:05:56', NULL),
(338, '39', '1', '3', '3', 'yes', '2025-01-24 11:55:16', '2025-02-03 04:46:02', NULL),
(339, '39', '1', '3', '4', 'yes', '2025-01-24 11:55:16', '2025-01-31 05:02:10', NULL),
(340, '39', '1', '3', '18', 'yes', '2025-01-24 11:55:16', '2025-02-04 04:07:38', NULL),
(341, '39', '1', '3', '48', 'yes', '2025-01-24 11:55:16', '2025-02-04 04:22:18', NULL),
(342, '39', '1', '3', '71', 'yes', '2025-01-24 11:55:16', '2025-02-03 05:13:54', NULL),
(343, '39', '1', '3', '130', 'no', '2025-01-24 11:55:16', '2025-01-24 11:55:16', NULL),
(344, '39', '1', '3', '142', 'no', '2025-01-24 11:55:16', '2025-01-24 11:55:16', NULL),
(345, '39', '1', '3', '143', 'no', '2025-01-24 11:55:16', '2025-01-24 11:55:16', NULL),
(346, '39', '1', '3', '145', 'no', '2025-01-24 11:55:16', '2025-01-24 11:55:16', NULL),
(347, '39', '1', '3', '148', 'no', '2025-01-24 11:55:16', '2025-01-24 11:55:16', NULL),
(348, '39', '1', '3', '150', 'no', '2025-01-24 11:55:16', '2025-01-24 11:55:16', NULL),
(349, '39', '1', '3', '156', 'no', '2025-01-24 11:55:16', '2025-01-24 11:55:16', NULL),
(350, '39', '1', '3', '158', 'no', '2025-01-24 11:55:16', '2025-01-24 11:55:16', NULL),
(351, '40', '2', '18', '1', 'yes', '2025-01-24 12:28:40', '2025-02-17 03:54:36', NULL),
(352, '40', '2', '18', '3', 'yes', '2025-01-24 12:28:40', '2025-02-03 08:00:38', NULL),
(353, '40', '2', '18', '6', 'yes', '2025-01-24 12:28:40', '2025-02-13 09:48:07', NULL),
(354, '40', '2', '18', '48', 'yes', '2025-01-24 12:28:40', '2025-02-04 04:22:05', NULL),
(355, '40', '2', '18', '71', 'yes', '2025-01-24 12:28:40', '2025-02-03 04:52:20', NULL),
(356, '40', '2', '18', '72', 'no', '2025-01-24 12:28:40', '2025-01-24 12:28:40', NULL),
(357, '40', '2', '18', '132', 'no', '2025-01-24 12:28:40', '2025-01-24 12:28:40', NULL),
(358, '40', '2', '18', '133', 'no', '2025-01-24 12:28:40', '2025-01-24 12:28:40', NULL),
(359, '40', '2', '18', '136', 'no', '2025-01-24 12:28:40', '2025-01-24 12:28:40', NULL),
(360, '40', '2', '18', '137', 'yes', '2025-01-24 12:28:40', '2025-01-28 04:11:14', NULL),
(361, '40', '2', '18', '138', 'no', '2025-01-24 12:28:40', '2025-01-24 12:28:40', NULL),
(362, '40', '2', '18', '140', 'no', '2025-01-24 12:28:40', '2025-01-24 12:28:40', NULL),
(363, '40', '2', '18', '144', 'yes', '2025-01-24 12:28:40', '2025-02-03 07:44:03', NULL),
(364, '40', '2', '18', '146', 'no', '2025-01-24 12:28:40', '2025-01-24 12:28:40', NULL),
(365, '40', '2', '18', '155', 'no', '2025-01-24 12:28:40', '2025-01-24 12:28:40', NULL),
(366, '40', '2', '18', '164', 'no', '2025-01-24 12:28:40', '2025-01-24 12:28:40', NULL),
(367, '40', '2', '18', '171', 'no', '2025-01-24 12:28:40', '2025-01-24 12:28:40', NULL),
(368, '40', '2', '18', '176', 'no', '2025-01-24 12:28:40', '2025-01-24 12:28:40', NULL),
(369, '40', '2', '18', '181', 'no', '2025-01-24 12:28:40', '2025-01-24 12:28:40', NULL),
(370, '40', '2', '18', '182', 'no', '2025-01-24 12:28:40', '2025-01-24 12:28:40', NULL),
(371, '40', '2', '18', '183', 'no', '2025-01-24 12:28:40', '2025-01-24 12:28:40', NULL),
(372, '40', '2', '18', '184', 'no', '2025-01-24 12:28:40', '2025-01-24 12:28:40', NULL),
(373, '41', '2', '18', '1', 'yes', '2025-01-24 12:29:29', '2025-02-17 03:54:36', NULL),
(374, '41', '2', '18', '3', 'yes', '2025-01-24 12:29:29', '2025-02-03 08:00:38', NULL),
(375, '41', '2', '18', '6', 'yes', '2025-01-24 12:29:29', '2025-02-13 09:48:07', NULL),
(376, '41', '2', '18', '48', 'yes', '2025-01-24 12:29:29', '2025-02-04 04:22:05', NULL),
(377, '41', '2', '18', '71', 'yes', '2025-01-24 12:29:29', '2025-02-03 04:52:20', NULL),
(378, '41', '2', '18', '72', 'no', '2025-01-24 12:29:29', '2025-01-24 12:29:29', NULL),
(379, '41', '2', '18', '132', 'no', '2025-01-24 12:29:29', '2025-01-24 12:29:29', NULL),
(380, '41', '2', '18', '133', 'no', '2025-01-24 12:29:29', '2025-01-24 12:29:29', NULL),
(381, '41', '2', '18', '136', 'no', '2025-01-24 12:29:29', '2025-01-24 12:29:29', NULL),
(382, '41', '2', '18', '137', 'yes', '2025-01-24 12:29:29', '2025-01-28 04:11:14', NULL),
(383, '41', '2', '18', '138', 'no', '2025-01-24 12:29:29', '2025-01-24 12:29:29', NULL),
(384, '41', '2', '18', '140', 'no', '2025-01-24 12:29:29', '2025-01-24 12:29:29', NULL),
(385, '41', '2', '18', '144', 'yes', '2025-01-24 12:29:29', '2025-02-03 07:44:03', NULL),
(386, '41', '2', '18', '146', 'no', '2025-01-24 12:29:29', '2025-01-24 12:29:29', NULL),
(387, '41', '2', '18', '155', 'no', '2025-01-24 12:29:29', '2025-01-24 12:29:29', NULL),
(388, '41', '2', '18', '164', 'no', '2025-01-24 12:29:29', '2025-01-24 12:29:29', NULL),
(389, '41', '2', '18', '171', 'no', '2025-01-24 12:29:30', '2025-01-24 12:29:30', NULL),
(390, '41', '2', '18', '176', 'no', '2025-01-24 12:29:30', '2025-01-24 12:29:30', NULL),
(391, '41', '2', '18', '181', 'no', '2025-01-24 12:29:30', '2025-01-24 12:29:30', NULL),
(392, '41', '2', '18', '182', 'no', '2025-01-24 12:29:30', '2025-01-24 12:29:30', NULL),
(393, '41', '2', '18', '183', 'no', '2025-01-24 12:29:30', '2025-01-24 12:29:30', NULL),
(394, '41', '2', '18', '184', 'no', '2025-01-24 12:29:30', '2025-01-24 12:29:30', NULL),
(395, '42', '2', '18', '1', 'yes', '2025-01-24 12:30:11', '2025-02-17 03:54:36', NULL),
(396, '42', '2', '18', '3', 'yes', '2025-01-24 12:30:11', '2025-02-03 08:00:38', NULL),
(397, '42', '2', '18', '6', 'yes', '2025-01-24 12:30:11', '2025-02-13 09:48:07', NULL),
(398, '42', '2', '18', '48', 'yes', '2025-01-24 12:30:11', '2025-02-04 04:22:05', NULL),
(399, '42', '2', '18', '71', 'yes', '2025-01-24 12:30:11', '2025-02-03 04:52:20', NULL),
(400, '42', '2', '18', '72', 'no', '2025-01-24 12:30:11', '2025-01-24 12:30:11', NULL),
(401, '42', '2', '18', '132', 'no', '2025-01-24 12:30:11', '2025-01-24 12:30:11', NULL),
(402, '42', '2', '18', '133', 'no', '2025-01-24 12:30:11', '2025-01-24 12:30:11', NULL),
(403, '42', '2', '18', '136', 'no', '2025-01-24 12:30:11', '2025-01-24 12:30:11', NULL),
(404, '42', '2', '18', '137', 'yes', '2025-01-24 12:30:11', '2025-01-28 04:11:14', NULL),
(405, '42', '2', '18', '138', 'no', '2025-01-24 12:30:11', '2025-01-24 12:30:11', NULL),
(406, '42', '2', '18', '140', 'no', '2025-01-24 12:30:11', '2025-01-24 12:30:11', NULL),
(407, '42', '2', '18', '144', 'yes', '2025-01-24 12:30:11', '2025-02-03 07:44:03', NULL),
(408, '42', '2', '18', '146', 'no', '2025-01-24 12:30:11', '2025-01-24 12:30:11', NULL),
(409, '42', '2', '18', '155', 'no', '2025-01-24 12:30:11', '2025-01-24 12:30:11', NULL),
(410, '42', '2', '18', '164', 'no', '2025-01-24 12:30:11', '2025-01-24 12:30:11', NULL),
(411, '42', '2', '18', '171', 'no', '2025-01-24 12:30:11', '2025-01-24 12:30:11', NULL),
(412, '42', '2', '18', '176', 'no', '2025-01-24 12:30:11', '2025-01-24 12:30:11', NULL),
(413, '42', '2', '18', '181', 'no', '2025-01-24 12:30:11', '2025-01-24 12:30:11', NULL),
(414, '42', '2', '18', '182', 'no', '2025-01-24 12:30:11', '2025-01-24 12:30:11', NULL),
(415, '42', '2', '18', '183', 'no', '2025-01-24 12:30:11', '2025-01-24 12:30:11', NULL),
(416, '42', '2', '18', '184', 'no', '2025-01-24 12:30:11', '2025-01-24 12:30:11', NULL),
(417, '43', '2', '1', '1', 'yes', '2025-01-24 12:30:53', '2025-02-17 03:54:36', NULL),
(418, '43', '2', '1', '3', 'yes', '2025-01-24 12:30:53', '2025-02-03 08:00:38', NULL),
(419, '43', '2', '1', '6', 'yes', '2025-01-24 12:30:53', '2025-02-13 09:48:07', NULL),
(420, '43', '2', '1', '48', 'yes', '2025-01-24 12:30:53', '2025-02-04 04:22:05', NULL),
(421, '43', '2', '1', '71', 'yes', '2025-01-24 12:30:53', '2025-02-03 04:52:20', NULL),
(422, '43', '2', '1', '72', 'no', '2025-01-24 12:30:54', '2025-01-24 12:30:54', NULL),
(423, '43', '2', '1', '132', 'no', '2025-01-24 12:30:54', '2025-01-24 12:30:54', NULL),
(424, '43', '2', '1', '133', 'no', '2025-01-24 12:30:54', '2025-01-24 12:30:54', NULL),
(425, '43', '2', '1', '136', 'no', '2025-01-24 12:30:54', '2025-01-24 12:30:54', NULL),
(426, '43', '2', '1', '137', 'yes', '2025-01-24 12:30:54', '2025-01-28 04:11:14', NULL),
(427, '43', '2', '1', '138', 'no', '2025-01-24 12:30:54', '2025-01-24 12:30:54', NULL),
(428, '43', '2', '1', '140', 'no', '2025-01-24 12:30:54', '2025-01-24 12:30:54', NULL),
(429, '43', '2', '1', '144', 'yes', '2025-01-24 12:30:54', '2025-02-03 07:44:03', NULL),
(430, '43', '2', '1', '146', 'no', '2025-01-24 12:30:54', '2025-01-24 12:30:54', NULL),
(431, '43', '2', '1', '155', 'no', '2025-01-24 12:30:54', '2025-01-24 12:30:54', NULL),
(432, '43', '2', '1', '164', 'no', '2025-01-24 12:30:54', '2025-01-24 12:30:54', NULL),
(433, '43', '2', '1', '171', 'no', '2025-01-24 12:30:54', '2025-01-24 12:30:54', NULL),
(434, '43', '2', '1', '176', 'no', '2025-01-24 12:30:54', '2025-01-24 12:30:54', NULL),
(435, '43', '2', '1', '181', 'no', '2025-01-24 12:30:54', '2025-01-24 12:30:54', NULL),
(436, '43', '2', '1', '182', 'no', '2025-01-24 12:30:54', '2025-01-24 12:30:54', NULL),
(437, '43', '2', '1', '183', 'no', '2025-01-24 12:30:54', '2025-01-24 12:30:54', NULL),
(438, '43', '2', '1', '184', 'no', '2025-01-24 12:30:54', '2025-01-24 12:30:54', NULL),
(439, '44', '2', '1', '3', 'yes', '2025-01-24 12:32:20', '2025-02-03 08:00:38', NULL),
(440, '44', '2', '1', '6', 'yes', '2025-01-24 12:32:20', '2025-02-13 09:48:07', NULL),
(441, '44', '2', '1', '48', 'yes', '2025-01-24 12:32:20', '2025-02-04 04:22:05', NULL),
(442, '44', '2', '1', '71', 'yes', '2025-01-24 12:32:20', '2025-02-03 04:52:20', NULL),
(443, '44', '2', '1', '72', 'no', '2025-01-24 12:32:20', '2025-01-24 12:32:20', NULL),
(444, '44', '2', '1', '132', 'no', '2025-01-24 12:32:20', '2025-01-24 12:32:20', NULL),
(445, '44', '2', '1', '133', 'no', '2025-01-24 12:32:20', '2025-01-24 12:32:20', NULL),
(446, '44', '2', '1', '136', 'no', '2025-01-24 12:32:20', '2025-01-24 12:32:20', NULL),
(447, '44', '2', '1', '137', 'yes', '2025-01-24 12:32:20', '2025-01-28 04:11:14', NULL),
(448, '44', '2', '1', '138', 'no', '2025-01-24 12:32:20', '2025-01-24 12:32:20', NULL),
(449, '44', '2', '1', '140', 'no', '2025-01-24 12:32:20', '2025-01-24 12:32:20', NULL),
(450, '44', '2', '1', '144', 'yes', '2025-01-24 12:32:20', '2025-02-03 07:44:03', NULL),
(451, '44', '2', '1', '146', 'no', '2025-01-24 12:32:20', '2025-01-24 12:32:20', NULL),
(452, '44', '2', '1', '155', 'no', '2025-01-24 12:32:20', '2025-01-24 12:32:20', NULL),
(453, '44', '2', '1', '164', 'no', '2025-01-24 12:32:20', '2025-01-24 12:32:20', NULL),
(454, '44', '2', '1', '171', 'no', '2025-01-24 12:32:20', '2025-01-24 12:32:20', NULL),
(455, '44', '2', '1', '176', 'no', '2025-01-24 12:32:20', '2025-01-24 12:32:20', NULL),
(456, '44', '2', '1', '181', 'no', '2025-01-24 12:32:20', '2025-01-24 12:32:20', NULL),
(457, '44', '2', '1', '182', 'no', '2025-01-24 12:32:20', '2025-01-24 12:32:20', NULL),
(458, '44', '2', '1', '183', 'no', '2025-01-24 12:32:20', '2025-01-24 12:32:20', NULL),
(459, '44', '2', '1', '184', 'no', '2025-01-24 12:32:20', '2025-01-24 12:32:20', NULL),
(460, '45', '2', '1', '3', 'yes', '2025-01-24 12:32:32', '2025-02-03 08:00:38', NULL),
(461, '45', '2', '1', '6', 'yes', '2025-01-24 12:32:32', '2025-02-13 09:48:07', NULL),
(462, '45', '2', '1', '48', 'yes', '2025-01-24 12:32:32', '2025-02-04 04:22:05', NULL),
(463, '45', '2', '1', '71', 'yes', '2025-01-24 12:32:32', '2025-02-03 04:52:20', NULL),
(464, '45', '2', '1', '72', 'no', '2025-01-24 12:32:32', '2025-01-24 12:32:32', NULL),
(465, '45', '2', '1', '132', 'no', '2025-01-24 12:32:32', '2025-01-24 12:32:32', NULL),
(466, '45', '2', '1', '133', 'no', '2025-01-24 12:32:32', '2025-01-24 12:32:32', NULL),
(467, '45', '2', '1', '136', 'no', '2025-01-24 12:32:32', '2025-01-24 12:32:32', NULL),
(468, '45', '2', '1', '137', 'yes', '2025-01-24 12:32:32', '2025-01-28 04:11:14', NULL),
(469, '45', '2', '1', '138', 'no', '2025-01-24 12:32:32', '2025-01-24 12:32:32', NULL),
(470, '45', '2', '1', '140', 'no', '2025-01-24 12:32:32', '2025-01-24 12:32:32', NULL),
(471, '45', '2', '1', '144', 'yes', '2025-01-24 12:32:32', '2025-02-03 07:44:03', NULL),
(472, '45', '2', '1', '146', 'no', '2025-01-24 12:32:32', '2025-01-24 12:32:32', NULL),
(473, '45', '2', '1', '155', 'no', '2025-01-24 12:32:32', '2025-01-24 12:32:32', NULL),
(474, '45', '2', '1', '164', 'no', '2025-01-24 12:32:32', '2025-01-24 12:32:32', NULL),
(475, '45', '2', '1', '171', 'no', '2025-01-24 12:32:32', '2025-01-24 12:32:32', NULL),
(476, '45', '2', '1', '176', 'no', '2025-01-24 12:32:32', '2025-01-24 12:32:32', NULL),
(477, '45', '2', '1', '181', 'no', '2025-01-24 12:32:32', '2025-01-24 12:32:32', NULL),
(478, '45', '2', '1', '182', 'no', '2025-01-24 12:32:32', '2025-01-24 12:32:32', NULL),
(479, '45', '2', '1', '183', 'no', '2025-01-24 12:32:32', '2025-01-24 12:32:32', NULL),
(480, '45', '2', '1', '184', 'no', '2025-01-24 12:32:32', '2025-01-24 12:32:32', NULL),
(481, '46', '2', '18', '1', 'yes', '2025-01-24 13:11:11', '2025-02-17 03:54:36', NULL),
(482, '46', '2', '18', '3', 'yes', '2025-01-24 13:11:11', '2025-02-03 08:00:38', NULL),
(483, '46', '2', '18', '6', 'yes', '2025-01-24 13:11:11', '2025-02-13 09:48:07', NULL),
(484, '46', '2', '18', '48', 'yes', '2025-01-24 13:11:11', '2025-02-04 04:22:05', NULL),
(485, '46', '2', '18', '71', 'yes', '2025-01-24 13:11:11', '2025-02-03 04:52:20', NULL),
(486, '46', '2', '18', '72', 'no', '2025-01-24 13:11:11', '2025-01-24 13:11:11', NULL),
(487, '46', '2', '18', '132', 'no', '2025-01-24 13:11:11', '2025-01-24 13:11:11', NULL),
(488, '46', '2', '18', '133', 'no', '2025-01-24 13:11:11', '2025-01-24 13:11:11', NULL),
(489, '46', '2', '18', '136', 'no', '2025-01-24 13:11:11', '2025-01-24 13:11:11', NULL),
(490, '46', '2', '18', '137', 'yes', '2025-01-24 13:11:11', '2025-01-28 04:11:14', NULL),
(491, '46', '2', '18', '138', 'no', '2025-01-24 13:11:11', '2025-01-24 13:11:11', NULL),
(492, '46', '2', '18', '140', 'no', '2025-01-24 13:11:11', '2025-01-24 13:11:11', NULL),
(493, '46', '2', '18', '144', 'yes', '2025-01-24 13:11:11', '2025-02-03 07:44:03', NULL),
(494, '46', '2', '18', '146', 'no', '2025-01-24 13:11:11', '2025-01-24 13:11:11', NULL),
(495, '46', '2', '18', '155', 'no', '2025-01-24 13:11:11', '2025-01-24 13:11:11', NULL),
(496, '46', '2', '18', '164', 'no', '2025-01-24 13:11:11', '2025-01-24 13:11:11', NULL),
(497, '46', '2', '18', '171', 'no', '2025-01-24 13:11:11', '2025-01-24 13:11:11', NULL),
(498, '46', '2', '18', '176', 'no', '2025-01-24 13:11:11', '2025-01-24 13:11:11', NULL),
(499, '46', '2', '18', '181', 'no', '2025-01-24 13:11:11', '2025-01-24 13:11:11', NULL),
(500, '46', '2', '18', '182', 'no', '2025-01-24 13:11:11', '2025-01-24 13:11:11', NULL),
(501, '46', '2', '18', '183', 'no', '2025-01-24 13:11:11', '2025-01-24 13:11:11', NULL),
(502, '46', '2', '18', '184', 'no', '2025-01-24 13:11:11', '2025-01-24 13:11:11', NULL),
(503, '47', '2', '18', '1', 'yes', '2025-01-24 13:17:15', '2025-02-17 03:54:36', NULL),
(504, '47', '2', '18', '3', 'yes', '2025-01-24 13:17:15', '2025-02-03 08:00:38', NULL),
(505, '47', '2', '18', '6', 'yes', '2025-01-24 13:17:15', '2025-02-13 09:48:07', NULL),
(506, '47', '2', '18', '48', 'yes', '2025-01-24 13:17:15', '2025-02-04 04:22:05', NULL),
(507, '47', '2', '18', '71', 'yes', '2025-01-24 13:17:15', '2025-02-03 04:52:20', NULL),
(508, '47', '2', '18', '72', 'no', '2025-01-24 13:17:15', '2025-01-24 13:17:15', NULL),
(509, '47', '2', '18', '132', 'no', '2025-01-24 13:17:15', '2025-01-24 13:17:15', NULL),
(510, '47', '2', '18', '133', 'no', '2025-01-24 13:17:15', '2025-01-24 13:17:15', NULL),
(511, '47', '2', '18', '136', 'no', '2025-01-24 13:17:15', '2025-01-24 13:17:15', NULL),
(512, '47', '2', '18', '137', 'yes', '2025-01-24 13:17:15', '2025-01-28 04:11:14', NULL),
(513, '47', '2', '18', '138', 'no', '2025-01-24 13:17:15', '2025-01-24 13:17:15', NULL),
(514, '47', '2', '18', '140', 'no', '2025-01-24 13:17:15', '2025-01-24 13:17:15', NULL),
(515, '47', '2', '18', '144', 'yes', '2025-01-24 13:17:15', '2025-02-03 07:44:03', NULL),
(516, '47', '2', '18', '146', 'no', '2025-01-24 13:17:15', '2025-01-24 13:17:15', NULL),
(517, '47', '2', '18', '155', 'no', '2025-01-24 13:17:15', '2025-01-24 13:17:15', NULL),
(518, '47', '2', '18', '164', 'no', '2025-01-24 13:17:15', '2025-01-24 13:17:15', NULL),
(519, '47', '2', '18', '171', 'no', '2025-01-24 13:17:15', '2025-01-24 13:17:15', NULL),
(520, '47', '2', '18', '176', 'no', '2025-01-24 13:17:16', '2025-01-24 13:17:16', NULL),
(521, '47', '2', '18', '181', 'no', '2025-01-24 13:17:16', '2025-01-24 13:17:16', NULL),
(522, '47', '2', '18', '182', 'no', '2025-01-24 13:17:16', '2025-01-24 13:17:16', NULL),
(523, '47', '2', '18', '183', 'no', '2025-01-24 13:17:16', '2025-01-24 13:17:16', NULL),
(524, '47', '2', '18', '184', 'no', '2025-01-24 13:17:16', '2025-01-24 13:17:16', NULL),
(525, '48', '2', '1', '3', 'yes', '2025-01-24 13:30:54', '2025-02-03 08:00:38', NULL),
(526, '48', '2', '1', '6', 'yes', '2025-01-24 13:30:54', '2025-02-13 09:48:07', NULL),
(527, '48', '2', '1', '48', 'yes', '2025-01-24 13:30:54', '2025-02-04 04:22:05', NULL),
(528, '48', '2', '1', '71', 'yes', '2025-01-24 13:30:54', '2025-02-03 04:52:20', NULL),
(529, '48', '2', '1', '72', 'no', '2025-01-24 13:30:54', '2025-01-24 13:30:54', NULL),
(530, '48', '2', '1', '132', 'no', '2025-01-24 13:30:54', '2025-01-24 13:30:54', NULL),
(531, '48', '2', '1', '133', 'no', '2025-01-24 13:30:54', '2025-01-24 13:30:54', NULL),
(532, '48', '2', '1', '136', 'no', '2025-01-24 13:30:54', '2025-01-24 13:30:54', NULL),
(533, '48', '2', '1', '137', 'yes', '2025-01-24 13:30:54', '2025-01-28 04:11:14', NULL),
(534, '48', '2', '1', '138', 'no', '2025-01-24 13:30:54', '2025-01-24 13:30:54', NULL),
(535, '48', '2', '1', '140', 'no', '2025-01-24 13:30:55', '2025-01-24 13:30:55', NULL),
(536, '48', '2', '1', '144', 'yes', '2025-01-24 13:30:55', '2025-02-03 07:44:03', NULL),
(537, '48', '2', '1', '146', 'no', '2025-01-24 13:30:55', '2025-01-24 13:30:55', NULL),
(538, '48', '2', '1', '155', 'no', '2025-01-24 13:30:55', '2025-01-24 13:30:55', NULL),
(539, '48', '2', '1', '164', 'no', '2025-01-24 13:30:55', '2025-01-24 13:30:55', NULL),
(540, '48', '2', '1', '171', 'no', '2025-01-24 13:30:55', '2025-01-24 13:30:55', NULL),
(541, '48', '2', '1', '176', 'no', '2025-01-24 13:30:55', '2025-01-24 13:30:55', NULL),
(542, '48', '2', '1', '181', 'no', '2025-01-24 13:30:55', '2025-01-24 13:30:55', NULL),
(543, '48', '2', '1', '182', 'no', '2025-01-24 13:30:55', '2025-01-24 13:30:55', NULL),
(544, '48', '2', '1', '183', 'no', '2025-01-24 13:30:55', '2025-01-24 13:30:55', NULL),
(545, '48', '2', '1', '184', 'no', '2025-01-24 13:30:55', '2025-01-24 13:30:55', NULL),
(546, '49', '2', '18', '1', 'yes', '2025-01-24 13:32:21', '2025-02-17 03:54:36', NULL),
(547, '49', '2', '18', '3', 'yes', '2025-01-24 13:32:21', '2025-02-03 08:00:38', NULL),
(548, '49', '2', '18', '6', 'yes', '2025-01-24 13:32:22', '2025-02-13 09:48:07', NULL),
(549, '49', '2', '18', '48', 'yes', '2025-01-24 13:32:22', '2025-02-04 04:22:05', NULL),
(550, '49', '2', '18', '71', 'yes', '2025-01-24 13:32:22', '2025-02-03 04:52:20', NULL),
(551, '49', '2', '18', '72', 'no', '2025-01-24 13:32:22', '2025-01-24 13:32:22', NULL),
(552, '49', '2', '18', '132', 'no', '2025-01-24 13:32:22', '2025-01-24 13:32:22', NULL),
(553, '49', '2', '18', '133', 'no', '2025-01-24 13:32:22', '2025-01-24 13:32:22', NULL),
(554, '49', '2', '18', '136', 'no', '2025-01-24 13:32:22', '2025-01-24 13:32:22', NULL),
(555, '49', '2', '18', '137', 'yes', '2025-01-24 13:32:22', '2025-01-28 04:11:14', NULL),
(556, '49', '2', '18', '138', 'no', '2025-01-24 13:32:22', '2025-01-24 13:32:22', NULL),
(557, '49', '2', '18', '140', 'no', '2025-01-24 13:32:22', '2025-01-24 13:32:22', NULL),
(558, '49', '2', '18', '144', 'yes', '2025-01-24 13:32:22', '2025-02-03 07:44:03', NULL),
(559, '49', '2', '18', '146', 'no', '2025-01-24 13:32:22', '2025-01-24 13:32:22', NULL),
(560, '49', '2', '18', '155', 'no', '2025-01-24 13:32:22', '2025-01-24 13:32:22', NULL),
(561, '49', '2', '18', '164', 'no', '2025-01-24 13:32:22', '2025-01-24 13:32:22', NULL),
(562, '49', '2', '18', '171', 'no', '2025-01-24 13:32:22', '2025-01-24 13:32:22', NULL),
(563, '49', '2', '18', '176', 'no', '2025-01-24 13:32:22', '2025-01-24 13:32:22', NULL),
(564, '49', '2', '18', '181', 'no', '2025-01-24 13:32:22', '2025-01-24 13:32:22', NULL),
(565, '49', '2', '18', '182', 'no', '2025-01-24 13:32:22', '2025-01-24 13:32:22', NULL),
(566, '49', '2', '18', '183', 'no', '2025-01-24 13:32:22', '2025-01-24 13:32:22', NULL),
(567, '49', '2', '18', '184', 'no', '2025-01-24 13:32:22', '2025-01-24 13:32:22', NULL),
(568, '50', '2', '18', '1', 'yes', '2025-01-24 13:34:46', '2025-02-17 03:54:36', NULL),
(569, '50', '2', '18', '3', 'yes', '2025-01-24 13:34:46', '2025-02-03 08:00:38', NULL),
(570, '50', '2', '18', '6', 'yes', '2025-01-24 13:34:46', '2025-02-13 09:48:07', NULL),
(571, '50', '2', '18', '48', 'yes', '2025-01-24 13:34:46', '2025-02-04 04:22:05', NULL),
(572, '50', '2', '18', '71', 'yes', '2025-01-24 13:34:46', '2025-02-03 04:52:20', NULL),
(573, '50', '2', '18', '72', 'no', '2025-01-24 13:34:46', '2025-01-24 13:34:46', NULL),
(574, '50', '2', '18', '132', 'no', '2025-01-24 13:34:46', '2025-01-24 13:34:46', NULL),
(575, '50', '2', '18', '133', 'no', '2025-01-24 13:34:46', '2025-01-24 13:34:46', NULL),
(576, '50', '2', '18', '136', 'no', '2025-01-24 13:34:46', '2025-01-24 13:34:46', NULL),
(577, '50', '2', '18', '137', 'yes', '2025-01-24 13:34:46', '2025-01-28 04:11:14', NULL),
(578, '50', '2', '18', '138', 'no', '2025-01-24 13:34:46', '2025-01-24 13:34:46', NULL);
INSERT INTO `group_messages` (`id`, `message_id`, `team_id`, `sender_id`, `receiver_id`, `is_read`, `created_at`, `updated_at`, `deleted_at`) VALUES
(579, '50', '2', '18', '140', 'no', '2025-01-24 13:34:46', '2025-01-24 13:34:46', NULL),
(580, '50', '2', '18', '144', 'yes', '2025-01-24 13:34:46', '2025-02-03 07:44:03', NULL),
(581, '50', '2', '18', '146', 'no', '2025-01-24 13:34:46', '2025-01-24 13:34:46', NULL),
(582, '50', '2', '18', '155', 'no', '2025-01-24 13:34:46', '2025-01-24 13:34:46', NULL),
(583, '50', '2', '18', '164', 'no', '2025-01-24 13:34:46', '2025-01-24 13:34:46', NULL),
(584, '50', '2', '18', '171', 'no', '2025-01-24 13:34:46', '2025-01-24 13:34:46', NULL),
(585, '50', '2', '18', '176', 'no', '2025-01-24 13:34:46', '2025-01-24 13:34:46', NULL),
(586, '50', '2', '18', '181', 'no', '2025-01-24 13:34:46', '2025-01-24 13:34:46', NULL),
(587, '50', '2', '18', '182', 'no', '2025-01-24 13:34:46', '2025-01-24 13:34:46', NULL),
(588, '50', '2', '18', '183', 'no', '2025-01-24 13:34:46', '2025-01-24 13:34:46', NULL),
(589, '50', '2', '18', '184', 'no', '2025-01-24 13:34:46', '2025-01-24 13:34:46', NULL),
(590, '51', '2', '18', '1', 'yes', '2025-01-24 13:39:35', '2025-02-17 03:54:36', NULL),
(591, '51', '2', '18', '3', 'yes', '2025-01-24 13:39:35', '2025-02-03 08:00:38', NULL),
(592, '51', '2', '18', '6', 'yes', '2025-01-24 13:39:35', '2025-02-13 09:48:07', NULL),
(593, '51', '2', '18', '48', 'yes', '2025-01-24 13:39:35', '2025-02-04 04:22:05', NULL),
(594, '51', '2', '18', '71', 'yes', '2025-01-24 13:39:35', '2025-02-03 04:52:20', NULL),
(595, '51', '2', '18', '72', 'no', '2025-01-24 13:39:35', '2025-01-24 13:39:35', NULL),
(596, '51', '2', '18', '132', 'no', '2025-01-24 13:39:35', '2025-01-24 13:39:35', NULL),
(597, '51', '2', '18', '133', 'no', '2025-01-24 13:39:35', '2025-01-24 13:39:35', NULL),
(598, '51', '2', '18', '136', 'no', '2025-01-24 13:39:35', '2025-01-24 13:39:35', NULL),
(599, '51', '2', '18', '137', 'yes', '2025-01-24 13:39:35', '2025-01-28 04:11:14', NULL),
(600, '51', '2', '18', '138', 'no', '2025-01-24 13:39:35', '2025-01-24 13:39:35', NULL),
(601, '51', '2', '18', '140', 'no', '2025-01-24 13:39:35', '2025-01-24 13:39:35', NULL),
(602, '51', '2', '18', '144', 'yes', '2025-01-24 13:39:35', '2025-02-03 07:44:03', NULL),
(603, '51', '2', '18', '146', 'no', '2025-01-24 13:39:35', '2025-01-24 13:39:35', NULL),
(604, '51', '2', '18', '155', 'no', '2025-01-24 13:39:35', '2025-01-24 13:39:35', NULL),
(605, '51', '2', '18', '164', 'no', '2025-01-24 13:39:35', '2025-01-24 13:39:35', NULL),
(606, '51', '2', '18', '171', 'no', '2025-01-24 13:39:35', '2025-01-24 13:39:35', NULL),
(607, '51', '2', '18', '176', 'no', '2025-01-24 13:39:35', '2025-01-24 13:39:35', NULL),
(608, '51', '2', '18', '181', 'no', '2025-01-24 13:39:35', '2025-01-24 13:39:35', NULL),
(609, '51', '2', '18', '182', 'no', '2025-01-24 13:39:35', '2025-01-24 13:39:35', NULL),
(610, '51', '2', '18', '183', 'no', '2025-01-24 13:39:35', '2025-01-24 13:39:35', NULL),
(611, '51', '2', '18', '184', 'no', '2025-01-24 13:39:35', '2025-01-24 13:39:35', NULL),
(612, '52', '2', '1', '3', 'yes', '2025-01-24 14:10:09', '2025-02-03 08:00:38', NULL),
(613, '52', '2', '1', '6', 'yes', '2025-01-24 14:10:09', '2025-02-13 09:48:07', NULL),
(614, '52', '2', '1', '48', 'yes', '2025-01-24 14:10:09', '2025-02-04 04:22:05', NULL),
(615, '52', '2', '1', '71', 'yes', '2025-01-24 14:10:09', '2025-02-03 04:52:20', NULL),
(616, '52', '2', '1', '72', 'no', '2025-01-24 14:10:09', '2025-01-24 14:10:09', NULL),
(617, '52', '2', '1', '132', 'no', '2025-01-24 14:10:09', '2025-01-24 14:10:09', NULL),
(618, '52', '2', '1', '133', 'no', '2025-01-24 14:10:09', '2025-01-24 14:10:09', NULL),
(619, '52', '2', '1', '136', 'no', '2025-01-24 14:10:09', '2025-01-24 14:10:09', NULL),
(620, '52', '2', '1', '137', 'yes', '2025-01-24 14:10:09', '2025-01-28 04:11:14', NULL),
(621, '52', '2', '1', '138', 'no', '2025-01-24 14:10:09', '2025-01-24 14:10:09', NULL),
(622, '52', '2', '1', '140', 'no', '2025-01-24 14:10:09', '2025-01-24 14:10:09', NULL),
(623, '52', '2', '1', '144', 'yes', '2025-01-24 14:10:09', '2025-02-03 07:44:03', NULL),
(624, '52', '2', '1', '146', 'no', '2025-01-24 14:10:09', '2025-01-24 14:10:09', NULL),
(625, '52', '2', '1', '155', 'no', '2025-01-24 14:10:09', '2025-01-24 14:10:09', NULL),
(626, '52', '2', '1', '164', 'no', '2025-01-24 14:10:09', '2025-01-24 14:10:09', NULL),
(627, '52', '2', '1', '171', 'no', '2025-01-24 14:10:09', '2025-01-24 14:10:09', NULL),
(628, '52', '2', '1', '176', 'no', '2025-01-24 14:10:09', '2025-01-24 14:10:09', NULL),
(629, '52', '2', '1', '181', 'no', '2025-01-24 14:10:09', '2025-01-24 14:10:09', NULL),
(630, '52', '2', '1', '182', 'no', '2025-01-24 14:10:09', '2025-01-24 14:10:09', NULL),
(631, '52', '2', '1', '183', 'no', '2025-01-24 14:10:09', '2025-01-24 14:10:09', NULL),
(632, '52', '2', '1', '184', 'no', '2025-01-24 14:10:09', '2025-01-24 14:10:09', NULL),
(633, '53', '2', '18', '1', 'yes', '2025-01-24 14:10:24', '2025-02-17 03:54:36', NULL),
(634, '53', '2', '18', '3', 'yes', '2025-01-24 14:10:24', '2025-02-03 08:00:38', NULL),
(635, '53', '2', '18', '6', 'yes', '2025-01-24 14:10:24', '2025-02-13 09:48:07', NULL),
(636, '53', '2', '18', '48', 'yes', '2025-01-24 14:10:24', '2025-02-04 04:22:05', NULL),
(637, '53', '2', '18', '71', 'yes', '2025-01-24 14:10:24', '2025-02-03 04:52:20', NULL),
(638, '53', '2', '18', '72', 'no', '2025-01-24 14:10:24', '2025-01-24 14:10:24', NULL),
(639, '53', '2', '18', '132', 'no', '2025-01-24 14:10:24', '2025-01-24 14:10:24', NULL),
(640, '53', '2', '18', '133', 'no', '2025-01-24 14:10:24', '2025-01-24 14:10:24', NULL),
(641, '53', '2', '18', '136', 'no', '2025-01-24 14:10:24', '2025-01-24 14:10:24', NULL),
(642, '53', '2', '18', '137', 'yes', '2025-01-24 14:10:24', '2025-01-28 04:11:14', NULL),
(643, '53', '2', '18', '138', 'no', '2025-01-24 14:10:24', '2025-01-24 14:10:24', NULL),
(644, '53', '2', '18', '140', 'no', '2025-01-24 14:10:24', '2025-01-24 14:10:24', NULL),
(645, '53', '2', '18', '144', 'yes', '2025-01-24 14:10:24', '2025-02-03 07:44:03', NULL),
(646, '53', '2', '18', '146', 'no', '2025-01-24 14:10:24', '2025-01-24 14:10:24', NULL),
(647, '53', '2', '18', '155', 'no', '2025-01-24 14:10:24', '2025-01-24 14:10:24', NULL),
(648, '53', '2', '18', '164', 'no', '2025-01-24 14:10:24', '2025-01-24 14:10:24', NULL),
(649, '53', '2', '18', '171', 'no', '2025-01-24 14:10:24', '2025-01-24 14:10:24', NULL),
(650, '53', '2', '18', '176', 'no', '2025-01-24 14:10:24', '2025-01-24 14:10:24', NULL),
(651, '53', '2', '18', '181', 'no', '2025-01-24 14:10:24', '2025-01-24 14:10:24', NULL),
(652, '53', '2', '18', '182', 'no', '2025-01-24 14:10:24', '2025-01-24 14:10:24', NULL),
(653, '53', '2', '18', '183', 'no', '2025-01-24 14:10:24', '2025-01-24 14:10:24', NULL),
(654, '53', '2', '18', '184', 'no', '2025-01-24 14:10:24', '2025-01-24 14:10:24', NULL),
(655, '54', '2', '1', '3', 'yes', '2025-01-24 14:12:59', '2025-02-03 08:00:38', NULL),
(656, '54', '2', '1', '6', 'yes', '2025-01-24 14:12:59', '2025-02-13 09:48:07', NULL),
(657, '54', '2', '1', '48', 'yes', '2025-01-24 14:12:59', '2025-02-04 04:22:05', NULL),
(658, '54', '2', '1', '71', 'yes', '2025-01-24 14:12:59', '2025-02-03 04:52:20', NULL),
(659, '54', '2', '1', '72', 'no', '2025-01-24 14:12:59', '2025-01-24 14:12:59', NULL),
(660, '54', '2', '1', '132', 'no', '2025-01-24 14:12:59', '2025-01-24 14:12:59', NULL),
(661, '54', '2', '1', '133', 'no', '2025-01-24 14:12:59', '2025-01-24 14:12:59', NULL),
(662, '54', '2', '1', '136', 'no', '2025-01-24 14:12:59', '2025-01-24 14:12:59', NULL),
(663, '54', '2', '1', '137', 'yes', '2025-01-24 14:12:59', '2025-01-28 04:11:14', NULL),
(664, '54', '2', '1', '138', 'no', '2025-01-24 14:12:59', '2025-01-24 14:12:59', NULL),
(665, '54', '2', '1', '140', 'no', '2025-01-24 14:12:59', '2025-01-24 14:12:59', NULL),
(666, '54', '2', '1', '144', 'yes', '2025-01-24 14:12:59', '2025-02-03 07:44:03', NULL),
(667, '54', '2', '1', '146', 'no', '2025-01-24 14:12:59', '2025-01-24 14:12:59', NULL),
(668, '54', '2', '1', '155', 'no', '2025-01-24 14:12:59', '2025-01-24 14:12:59', NULL),
(669, '54', '2', '1', '164', 'no', '2025-01-24 14:12:59', '2025-01-24 14:12:59', NULL),
(670, '54', '2', '1', '171', 'no', '2025-01-24 14:12:59', '2025-01-24 14:12:59', NULL),
(671, '54', '2', '1', '176', 'no', '2025-01-24 14:12:59', '2025-01-24 14:12:59', NULL),
(672, '54', '2', '1', '181', 'no', '2025-01-24 14:12:59', '2025-01-24 14:12:59', NULL),
(673, '54', '2', '1', '182', 'no', '2025-01-24 14:12:59', '2025-01-24 14:12:59', NULL),
(674, '54', '2', '1', '183', 'no', '2025-01-24 14:12:59', '2025-01-24 14:12:59', NULL),
(675, '54', '2', '1', '184', 'no', '2025-01-24 14:12:59', '2025-01-24 14:12:59', NULL),
(676, '61', '1', '1', '3', 'yes', '2025-01-25 02:56:29', '2025-02-03 04:46:02', NULL),
(677, '61', '1', '1', '4', 'yes', '2025-01-25 02:56:29', '2025-01-31 05:02:10', NULL),
(678, '61', '1', '1', '18', 'yes', '2025-01-25 02:56:30', '2025-02-04 04:07:38', NULL),
(679, '61', '1', '1', '48', 'yes', '2025-01-25 02:56:30', '2025-02-04 04:22:18', NULL),
(680, '61', '1', '1', '71', 'yes', '2025-01-25 02:56:30', '2025-02-03 05:13:54', NULL),
(681, '61', '1', '1', '130', 'no', '2025-01-25 02:56:30', '2025-01-25 02:56:30', NULL),
(682, '61', '1', '1', '142', 'no', '2025-01-25 02:56:30', '2025-01-25 02:56:30', NULL),
(683, '61', '1', '1', '143', 'no', '2025-01-25 02:56:30', '2025-01-25 02:56:30', NULL),
(684, '61', '1', '1', '145', 'no', '2025-01-25 02:56:30', '2025-01-25 02:56:30', NULL),
(685, '61', '1', '1', '148', 'no', '2025-01-25 02:56:30', '2025-01-25 02:56:30', NULL),
(686, '61', '1', '1', '150', 'no', '2025-01-25 02:56:30', '2025-01-25 02:56:30', NULL),
(687, '61', '1', '1', '156', 'no', '2025-01-25 02:56:30', '2025-01-25 02:56:30', NULL),
(688, '61', '1', '1', '158', 'no', '2025-01-25 02:56:30', '2025-01-25 02:56:30', NULL),
(689, '62', '1', '18', '1', 'yes', '2025-01-25 02:59:53', '2025-02-21 06:05:56', NULL),
(690, '62', '1', '18', '3', 'yes', '2025-01-25 02:59:53', '2025-02-03 04:46:02', NULL),
(691, '62', '1', '18', '4', 'yes', '2025-01-25 02:59:53', '2025-01-31 05:02:10', NULL),
(692, '62', '1', '18', '48', 'yes', '2025-01-25 02:59:53', '2025-02-04 04:22:18', NULL),
(693, '62', '1', '18', '71', 'yes', '2025-01-25 02:59:53', '2025-02-03 05:13:54', NULL),
(694, '62', '1', '18', '130', 'no', '2025-01-25 02:59:53', '2025-01-25 02:59:53', NULL),
(695, '62', '1', '18', '142', 'no', '2025-01-25 02:59:53', '2025-01-25 02:59:53', NULL),
(696, '62', '1', '18', '143', 'no', '2025-01-25 02:59:53', '2025-01-25 02:59:53', NULL),
(697, '62', '1', '18', '145', 'no', '2025-01-25 02:59:53', '2025-01-25 02:59:53', NULL),
(698, '62', '1', '18', '148', 'no', '2025-01-25 02:59:53', '2025-01-25 02:59:53', NULL),
(699, '62', '1', '18', '150', 'no', '2025-01-25 02:59:53', '2025-01-25 02:59:53', NULL),
(700, '62', '1', '18', '156', 'no', '2025-01-25 02:59:53', '2025-01-25 02:59:53', NULL),
(701, '62', '1', '18', '158', 'no', '2025-01-25 02:59:53', '2025-01-25 02:59:53', NULL),
(702, '63', '1', '71', '1', 'yes', '2025-01-25 03:00:15', '2025-02-21 06:05:56', NULL),
(703, '63', '1', '71', '3', 'yes', '2025-01-25 03:00:15', '2025-02-03 04:46:02', NULL),
(704, '63', '1', '71', '4', 'yes', '2025-01-25 03:00:15', '2025-01-31 05:02:10', NULL),
(705, '63', '1', '71', '18', 'yes', '2025-01-25 03:00:15', '2025-02-04 04:07:38', NULL),
(706, '63', '1', '71', '48', 'yes', '2025-01-25 03:00:15', '2025-02-04 04:22:18', NULL),
(707, '63', '1', '71', '130', 'no', '2025-01-25 03:00:15', '2025-01-25 03:00:15', NULL),
(708, '63', '1', '71', '142', 'no', '2025-01-25 03:00:15', '2025-01-25 03:00:15', NULL),
(709, '63', '1', '71', '143', 'no', '2025-01-25 03:00:15', '2025-01-25 03:00:15', NULL),
(710, '63', '1', '71', '145', 'no', '2025-01-25 03:00:15', '2025-01-25 03:00:15', NULL),
(711, '63', '1', '71', '148', 'no', '2025-01-25 03:00:15', '2025-01-25 03:00:15', NULL),
(712, '63', '1', '71', '150', 'no', '2025-01-25 03:00:15', '2025-01-25 03:00:15', NULL),
(713, '63', '1', '71', '156', 'no', '2025-01-25 03:00:15', '2025-01-25 03:00:15', NULL),
(714, '63', '1', '71', '158', 'no', '2025-01-25 03:00:15', '2025-01-25 03:00:15', NULL),
(715, '65', '2', '71', '1', 'yes', '2025-01-25 05:03:30', '2025-02-17 03:54:36', NULL),
(716, '65', '2', '71', '3', 'yes', '2025-01-25 05:03:30', '2025-02-03 08:00:38', NULL),
(717, '65', '2', '71', '6', 'yes', '2025-01-25 05:03:30', '2025-02-13 09:48:07', NULL),
(718, '65', '2', '71', '48', 'yes', '2025-01-25 05:03:30', '2025-02-04 04:22:05', NULL),
(719, '65', '2', '71', '72', 'no', '2025-01-25 05:03:30', '2025-01-25 05:03:30', NULL),
(720, '65', '2', '71', '132', 'no', '2025-01-25 05:03:30', '2025-01-25 05:03:30', NULL),
(721, '65', '2', '71', '133', 'no', '2025-01-25 05:03:31', '2025-01-25 05:03:31', NULL),
(722, '65', '2', '71', '136', 'no', '2025-01-25 05:03:31', '2025-01-25 05:03:31', NULL),
(723, '65', '2', '71', '137', 'yes', '2025-01-25 05:03:31', '2025-01-28 04:11:14', NULL),
(724, '65', '2', '71', '138', 'no', '2025-01-25 05:03:31', '2025-01-25 05:03:31', NULL),
(725, '65', '2', '71', '140', 'no', '2025-01-25 05:03:31', '2025-01-25 05:03:31', NULL),
(726, '65', '2', '71', '144', 'yes', '2025-01-25 05:03:31', '2025-02-03 07:44:03', NULL),
(727, '65', '2', '71', '146', 'no', '2025-01-25 05:03:31', '2025-01-25 05:03:31', NULL),
(728, '65', '2', '71', '155', 'no', '2025-01-25 05:03:31', '2025-01-25 05:03:31', NULL),
(729, '65', '2', '71', '164', 'no', '2025-01-25 05:03:31', '2025-01-25 05:03:31', NULL),
(730, '65', '2', '71', '171', 'no', '2025-01-25 05:03:31', '2025-01-25 05:03:31', NULL),
(731, '65', '2', '71', '176', 'no', '2025-01-25 05:03:31', '2025-01-25 05:03:31', NULL),
(732, '65', '2', '71', '181', 'no', '2025-01-25 05:03:31', '2025-01-25 05:03:31', NULL),
(733, '65', '2', '71', '182', 'no', '2025-01-25 05:03:31', '2025-01-25 05:03:31', NULL),
(734, '65', '2', '71', '183', 'no', '2025-01-25 05:03:31', '2025-01-25 05:03:31', NULL),
(735, '65', '2', '71', '184', 'no', '2025-01-25 05:03:31', '2025-01-25 05:03:31', NULL),
(736, '66', '2', '6', '1', 'yes', '2025-01-25 05:06:43', '2025-02-17 03:54:36', NULL),
(737, '66', '2', '6', '3', 'yes', '2025-01-25 05:06:43', '2025-02-03 08:00:38', NULL),
(738, '66', '2', '6', '48', 'yes', '2025-01-25 05:06:43', '2025-02-04 04:22:05', NULL),
(739, '66', '2', '6', '71', 'yes', '2025-01-25 05:06:43', '2025-02-03 04:52:20', NULL),
(740, '66', '2', '6', '72', 'no', '2025-01-25 05:06:43', '2025-01-25 05:06:43', NULL),
(741, '66', '2', '6', '132', 'no', '2025-01-25 05:06:43', '2025-01-25 05:06:43', NULL),
(742, '66', '2', '6', '133', 'no', '2025-01-25 05:06:43', '2025-01-25 05:06:43', NULL),
(743, '66', '2', '6', '136', 'no', '2025-01-25 05:06:43', '2025-01-25 05:06:43', NULL),
(744, '66', '2', '6', '137', 'yes', '2025-01-25 05:06:43', '2025-01-28 04:11:14', NULL),
(745, '66', '2', '6', '138', 'no', '2025-01-25 05:06:43', '2025-01-25 05:06:43', NULL),
(746, '66', '2', '6', '140', 'no', '2025-01-25 05:06:43', '2025-01-25 05:06:43', NULL),
(747, '66', '2', '6', '144', 'yes', '2025-01-25 05:06:43', '2025-02-03 07:44:03', NULL),
(748, '66', '2', '6', '146', 'no', '2025-01-25 05:06:43', '2025-01-25 05:06:43', NULL),
(749, '66', '2', '6', '155', 'no', '2025-01-25 05:06:43', '2025-01-25 05:06:43', NULL),
(750, '66', '2', '6', '164', 'no', '2025-01-25 05:06:43', '2025-01-25 05:06:43', NULL),
(751, '66', '2', '6', '171', 'no', '2025-01-25 05:06:43', '2025-01-25 05:06:43', NULL),
(752, '66', '2', '6', '176', 'no', '2025-01-25 05:06:43', '2025-01-25 05:06:43', NULL),
(753, '66', '2', '6', '181', 'no', '2025-01-25 05:06:43', '2025-01-25 05:06:43', NULL),
(754, '66', '2', '6', '182', 'no', '2025-01-25 05:06:43', '2025-01-25 05:06:43', NULL),
(755, '66', '2', '6', '183', 'no', '2025-01-25 05:06:43', '2025-01-25 05:06:43', NULL),
(756, '66', '2', '6', '184', 'no', '2025-01-25 05:06:43', '2025-01-25 05:06:43', NULL),
(757, '67', '2', '3', '1', 'yes', '2025-01-25 05:11:03', '2025-02-17 03:54:36', NULL),
(758, '67', '2', '3', '6', 'yes', '2025-01-25 05:11:03', '2025-02-13 09:48:07', NULL),
(759, '67', '2', '3', '48', 'yes', '2025-01-25 05:11:03', '2025-02-04 04:22:05', NULL),
(760, '67', '2', '3', '71', 'yes', '2025-01-25 05:11:03', '2025-02-03 04:52:20', NULL),
(761, '67', '2', '3', '72', 'no', '2025-01-25 05:11:03', '2025-01-25 05:11:03', NULL),
(762, '67', '2', '3', '132', 'no', '2025-01-25 05:11:03', '2025-01-25 05:11:03', NULL),
(763, '67', '2', '3', '133', 'no', '2025-01-25 05:11:03', '2025-01-25 05:11:03', NULL),
(764, '67', '2', '3', '136', 'no', '2025-01-25 05:11:03', '2025-01-25 05:11:03', NULL),
(765, '67', '2', '3', '137', 'yes', '2025-01-25 05:11:03', '2025-01-28 04:11:14', NULL),
(766, '67', '2', '3', '138', 'no', '2025-01-25 05:11:03', '2025-01-25 05:11:03', NULL),
(767, '67', '2', '3', '140', 'no', '2025-01-25 05:11:03', '2025-01-25 05:11:03', NULL),
(768, '67', '2', '3', '144', 'yes', '2025-01-25 05:11:03', '2025-02-03 07:44:03', NULL),
(769, '67', '2', '3', '146', 'no', '2025-01-25 05:11:04', '2025-01-25 05:11:04', NULL),
(770, '67', '2', '3', '155', 'no', '2025-01-25 05:11:04', '2025-01-25 05:11:04', NULL),
(771, '67', '2', '3', '164', 'no', '2025-01-25 05:11:04', '2025-01-25 05:11:04', NULL),
(772, '67', '2', '3', '171', 'no', '2025-01-25 05:11:04', '2025-01-25 05:11:04', NULL),
(773, '67', '2', '3', '176', 'no', '2025-01-25 05:11:04', '2025-01-25 05:11:04', NULL),
(774, '67', '2', '3', '181', 'no', '2025-01-25 05:11:04', '2025-01-25 05:11:04', NULL),
(775, '67', '2', '3', '182', 'no', '2025-01-25 05:11:04', '2025-01-25 05:11:04', NULL),
(776, '67', '2', '3', '183', 'no', '2025-01-25 05:11:04', '2025-01-25 05:11:04', NULL),
(777, '67', '2', '3', '184', 'no', '2025-01-25 05:11:04', '2025-01-25 05:11:04', NULL),
(778, '68', '3', '3', '1', 'yes', '2025-01-25 05:11:50', '2025-02-17 03:54:30', NULL),
(779, '68', '3', '3', '48', 'yes', '2025-01-25 05:11:50', '2025-02-04 04:22:24', NULL),
(780, '68', '3', '3', '49', 'no', '2025-01-25 05:11:50', '2025-01-25 05:11:50', NULL),
(781, '68', '3', '3', '71', 'yes', '2025-01-25 05:11:50', '2025-02-03 05:35:57', NULL),
(782, '68', '3', '3', '147', 'no', '2025-01-25 05:11:50', '2025-01-25 05:11:50', NULL),
(783, '68', '3', '3', '166', 'no', '2025-01-25 05:11:50', '2025-01-25 05:11:50', NULL),
(784, '68', '3', '3', '167', 'no', '2025-01-25 05:11:50', '2025-01-25 05:11:50', NULL),
(785, '68', '3', '3', '168', 'no', '2025-01-25 05:11:50', '2025-01-25 05:11:50', NULL),
(786, '68', '3', '3', '169', 'yes', '2025-01-25 05:11:50', '2025-01-27 11:01:34', NULL),
(787, '68', '3', '3', '170', 'yes', '2025-01-25 05:11:50', '2025-02-17 05:32:53', NULL),
(788, '69', '3', '71', '1', 'yes', '2025-01-25 05:12:16', '2025-02-17 03:54:30', NULL),
(789, '69', '3', '71', '3', 'yes', '2025-01-25 05:12:16', '2025-02-03 04:30:41', NULL),
(790, '69', '3', '71', '48', 'yes', '2025-01-25 05:12:16', '2025-02-04 04:22:24', NULL),
(791, '69', '3', '71', '49', 'no', '2025-01-25 05:12:16', '2025-01-25 05:12:16', NULL),
(792, '69', '3', '71', '147', 'no', '2025-01-25 05:12:16', '2025-01-25 05:12:16', NULL),
(793, '69', '3', '71', '166', 'no', '2025-01-25 05:12:16', '2025-01-25 05:12:16', NULL),
(794, '69', '3', '71', '167', 'no', '2025-01-25 05:12:16', '2025-01-25 05:12:16', NULL),
(795, '69', '3', '71', '168', 'no', '2025-01-25 05:12:16', '2025-01-25 05:12:16', NULL),
(796, '69', '3', '71', '169', 'yes', '2025-01-25 05:12:16', '2025-01-27 11:01:34', NULL),
(797, '69', '3', '71', '170', 'yes', '2025-01-25 05:12:16', '2025-02-17 05:32:53', NULL),
(798, '72', '3', '71', '1', 'yes', '2025-01-26 14:24:51', '2025-02-17 03:54:30', NULL),
(799, '72', '3', '71', '3', 'yes', '2025-01-26 14:24:51', '2025-02-03 04:30:41', NULL),
(800, '72', '3', '71', '48', 'yes', '2025-01-26 14:24:51', '2025-02-04 04:22:24', NULL),
(801, '72', '3', '71', '49', 'no', '2025-01-26 14:24:51', '2025-01-26 14:24:51', NULL),
(802, '72', '3', '71', '147', 'no', '2025-01-26 14:24:51', '2025-01-26 14:24:51', NULL),
(803, '72', '3', '71', '166', 'no', '2025-01-26 14:24:51', '2025-01-26 14:24:51', NULL),
(804, '72', '3', '71', '167', 'no', '2025-01-26 14:24:51', '2025-01-26 14:24:51', NULL),
(805, '72', '3', '71', '168', 'no', '2025-01-26 14:24:51', '2025-01-26 14:24:51', NULL),
(806, '72', '3', '71', '169', 'yes', '2025-01-26 14:24:51', '2025-01-27 11:01:34', NULL),
(807, '72', '3', '71', '170', 'yes', '2025-01-26 14:24:51', '2025-02-17 05:32:53', NULL),
(808, '73', '3', '71', '1', 'yes', '2025-01-26 14:25:13', '2025-02-17 03:54:30', NULL),
(809, '73', '3', '71', '3', 'yes', '2025-01-26 14:25:13', '2025-02-03 04:30:41', NULL),
(810, '73', '3', '71', '48', 'yes', '2025-01-26 14:25:13', '2025-02-04 04:22:24', NULL),
(811, '73', '3', '71', '49', 'no', '2025-01-26 14:25:13', '2025-01-26 14:25:13', NULL),
(812, '73', '3', '71', '147', 'no', '2025-01-26 14:25:13', '2025-01-26 14:25:13', NULL),
(813, '73', '3', '71', '166', 'no', '2025-01-26 14:25:13', '2025-01-26 14:25:13', NULL),
(814, '73', '3', '71', '167', 'no', '2025-01-26 14:25:13', '2025-01-26 14:25:13', NULL),
(815, '73', '3', '71', '168', 'no', '2025-01-26 14:25:13', '2025-01-26 14:25:13', NULL),
(816, '73', '3', '71', '169', 'yes', '2025-01-26 14:25:13', '2025-01-27 11:01:34', NULL),
(817, '73', '3', '71', '170', 'yes', '2025-01-26 14:25:13', '2025-02-17 05:32:53', NULL),
(818, '74', '3', '71', '1', 'yes', '2025-01-26 14:25:48', '2025-02-17 03:54:30', NULL),
(819, '74', '3', '71', '3', 'yes', '2025-01-26 14:25:48', '2025-02-03 04:30:41', NULL),
(820, '74', '3', '71', '48', 'yes', '2025-01-26 14:25:48', '2025-02-04 04:22:24', NULL),
(821, '74', '3', '71', '49', 'no', '2025-01-26 14:25:48', '2025-01-26 14:25:48', NULL),
(822, '74', '3', '71', '147', 'no', '2025-01-26 14:25:48', '2025-01-26 14:25:48', NULL),
(823, '74', '3', '71', '166', 'no', '2025-01-26 14:25:48', '2025-01-26 14:25:48', NULL),
(824, '74', '3', '71', '167', 'no', '2025-01-26 14:25:48', '2025-01-26 14:25:48', NULL),
(825, '74', '3', '71', '168', 'no', '2025-01-26 14:25:48', '2025-01-26 14:25:48', NULL),
(826, '74', '3', '71', '169', 'yes', '2025-01-26 14:25:48', '2025-01-27 11:01:34', NULL),
(827, '74', '3', '71', '170', 'yes', '2025-01-26 14:25:48', '2025-02-17 05:32:53', NULL),
(828, '75', '3', '18', '1', 'yes', '2025-01-26 14:26:08', '2025-02-17 03:54:30', NULL),
(829, '75', '3', '18', '3', 'yes', '2025-01-26 14:26:08', '2025-02-03 04:30:41', NULL),
(830, '75', '3', '18', '48', 'yes', '2025-01-26 14:26:08', '2025-02-04 04:22:24', NULL),
(831, '75', '3', '18', '49', 'no', '2025-01-26 14:26:08', '2025-01-26 14:26:08', NULL),
(832, '75', '3', '18', '71', 'yes', '2025-01-26 14:26:08', '2025-02-03 05:35:57', NULL),
(833, '75', '3', '18', '147', 'no', '2025-01-26 14:26:08', '2025-01-26 14:26:08', NULL),
(834, '75', '3', '18', '166', 'no', '2025-01-26 14:26:08', '2025-01-26 14:26:08', NULL),
(835, '75', '3', '18', '167', 'no', '2025-01-26 14:26:08', '2025-01-26 14:26:08', NULL),
(836, '75', '3', '18', '168', 'no', '2025-01-26 14:26:08', '2025-01-26 14:26:08', NULL),
(837, '75', '3', '18', '169', 'yes', '2025-01-26 14:26:08', '2025-01-27 11:01:34', NULL),
(838, '75', '3', '18', '170', 'yes', '2025-01-26 14:26:08', '2025-02-17 05:32:53', NULL),
(839, '76', '3', '71', '1', 'yes', '2025-01-26 14:26:21', '2025-02-17 03:54:30', NULL),
(840, '76', '3', '71', '3', 'yes', '2025-01-26 14:26:21', '2025-02-03 04:30:41', NULL),
(841, '76', '3', '71', '48', 'yes', '2025-01-26 14:26:21', '2025-02-04 04:22:24', NULL),
(842, '76', '3', '71', '49', 'no', '2025-01-26 14:26:21', '2025-01-26 14:26:21', NULL),
(843, '76', '3', '71', '147', 'no', '2025-01-26 14:26:21', '2025-01-26 14:26:21', NULL),
(844, '76', '3', '71', '166', 'no', '2025-01-26 14:26:21', '2025-01-26 14:26:21', NULL),
(845, '76', '3', '71', '167', 'no', '2025-01-26 14:26:21', '2025-01-26 14:26:21', NULL),
(846, '76', '3', '71', '168', 'no', '2025-01-26 14:26:21', '2025-01-26 14:26:21', NULL),
(847, '76', '3', '71', '169', 'yes', '2025-01-26 14:26:21', '2025-01-27 11:01:34', NULL),
(848, '76', '3', '71', '170', 'yes', '2025-01-26 14:26:21', '2025-02-17 05:32:53', NULL),
(849, '78', '2', '3', '1', 'yes', '2025-01-27 11:00:00', '2025-02-17 03:54:36', NULL),
(850, '78', '2', '3', '6', 'yes', '2025-01-27 11:00:00', '2025-02-13 09:48:07', NULL),
(851, '78', '2', '3', '48', 'yes', '2025-01-27 11:00:00', '2025-02-04 04:22:05', NULL),
(852, '78', '2', '3', '71', 'yes', '2025-01-27 11:00:00', '2025-02-03 04:52:20', NULL),
(853, '78', '2', '3', '72', 'no', '2025-01-27 11:00:00', '2025-01-27 11:00:00', NULL),
(854, '78', '2', '3', '132', 'no', '2025-01-27 11:00:00', '2025-01-27 11:00:00', NULL),
(855, '78', '2', '3', '133', 'no', '2025-01-27 11:00:00', '2025-01-27 11:00:00', NULL),
(856, '78', '2', '3', '136', 'no', '2025-01-27 11:00:00', '2025-01-27 11:00:00', NULL),
(857, '78', '2', '3', '137', 'yes', '2025-01-27 11:00:00', '2025-01-28 04:11:14', NULL),
(858, '78', '2', '3', '138', 'no', '2025-01-27 11:00:00', '2025-01-27 11:00:00', NULL),
(859, '78', '2', '3', '140', 'no', '2025-01-27 11:00:00', '2025-01-27 11:00:00', NULL),
(860, '78', '2', '3', '144', 'yes', '2025-01-27 11:00:00', '2025-02-03 07:44:03', NULL),
(861, '78', '2', '3', '146', 'no', '2025-01-27 11:00:00', '2025-01-27 11:00:00', NULL),
(862, '78', '2', '3', '155', 'no', '2025-01-27 11:00:00', '2025-01-27 11:00:00', NULL),
(863, '78', '2', '3', '164', 'no', '2025-01-27 11:00:00', '2025-01-27 11:00:00', NULL),
(864, '78', '2', '3', '171', 'no', '2025-01-27 11:00:00', '2025-01-27 11:00:00', NULL),
(865, '78', '2', '3', '176', 'no', '2025-01-27 11:00:00', '2025-01-27 11:00:00', NULL),
(866, '78', '2', '3', '181', 'no', '2025-01-27 11:00:00', '2025-01-27 11:00:00', NULL),
(867, '78', '2', '3', '182', 'no', '2025-01-27 11:00:00', '2025-01-27 11:00:00', NULL),
(868, '78', '2', '3', '183', 'no', '2025-01-27 11:00:00', '2025-01-27 11:00:00', NULL),
(869, '78', '2', '3', '184', 'no', '2025-01-27 11:00:00', '2025-01-27 11:00:00', NULL),
(870, '79', '2', '6', '1', 'yes', '2025-01-27 11:00:30', '2025-02-17 03:54:36', NULL),
(871, '79', '2', '6', '3', 'yes', '2025-01-27 11:00:30', '2025-02-03 08:00:38', NULL),
(872, '79', '2', '6', '48', 'yes', '2025-01-27 11:00:30', '2025-02-04 04:22:05', NULL),
(873, '79', '2', '6', '71', 'yes', '2025-01-27 11:00:30', '2025-02-03 04:52:20', NULL),
(874, '79', '2', '6', '72', 'no', '2025-01-27 11:00:30', '2025-01-27 11:00:30', NULL),
(875, '79', '2', '6', '132', 'no', '2025-01-27 11:00:30', '2025-01-27 11:00:30', NULL),
(876, '79', '2', '6', '133', 'no', '2025-01-27 11:00:30', '2025-01-27 11:00:30', NULL),
(877, '79', '2', '6', '136', 'no', '2025-01-27 11:00:30', '2025-01-27 11:00:30', NULL),
(878, '79', '2', '6', '137', 'yes', '2025-01-27 11:00:30', '2025-01-28 04:11:14', NULL),
(879, '79', '2', '6', '138', 'no', '2025-01-27 11:00:30', '2025-01-27 11:00:30', NULL),
(880, '79', '2', '6', '140', 'no', '2025-01-27 11:00:30', '2025-01-27 11:00:30', NULL),
(881, '79', '2', '6', '144', 'yes', '2025-01-27 11:00:30', '2025-02-03 07:44:03', NULL),
(882, '79', '2', '6', '146', 'no', '2025-01-27 11:00:30', '2025-01-27 11:00:30', NULL),
(883, '79', '2', '6', '155', 'no', '2025-01-27 11:00:30', '2025-01-27 11:00:30', NULL),
(884, '79', '2', '6', '164', 'no', '2025-01-27 11:00:30', '2025-01-27 11:00:30', NULL),
(885, '79', '2', '6', '171', 'no', '2025-01-27 11:00:30', '2025-01-27 11:00:30', NULL),
(886, '79', '2', '6', '176', 'no', '2025-01-27 11:00:30', '2025-01-27 11:00:30', NULL),
(887, '79', '2', '6', '181', 'no', '2025-01-27 11:00:30', '2025-01-27 11:00:30', NULL),
(888, '79', '2', '6', '182', 'no', '2025-01-27 11:00:30', '2025-01-27 11:00:30', NULL),
(889, '79', '2', '6', '183', 'no', '2025-01-27 11:00:30', '2025-01-27 11:00:30', NULL),
(890, '79', '2', '6', '184', 'no', '2025-01-27 11:00:30', '2025-01-27 11:00:30', NULL),
(891, '80', '3', '169', '1', 'yes', '2025-01-27 11:01:41', '2025-02-17 03:54:30', NULL),
(892, '80', '3', '169', '3', 'yes', '2025-01-27 11:01:41', '2025-02-03 04:30:41', NULL),
(893, '80', '3', '169', '48', 'yes', '2025-01-27 11:01:41', '2025-02-04 04:22:24', NULL),
(894, '80', '3', '169', '49', 'no', '2025-01-27 11:01:41', '2025-01-27 11:01:41', NULL),
(895, '80', '3', '169', '71', 'yes', '2025-01-27 11:01:41', '2025-02-03 05:35:57', NULL),
(896, '80', '3', '169', '147', 'no', '2025-01-27 11:01:41', '2025-01-27 11:01:41', NULL),
(897, '80', '3', '169', '166', 'no', '2025-01-27 11:01:41', '2025-01-27 11:01:41', NULL),
(898, '80', '3', '169', '167', 'no', '2025-01-27 11:01:41', '2025-01-27 11:01:41', NULL),
(899, '80', '3', '169', '168', 'no', '2025-01-27 11:01:41', '2025-01-27 11:01:41', NULL),
(900, '80', '3', '169', '170', 'yes', '2025-01-27 11:01:41', '2025-02-17 05:32:53', NULL),
(901, '81', '2', '3', '1', 'yes', '2025-01-27 11:02:42', '2025-02-17 03:54:36', NULL),
(902, '81', '2', '3', '6', 'yes', '2025-01-27 11:02:42', '2025-02-13 09:48:07', NULL),
(903, '81', '2', '3', '48', 'yes', '2025-01-27 11:02:42', '2025-02-04 04:22:05', NULL),
(904, '81', '2', '3', '71', 'yes', '2025-01-27 11:02:42', '2025-02-03 04:52:20', NULL),
(905, '81', '2', '3', '72', 'no', '2025-01-27 11:02:42', '2025-01-27 11:02:42', NULL),
(906, '81', '2', '3', '132', 'no', '2025-01-27 11:02:42', '2025-01-27 11:02:42', NULL),
(907, '81', '2', '3', '133', 'no', '2025-01-27 11:02:42', '2025-01-27 11:02:42', NULL),
(908, '81', '2', '3', '136', 'no', '2025-01-27 11:02:42', '2025-01-27 11:02:42', NULL),
(909, '81', '2', '3', '137', 'yes', '2025-01-27 11:02:42', '2025-01-28 04:11:14', NULL),
(910, '81', '2', '3', '138', 'no', '2025-01-27 11:02:42', '2025-01-27 11:02:42', NULL),
(911, '81', '2', '3', '140', 'no', '2025-01-27 11:02:42', '2025-01-27 11:02:42', NULL),
(912, '81', '2', '3', '144', 'yes', '2025-01-27 11:02:42', '2025-02-03 07:44:03', NULL),
(913, '81', '2', '3', '146', 'no', '2025-01-27 11:02:42', '2025-01-27 11:02:42', NULL),
(914, '81', '2', '3', '155', 'no', '2025-01-27 11:02:42', '2025-01-27 11:02:42', NULL),
(915, '81', '2', '3', '164', 'no', '2025-01-27 11:02:42', '2025-01-27 11:02:42', NULL),
(916, '81', '2', '3', '171', 'no', '2025-01-27 11:02:42', '2025-01-27 11:02:42', NULL),
(917, '81', '2', '3', '176', 'no', '2025-01-27 11:02:42', '2025-01-27 11:02:42', NULL),
(918, '81', '2', '3', '181', 'no', '2025-01-27 11:02:42', '2025-01-27 11:02:42', NULL),
(919, '81', '2', '3', '182', 'no', '2025-01-27 11:02:42', '2025-01-27 11:02:42', NULL),
(920, '81', '2', '3', '183', 'no', '2025-01-27 11:02:42', '2025-01-27 11:02:42', NULL),
(921, '81', '2', '3', '184', 'no', '2025-01-27 11:02:42', '2025-01-27 11:02:42', NULL),
(922, '82', '2', '137', '1', 'yes', '2025-01-27 11:02:58', '2025-02-17 03:54:36', NULL),
(923, '82', '2', '137', '3', 'yes', '2025-01-27 11:02:58', '2025-02-03 08:00:38', NULL),
(924, '82', '2', '137', '6', 'yes', '2025-01-27 11:02:58', '2025-02-13 09:48:07', NULL),
(925, '82', '2', '137', '48', 'yes', '2025-01-27 11:02:58', '2025-02-04 04:22:05', NULL),
(926, '82', '2', '137', '71', 'yes', '2025-01-27 11:02:58', '2025-02-03 04:52:20', NULL),
(927, '82', '2', '137', '72', 'no', '2025-01-27 11:02:58', '2025-01-27 11:02:58', NULL),
(928, '82', '2', '137', '132', 'no', '2025-01-27 11:02:58', '2025-01-27 11:02:58', NULL),
(929, '82', '2', '137', '133', 'no', '2025-01-27 11:02:58', '2025-01-27 11:02:58', NULL),
(930, '82', '2', '137', '136', 'no', '2025-01-27 11:02:58', '2025-01-27 11:02:58', NULL),
(931, '82', '2', '137', '138', 'no', '2025-01-27 11:02:58', '2025-01-27 11:02:58', NULL),
(932, '82', '2', '137', '140', 'no', '2025-01-27 11:02:58', '2025-01-27 11:02:58', NULL),
(933, '82', '2', '137', '144', 'yes', '2025-01-27 11:02:58', '2025-02-03 07:44:03', NULL),
(934, '82', '2', '137', '146', 'no', '2025-01-27 11:02:58', '2025-01-27 11:02:58', NULL),
(935, '82', '2', '137', '155', 'no', '2025-01-27 11:02:59', '2025-01-27 11:02:59', NULL),
(936, '82', '2', '137', '164', 'no', '2025-01-27 11:02:59', '2025-01-27 11:02:59', NULL),
(937, '82', '2', '137', '171', 'no', '2025-01-27 11:02:59', '2025-01-27 11:02:59', NULL),
(938, '82', '2', '137', '176', 'no', '2025-01-27 11:02:59', '2025-01-27 11:02:59', NULL),
(939, '82', '2', '137', '181', 'no', '2025-01-27 11:02:59', '2025-01-27 11:02:59', NULL),
(940, '82', '2', '137', '182', 'no', '2025-01-27 11:02:59', '2025-01-27 11:02:59', NULL),
(941, '82', '2', '137', '183', 'no', '2025-01-27 11:02:59', '2025-01-27 11:02:59', NULL),
(942, '82', '2', '137', '184', 'no', '2025-01-27 11:02:59', '2025-01-27 11:02:59', NULL),
(943, '85', '2', '71', '1', 'yes', '2025-01-28 04:04:57', '2025-02-17 03:54:36', NULL),
(944, '85', '2', '71', '3', 'yes', '2025-01-28 04:04:57', '2025-02-03 08:00:38', NULL),
(945, '85', '2', '71', '6', 'yes', '2025-01-28 04:04:57', '2025-02-13 09:48:07', NULL),
(946, '85', '2', '71', '48', 'yes', '2025-01-28 04:04:57', '2025-02-04 04:22:05', NULL),
(947, '85', '2', '71', '72', 'no', '2025-01-28 04:04:57', '2025-01-28 04:04:57', NULL),
(948, '85', '2', '71', '132', 'no', '2025-01-28 04:04:57', '2025-01-28 04:04:57', NULL),
(949, '85', '2', '71', '133', 'no', '2025-01-28 04:04:57', '2025-01-28 04:04:57', NULL),
(950, '85', '2', '71', '136', 'no', '2025-01-28 04:04:57', '2025-01-28 04:04:57', NULL),
(951, '85', '2', '71', '137', 'yes', '2025-01-28 04:04:57', '2025-01-28 04:11:14', NULL),
(952, '85', '2', '71', '138', 'no', '2025-01-28 04:04:57', '2025-01-28 04:04:57', NULL),
(953, '85', '2', '71', '140', 'no', '2025-01-28 04:04:57', '2025-01-28 04:04:57', NULL),
(954, '85', '2', '71', '144', 'yes', '2025-01-28 04:04:57', '2025-02-03 07:44:03', NULL),
(955, '85', '2', '71', '146', 'no', '2025-01-28 04:04:57', '2025-01-28 04:04:57', NULL),
(956, '85', '2', '71', '155', 'no', '2025-01-28 04:04:57', '2025-01-28 04:04:57', NULL),
(957, '85', '2', '71', '164', 'no', '2025-01-28 04:04:57', '2025-01-28 04:04:57', NULL),
(958, '85', '2', '71', '171', 'no', '2025-01-28 04:04:57', '2025-01-28 04:04:57', NULL),
(959, '85', '2', '71', '176', 'no', '2025-01-28 04:04:57', '2025-01-28 04:04:57', NULL),
(960, '85', '2', '71', '181', 'no', '2025-01-28 04:04:57', '2025-01-28 04:04:57', NULL),
(961, '85', '2', '71', '182', 'no', '2025-01-28 04:04:57', '2025-01-28 04:04:57', NULL),
(962, '85', '2', '71', '183', 'no', '2025-01-28 04:04:57', '2025-01-28 04:04:57', NULL),
(963, '85', '2', '71', '184', 'no', '2025-01-28 04:04:57', '2025-01-28 04:04:57', NULL),
(964, '86', '2', '71', '1', 'yes', '2025-01-28 04:05:12', '2025-02-17 03:54:36', NULL),
(965, '86', '2', '71', '3', 'yes', '2025-01-28 04:05:12', '2025-02-03 08:00:38', NULL),
(966, '86', '2', '71', '6', 'yes', '2025-01-28 04:05:12', '2025-02-13 09:48:07', NULL),
(967, '86', '2', '71', '48', 'yes', '2025-01-28 04:05:12', '2025-02-04 04:22:05', NULL),
(968, '86', '2', '71', '72', 'no', '2025-01-28 04:05:12', '2025-01-28 04:05:12', NULL),
(969, '86', '2', '71', '132', 'no', '2025-01-28 04:05:12', '2025-01-28 04:05:12', NULL),
(970, '86', '2', '71', '133', 'no', '2025-01-28 04:05:12', '2025-01-28 04:05:12', NULL),
(971, '86', '2', '71', '136', 'no', '2025-01-28 04:05:12', '2025-01-28 04:05:12', NULL),
(972, '86', '2', '71', '137', 'yes', '2025-01-28 04:05:12', '2025-01-28 04:11:14', NULL),
(973, '86', '2', '71', '138', 'no', '2025-01-28 04:05:12', '2025-01-28 04:05:12', NULL),
(974, '86', '2', '71', '140', 'no', '2025-01-28 04:05:12', '2025-01-28 04:05:12', NULL),
(975, '86', '2', '71', '144', 'yes', '2025-01-28 04:05:13', '2025-02-03 07:44:03', NULL),
(976, '86', '2', '71', '146', 'no', '2025-01-28 04:05:13', '2025-01-28 04:05:13', NULL),
(977, '86', '2', '71', '155', 'no', '2025-01-28 04:05:13', '2025-01-28 04:05:13', NULL),
(978, '86', '2', '71', '164', 'no', '2025-01-28 04:05:13', '2025-01-28 04:05:13', NULL),
(979, '86', '2', '71', '171', 'no', '2025-01-28 04:05:13', '2025-01-28 04:05:13', NULL),
(980, '86', '2', '71', '176', 'no', '2025-01-28 04:05:13', '2025-01-28 04:05:13', NULL),
(981, '86', '2', '71', '181', 'no', '2025-01-28 04:05:13', '2025-01-28 04:05:13', NULL),
(982, '86', '2', '71', '182', 'no', '2025-01-28 04:05:13', '2025-01-28 04:05:13', NULL),
(983, '86', '2', '71', '183', 'no', '2025-01-28 04:05:13', '2025-01-28 04:05:13', NULL),
(984, '86', '2', '71', '184', 'no', '2025-01-28 04:05:13', '2025-01-28 04:05:13', NULL),
(985, '87', '2', '71', '1', 'yes', '2025-01-28 04:05:33', '2025-02-17 03:54:36', NULL),
(986, '87', '2', '71', '3', 'yes', '2025-01-28 04:05:33', '2025-02-03 08:00:38', NULL),
(987, '87', '2', '71', '6', 'yes', '2025-01-28 04:05:33', '2025-02-13 09:48:07', NULL),
(988, '87', '2', '71', '48', 'yes', '2025-01-28 04:05:33', '2025-02-04 04:22:05', NULL),
(989, '87', '2', '71', '72', 'no', '2025-01-28 04:05:33', '2025-01-28 04:05:33', NULL),
(990, '87', '2', '71', '132', 'no', '2025-01-28 04:05:33', '2025-01-28 04:05:33', NULL),
(991, '87', '2', '71', '133', 'no', '2025-01-28 04:05:33', '2025-01-28 04:05:33', NULL),
(992, '87', '2', '71', '136', 'no', '2025-01-28 04:05:33', '2025-01-28 04:05:33', NULL),
(993, '87', '2', '71', '137', 'yes', '2025-01-28 04:05:33', '2025-01-28 04:11:14', NULL),
(994, '87', '2', '71', '138', 'no', '2025-01-28 04:05:33', '2025-01-28 04:05:33', NULL),
(995, '87', '2', '71', '140', 'no', '2025-01-28 04:05:33', '2025-01-28 04:05:33', NULL),
(996, '87', '2', '71', '144', 'yes', '2025-01-28 04:05:33', '2025-02-03 07:44:03', NULL),
(997, '87', '2', '71', '146', 'no', '2025-01-28 04:05:33', '2025-01-28 04:05:33', NULL),
(998, '87', '2', '71', '155', 'no', '2025-01-28 04:05:33', '2025-01-28 04:05:33', NULL),
(999, '87', '2', '71', '164', 'no', '2025-01-28 04:05:33', '2025-01-28 04:05:33', NULL),
(1000, '87', '2', '71', '171', 'no', '2025-01-28 04:05:33', '2025-01-28 04:05:33', NULL),
(1001, '87', '2', '71', '176', 'no', '2025-01-28 04:05:33', '2025-01-28 04:05:33', NULL),
(1002, '87', '2', '71', '181', 'no', '2025-01-28 04:05:33', '2025-01-28 04:05:33', NULL),
(1003, '87', '2', '71', '182', 'no', '2025-01-28 04:05:33', '2025-01-28 04:05:33', NULL),
(1004, '87', '2', '71', '183', 'no', '2025-01-28 04:05:33', '2025-01-28 04:05:33', NULL),
(1005, '87', '2', '71', '184', 'no', '2025-01-28 04:05:33', '2025-01-28 04:05:33', NULL),
(1006, '88', '2', '71', '1', 'yes', '2025-01-28 04:05:35', '2025-02-17 03:54:36', NULL),
(1007, '88', '2', '71', '3', 'yes', '2025-01-28 04:05:35', '2025-02-03 08:00:38', NULL),
(1008, '88', '2', '71', '6', 'yes', '2025-01-28 04:05:35', '2025-02-13 09:48:07', NULL),
(1009, '88', '2', '71', '48', 'yes', '2025-01-28 04:05:35', '2025-02-04 04:22:05', NULL),
(1010, '88', '2', '71', '72', 'no', '2025-01-28 04:05:35', '2025-01-28 04:05:35', NULL),
(1011, '88', '2', '71', '132', 'no', '2025-01-28 04:05:35', '2025-01-28 04:05:35', NULL),
(1012, '88', '2', '71', '133', 'no', '2025-01-28 04:05:35', '2025-01-28 04:05:35', NULL),
(1013, '88', '2', '71', '136', 'no', '2025-01-28 04:05:35', '2025-01-28 04:05:35', NULL),
(1014, '88', '2', '71', '137', 'yes', '2025-01-28 04:05:35', '2025-01-28 04:11:14', NULL),
(1015, '88', '2', '71', '138', 'no', '2025-01-28 04:05:35', '2025-01-28 04:05:35', NULL),
(1016, '88', '2', '71', '140', 'no', '2025-01-28 04:05:35', '2025-01-28 04:05:35', NULL),
(1017, '88', '2', '71', '144', 'yes', '2025-01-28 04:05:35', '2025-02-03 07:44:03', NULL),
(1018, '88', '2', '71', '146', 'no', '2025-01-28 04:05:35', '2025-01-28 04:05:35', NULL),
(1019, '88', '2', '71', '155', 'no', '2025-01-28 04:05:35', '2025-01-28 04:05:35', NULL),
(1020, '88', '2', '71', '164', 'no', '2025-01-28 04:05:35', '2025-01-28 04:05:35', NULL),
(1021, '88', '2', '71', '171', 'no', '2025-01-28 04:05:35', '2025-01-28 04:05:35', NULL),
(1022, '88', '2', '71', '176', 'no', '2025-01-28 04:05:35', '2025-01-28 04:05:35', NULL),
(1023, '88', '2', '71', '181', 'no', '2025-01-28 04:05:35', '2025-01-28 04:05:35', NULL),
(1024, '88', '2', '71', '182', 'no', '2025-01-28 04:05:35', '2025-01-28 04:05:35', NULL),
(1025, '88', '2', '71', '183', 'no', '2025-01-28 04:05:36', '2025-01-28 04:05:36', NULL),
(1026, '88', '2', '71', '184', 'no', '2025-01-28 04:05:36', '2025-01-28 04:05:36', NULL),
(1027, '89', '2', '71', '1', 'yes', '2025-01-28 04:05:36', '2025-02-17 03:54:36', NULL),
(1028, '89', '2', '71', '3', 'yes', '2025-01-28 04:05:36', '2025-02-03 08:00:38', NULL),
(1029, '89', '2', '71', '6', 'yes', '2025-01-28 04:05:36', '2025-02-13 09:48:07', NULL),
(1030, '89', '2', '71', '48', 'yes', '2025-01-28 04:05:36', '2025-02-04 04:22:05', NULL),
(1031, '89', '2', '71', '72', 'no', '2025-01-28 04:05:36', '2025-01-28 04:05:36', NULL),
(1032, '89', '2', '71', '132', 'no', '2025-01-28 04:05:36', '2025-01-28 04:05:36', NULL),
(1033, '89', '2', '71', '133', 'no', '2025-01-28 04:05:36', '2025-01-28 04:05:36', NULL),
(1034, '89', '2', '71', '136', 'no', '2025-01-28 04:05:36', '2025-01-28 04:05:36', NULL),
(1035, '89', '2', '71', '137', 'yes', '2025-01-28 04:05:36', '2025-01-28 04:11:14', NULL),
(1036, '89', '2', '71', '138', 'no', '2025-01-28 04:05:36', '2025-01-28 04:05:36', NULL),
(1037, '89', '2', '71', '140', 'no', '2025-01-28 04:05:36', '2025-01-28 04:05:36', NULL),
(1038, '89', '2', '71', '144', 'yes', '2025-01-28 04:05:36', '2025-02-03 07:44:03', NULL),
(1039, '89', '2', '71', '146', 'no', '2025-01-28 04:05:36', '2025-01-28 04:05:36', NULL),
(1040, '89', '2', '71', '155', 'no', '2025-01-28 04:05:36', '2025-01-28 04:05:36', NULL),
(1041, '89', '2', '71', '164', 'no', '2025-01-28 04:05:36', '2025-01-28 04:05:36', NULL),
(1042, '89', '2', '71', '171', 'no', '2025-01-28 04:05:37', '2025-01-28 04:05:37', NULL),
(1043, '89', '2', '71', '176', 'no', '2025-01-28 04:05:37', '2025-01-28 04:05:37', NULL),
(1044, '89', '2', '71', '181', 'no', '2025-01-28 04:05:37', '2025-01-28 04:05:37', NULL),
(1045, '89', '2', '71', '182', 'no', '2025-01-28 04:05:37', '2025-01-28 04:05:37', NULL),
(1046, '89', '2', '71', '183', 'no', '2025-01-28 04:05:37', '2025-01-28 04:05:37', NULL),
(1047, '89', '2', '71', '184', 'no', '2025-01-28 04:05:37', '2025-01-28 04:05:37', NULL),
(1048, '90', '2', '71', '1', 'yes', '2025-01-28 04:05:46', '2025-02-17 03:54:36', NULL),
(1049, '90', '2', '71', '3', 'yes', '2025-01-28 04:05:46', '2025-02-03 08:00:38', NULL),
(1050, '90', '2', '71', '6', 'yes', '2025-01-28 04:05:46', '2025-02-13 09:48:07', NULL),
(1051, '90', '2', '71', '48', 'yes', '2025-01-28 04:05:46', '2025-02-04 04:22:05', NULL),
(1052, '90', '2', '71', '72', 'no', '2025-01-28 04:05:46', '2025-01-28 04:05:46', NULL),
(1053, '90', '2', '71', '132', 'no', '2025-01-28 04:05:46', '2025-01-28 04:05:46', NULL),
(1054, '90', '2', '71', '133', 'no', '2025-01-28 04:05:46', '2025-01-28 04:05:46', NULL),
(1055, '90', '2', '71', '136', 'no', '2025-01-28 04:05:46', '2025-01-28 04:05:46', NULL),
(1056, '90', '2', '71', '137', 'yes', '2025-01-28 04:05:46', '2025-01-28 04:11:14', NULL),
(1057, '90', '2', '71', '138', 'no', '2025-01-28 04:05:46', '2025-01-28 04:05:46', NULL),
(1058, '90', '2', '71', '140', 'no', '2025-01-28 04:05:46', '2025-01-28 04:05:46', NULL),
(1059, '90', '2', '71', '144', 'yes', '2025-01-28 04:05:46', '2025-02-03 07:44:03', NULL),
(1060, '90', '2', '71', '146', 'no', '2025-01-28 04:05:46', '2025-01-28 04:05:46', NULL),
(1061, '90', '2', '71', '155', 'no', '2025-01-28 04:05:46', '2025-01-28 04:05:46', NULL),
(1062, '90', '2', '71', '164', 'no', '2025-01-28 04:05:46', '2025-01-28 04:05:46', NULL),
(1063, '90', '2', '71', '171', 'no', '2025-01-28 04:05:46', '2025-01-28 04:05:46', NULL),
(1064, '90', '2', '71', '176', 'no', '2025-01-28 04:05:46', '2025-01-28 04:05:46', NULL),
(1065, '90', '2', '71', '181', 'no', '2025-01-28 04:05:46', '2025-01-28 04:05:46', NULL),
(1066, '90', '2', '71', '182', 'no', '2025-01-28 04:05:46', '2025-01-28 04:05:46', NULL),
(1067, '90', '2', '71', '183', 'no', '2025-01-28 04:05:46', '2025-01-28 04:05:46', NULL),
(1068, '90', '2', '71', '184', 'no', '2025-01-28 04:05:46', '2025-01-28 04:05:46', NULL),
(1069, '91', '2', '71', '1', 'yes', '2025-01-28 04:05:52', '2025-02-17 03:54:36', NULL),
(1070, '91', '2', '71', '3', 'yes', '2025-01-28 04:05:52', '2025-02-03 08:00:38', NULL),
(1071, '91', '2', '71', '6', 'yes', '2025-01-28 04:05:52', '2025-02-13 09:48:07', NULL),
(1072, '91', '2', '71', '48', 'yes', '2025-01-28 04:05:52', '2025-02-04 04:22:05', NULL),
(1073, '91', '2', '71', '72', 'no', '2025-01-28 04:05:53', '2025-01-28 04:05:53', NULL),
(1074, '91', '2', '71', '132', 'no', '2025-01-28 04:05:53', '2025-01-28 04:05:53', NULL),
(1075, '91', '2', '71', '133', 'no', '2025-01-28 04:05:53', '2025-01-28 04:05:53', NULL),
(1076, '91', '2', '71', '136', 'no', '2025-01-28 04:05:53', '2025-01-28 04:05:53', NULL),
(1077, '91', '2', '71', '137', 'yes', '2025-01-28 04:05:53', '2025-01-28 04:11:14', NULL),
(1078, '91', '2', '71', '138', 'no', '2025-01-28 04:05:53', '2025-01-28 04:05:53', NULL),
(1079, '91', '2', '71', '140', 'no', '2025-01-28 04:05:53', '2025-01-28 04:05:53', NULL),
(1080, '91', '2', '71', '144', 'yes', '2025-01-28 04:05:53', '2025-02-03 07:44:03', NULL),
(1081, '91', '2', '71', '146', 'no', '2025-01-28 04:05:53', '2025-01-28 04:05:53', NULL),
(1082, '91', '2', '71', '155', 'no', '2025-01-28 04:05:53', '2025-01-28 04:05:53', NULL),
(1083, '91', '2', '71', '164', 'no', '2025-01-28 04:05:53', '2025-01-28 04:05:53', NULL),
(1084, '91', '2', '71', '171', 'no', '2025-01-28 04:05:53', '2025-01-28 04:05:53', NULL),
(1085, '91', '2', '71', '176', 'no', '2025-01-28 04:05:53', '2025-01-28 04:05:53', NULL),
(1086, '91', '2', '71', '181', 'no', '2025-01-28 04:05:53', '2025-01-28 04:05:53', NULL),
(1087, '91', '2', '71', '182', 'no', '2025-01-28 04:05:53', '2025-01-28 04:05:53', NULL),
(1088, '91', '2', '71', '183', 'no', '2025-01-28 04:05:53', '2025-01-28 04:05:53', NULL),
(1089, '91', '2', '71', '184', 'no', '2025-01-28 04:05:53', '2025-01-28 04:05:53', NULL),
(1090, '92', '2', '71', '1', 'yes', '2025-01-28 04:07:08', '2025-02-17 03:54:36', NULL),
(1091, '92', '2', '71', '3', 'yes', '2025-01-28 04:07:08', '2025-02-03 08:00:38', NULL),
(1092, '92', '2', '71', '6', 'yes', '2025-01-28 04:07:08', '2025-02-13 09:48:07', NULL),
(1093, '92', '2', '71', '48', 'yes', '2025-01-28 04:07:08', '2025-02-04 04:22:05', NULL),
(1094, '92', '2', '71', '72', 'no', '2025-01-28 04:07:08', '2025-01-28 04:07:08', NULL),
(1095, '92', '2', '71', '132', 'no', '2025-01-28 04:07:08', '2025-01-28 04:07:08', NULL),
(1096, '92', '2', '71', '133', 'no', '2025-01-28 04:07:08', '2025-01-28 04:07:08', NULL),
(1097, '92', '2', '71', '136', 'no', '2025-01-28 04:07:08', '2025-01-28 04:07:08', NULL),
(1098, '92', '2', '71', '137', 'yes', '2025-01-28 04:07:08', '2025-01-28 04:11:14', NULL),
(1099, '92', '2', '71', '138', 'no', '2025-01-28 04:07:08', '2025-01-28 04:07:08', NULL),
(1100, '92', '2', '71', '140', 'no', '2025-01-28 04:07:08', '2025-01-28 04:07:08', NULL),
(1101, '92', '2', '71', '144', 'yes', '2025-01-28 04:07:08', '2025-02-03 07:44:03', NULL),
(1102, '92', '2', '71', '146', 'no', '2025-01-28 04:07:08', '2025-01-28 04:07:08', NULL),
(1103, '92', '2', '71', '155', 'no', '2025-01-28 04:07:08', '2025-01-28 04:07:08', NULL),
(1104, '92', '2', '71', '164', 'no', '2025-01-28 04:07:08', '2025-01-28 04:07:08', NULL),
(1105, '92', '2', '71', '171', 'no', '2025-01-28 04:07:08', '2025-01-28 04:07:08', NULL),
(1106, '92', '2', '71', '176', 'no', '2025-01-28 04:07:08', '2025-01-28 04:07:08', NULL),
(1107, '92', '2', '71', '181', 'no', '2025-01-28 04:07:08', '2025-01-28 04:07:08', NULL),
(1108, '92', '2', '71', '182', 'no', '2025-01-28 04:07:08', '2025-01-28 04:07:08', NULL),
(1109, '92', '2', '71', '183', 'no', '2025-01-28 04:07:08', '2025-01-28 04:07:08', NULL),
(1110, '92', '2', '71', '184', 'no', '2025-01-28 04:07:08', '2025-01-28 04:07:08', NULL),
(1111, '113', '1', '71', '1', 'yes', '2025-01-28 05:06:08', '2025-02-21 06:05:56', NULL),
(1112, '113', '1', '71', '3', 'yes', '2025-01-28 05:06:08', '2025-02-03 04:46:02', NULL),
(1113, '113', '1', '71', '4', 'yes', '2025-01-28 05:06:08', '2025-01-31 05:02:10', NULL),
(1114, '113', '1', '71', '18', 'yes', '2025-01-28 05:06:08', '2025-02-04 04:07:38', NULL),
(1115, '113', '1', '71', '48', 'yes', '2025-01-28 05:06:08', '2025-02-04 04:22:18', NULL),
(1116, '113', '1', '71', '130', 'no', '2025-01-28 05:06:08', '2025-01-28 05:06:08', NULL),
(1117, '113', '1', '71', '142', 'no', '2025-01-28 05:06:08', '2025-01-28 05:06:08', NULL),
(1118, '113', '1', '71', '143', 'no', '2025-01-28 05:06:08', '2025-01-28 05:06:08', NULL),
(1119, '113', '1', '71', '145', 'no', '2025-01-28 05:06:08', '2025-01-28 05:06:08', NULL),
(1120, '113', '1', '71', '148', 'no', '2025-01-28 05:06:08', '2025-01-28 05:06:08', NULL),
(1121, '113', '1', '71', '150', 'no', '2025-01-28 05:06:08', '2025-01-28 05:06:08', NULL),
(1122, '113', '1', '71', '156', 'no', '2025-01-28 05:06:08', '2025-01-28 05:06:08', NULL),
(1123, '113', '1', '71', '158', 'no', '2025-01-28 05:06:08', '2025-01-28 05:06:08', NULL),
(1124, '114', '1', '4', '1', 'yes', '2025-01-28 05:06:52', '2025-02-21 06:05:56', NULL),
(1125, '114', '1', '4', '3', 'yes', '2025-01-28 05:06:52', '2025-02-03 04:46:02', NULL),
(1126, '114', '1', '4', '18', 'yes', '2025-01-28 05:06:52', '2025-02-04 04:07:38', NULL),
(1127, '114', '1', '4', '48', 'yes', '2025-01-28 05:06:52', '2025-02-04 04:22:18', NULL),
(1128, '114', '1', '4', '71', 'yes', '2025-01-28 05:06:52', '2025-02-03 05:13:54', NULL),
(1129, '114', '1', '4', '130', 'no', '2025-01-28 05:06:52', '2025-01-28 05:06:52', NULL),
(1130, '114', '1', '4', '142', 'no', '2025-01-28 05:06:52', '2025-01-28 05:06:52', NULL),
(1131, '114', '1', '4', '143', 'no', '2025-01-28 05:06:52', '2025-01-28 05:06:52', NULL),
(1132, '114', '1', '4', '145', 'no', '2025-01-28 05:06:52', '2025-01-28 05:06:52', NULL),
(1133, '114', '1', '4', '148', 'no', '2025-01-28 05:06:52', '2025-01-28 05:06:52', NULL),
(1134, '114', '1', '4', '150', 'no', '2025-01-28 05:06:52', '2025-01-28 05:06:52', NULL),
(1135, '114', '1', '4', '156', 'no', '2025-01-28 05:06:52', '2025-01-28 05:06:52', NULL),
(1136, '114', '1', '4', '158', 'no', '2025-01-28 05:06:52', '2025-01-28 05:06:52', NULL),
(1137, '115', '4', '71', '1', 'yes', '2025-01-28 05:16:52', '2025-02-04 04:20:10', NULL),
(1138, '115', '4', '71', '3', 'no', '2025-01-28 05:16:52', '2025-01-28 05:16:52', NULL),
(1139, '115', '4', '71', '48', 'yes', '2025-01-28 05:16:52', '2025-02-04 04:22:20', NULL),
(1140, '115', '4', '71', '152', 'yes', '2025-01-28 05:16:52', '2025-02-13 09:42:25', NULL),
(1141, '115', '4', '71', '160', 'no', '2025-01-28 05:16:52', '2025-01-28 05:16:52', NULL),
(1142, '115', '4', '71', '177', 'yes', '2025-01-28 05:16:52', '2025-02-03 07:50:36', NULL),
(1143, '115', '4', '71', '178', 'no', '2025-01-28 05:16:52', '2025-01-28 05:16:52', NULL),
(1144, '115', '4', '71', '179', 'no', '2025-01-28 05:16:52', '2025-01-28 05:16:52', NULL),
(1145, '115', '4', '71', '180', 'no', '2025-01-28 05:16:52', '2025-01-28 05:16:52', NULL),
(1146, '115', '4', '71', '185', 'no', '2025-01-28 05:16:52', '2025-01-28 05:16:52', NULL),
(1147, '115', '4', '71', '186', 'no', '2025-01-28 05:16:52', '2025-01-28 05:16:52', NULL),
(1148, '116', '1', '71', '1', 'yes', '2025-01-28 05:19:34', '2025-02-21 06:05:56', NULL),
(1149, '116', '1', '71', '3', 'yes', '2025-01-28 05:19:34', '2025-02-03 04:46:02', NULL),
(1150, '116', '1', '71', '4', 'yes', '2025-01-28 05:19:34', '2025-01-31 05:02:10', NULL),
(1151, '116', '1', '71', '18', 'yes', '2025-01-28 05:19:34', '2025-02-04 04:07:38', NULL);
INSERT INTO `group_messages` (`id`, `message_id`, `team_id`, `sender_id`, `receiver_id`, `is_read`, `created_at`, `updated_at`, `deleted_at`) VALUES
(1152, '116', '1', '71', '48', 'yes', '2025-01-28 05:19:34', '2025-02-04 04:22:18', NULL),
(1153, '116', '1', '71', '130', 'no', '2025-01-28 05:19:34', '2025-01-28 05:19:34', NULL),
(1154, '116', '1', '71', '142', 'no', '2025-01-28 05:19:34', '2025-01-28 05:19:34', NULL),
(1155, '116', '1', '71', '143', 'no', '2025-01-28 05:19:34', '2025-01-28 05:19:34', NULL),
(1156, '116', '1', '71', '145', 'no', '2025-01-28 05:19:34', '2025-01-28 05:19:34', NULL),
(1157, '116', '1', '71', '148', 'no', '2025-01-28 05:19:34', '2025-01-28 05:19:34', NULL),
(1158, '116', '1', '71', '150', 'no', '2025-01-28 05:19:34', '2025-01-28 05:19:34', NULL),
(1159, '116', '1', '71', '156', 'no', '2025-01-28 05:19:34', '2025-01-28 05:19:34', NULL),
(1160, '116', '1', '71', '158', 'no', '2025-01-28 05:19:34', '2025-01-28 05:19:34', NULL),
(1161, '138', '1', '1', '3', 'yes', '2025-01-29 04:55:19', '2025-02-03 04:46:02', NULL),
(1162, '138', '1', '1', '4', 'yes', '2025-01-29 04:55:19', '2025-01-31 05:02:10', NULL),
(1163, '138', '1', '1', '18', 'yes', '2025-01-29 04:55:19', '2025-02-04 04:07:38', NULL),
(1164, '138', '1', '1', '48', 'yes', '2025-01-29 04:55:19', '2025-02-04 04:22:18', NULL),
(1165, '138', '1', '1', '71', 'yes', '2025-01-29 04:55:19', '2025-02-03 05:13:54', NULL),
(1166, '138', '1', '1', '130', 'no', '2025-01-29 04:55:19', '2025-01-29 04:55:19', NULL),
(1167, '138', '1', '1', '142', 'no', '2025-01-29 04:55:19', '2025-01-29 04:55:19', NULL),
(1168, '138', '1', '1', '143', 'no', '2025-01-29 04:55:19', '2025-01-29 04:55:19', NULL),
(1169, '138', '1', '1', '145', 'no', '2025-01-29 04:55:19', '2025-01-29 04:55:19', NULL),
(1170, '138', '1', '1', '148', 'no', '2025-01-29 04:55:19', '2025-01-29 04:55:19', NULL),
(1171, '138', '1', '1', '150', 'no', '2025-01-29 04:55:19', '2025-01-29 04:55:19', NULL),
(1172, '138', '1', '1', '156', 'no', '2025-01-29 04:55:19', '2025-01-29 04:55:19', NULL),
(1173, '138', '1', '1', '158', 'no', '2025-01-29 04:55:19', '2025-01-29 04:55:19', NULL),
(1174, '139', '1', '1', '3', 'yes', '2025-01-29 04:55:27', '2025-02-03 04:46:02', NULL),
(1175, '139', '1', '1', '4', 'yes', '2025-01-29 04:55:27', '2025-01-31 05:02:10', NULL),
(1176, '139', '1', '1', '18', 'yes', '2025-01-29 04:55:27', '2025-02-04 04:07:38', NULL),
(1177, '139', '1', '1', '48', 'yes', '2025-01-29 04:55:27', '2025-02-04 04:22:18', NULL),
(1178, '139', '1', '1', '71', 'yes', '2025-01-29 04:55:27', '2025-02-03 05:13:54', NULL),
(1179, '139', '1', '1', '130', 'no', '2025-01-29 04:55:27', '2025-01-29 04:55:27', NULL),
(1180, '139', '1', '1', '142', 'no', '2025-01-29 04:55:27', '2025-01-29 04:55:27', NULL),
(1181, '139', '1', '1', '143', 'no', '2025-01-29 04:55:27', '2025-01-29 04:55:27', NULL),
(1182, '139', '1', '1', '145', 'no', '2025-01-29 04:55:27', '2025-01-29 04:55:27', NULL),
(1183, '139', '1', '1', '148', 'no', '2025-01-29 04:55:27', '2025-01-29 04:55:27', NULL),
(1184, '139', '1', '1', '150', 'no', '2025-01-29 04:55:27', '2025-01-29 04:55:27', NULL),
(1185, '139', '1', '1', '156', 'no', '2025-01-29 04:55:27', '2025-01-29 04:55:27', NULL),
(1186, '139', '1', '1', '158', 'no', '2025-01-29 04:55:27', '2025-01-29 04:55:27', NULL),
(1187, '140', '1', '1', '3', 'yes', '2025-01-29 04:55:31', '2025-02-03 04:46:02', NULL),
(1188, '140', '1', '1', '4', 'yes', '2025-01-29 04:55:31', '2025-01-31 05:02:10', NULL),
(1189, '140', '1', '1', '18', 'yes', '2025-01-29 04:55:31', '2025-02-04 04:07:38', NULL),
(1190, '140', '1', '1', '48', 'yes', '2025-01-29 04:55:31', '2025-02-04 04:22:18', NULL),
(1191, '140', '1', '1', '71', 'yes', '2025-01-29 04:55:31', '2025-02-03 05:13:54', NULL),
(1192, '140', '1', '1', '130', 'no', '2025-01-29 04:55:31', '2025-01-29 04:55:31', NULL),
(1193, '140', '1', '1', '142', 'no', '2025-01-29 04:55:31', '2025-01-29 04:55:31', NULL),
(1194, '140', '1', '1', '143', 'no', '2025-01-29 04:55:31', '2025-01-29 04:55:31', NULL),
(1195, '140', '1', '1', '145', 'no', '2025-01-29 04:55:31', '2025-01-29 04:55:31', NULL),
(1196, '140', '1', '1', '148', 'no', '2025-01-29 04:55:31', '2025-01-29 04:55:31', NULL),
(1197, '140', '1', '1', '150', 'no', '2025-01-29 04:55:31', '2025-01-29 04:55:31', NULL),
(1198, '140', '1', '1', '156', 'no', '2025-01-29 04:55:31', '2025-01-29 04:55:31', NULL),
(1199, '140', '1', '1', '158', 'no', '2025-01-29 04:55:31', '2025-01-29 04:55:31', NULL),
(1200, '141', '1', '1', '3', 'yes', '2025-01-29 04:55:32', '2025-02-03 04:46:02', NULL),
(1201, '141', '1', '1', '4', 'yes', '2025-01-29 04:55:32', '2025-01-31 05:02:10', NULL),
(1202, '141', '1', '1', '18', 'yes', '2025-01-29 04:55:32', '2025-02-04 04:07:38', NULL),
(1203, '141', '1', '1', '48', 'yes', '2025-01-29 04:55:32', '2025-02-04 04:22:18', NULL),
(1204, '141', '1', '1', '71', 'yes', '2025-01-29 04:55:32', '2025-02-03 05:13:54', NULL),
(1205, '141', '1', '1', '130', 'no', '2025-01-29 04:55:32', '2025-01-29 04:55:32', NULL),
(1206, '141', '1', '1', '142', 'no', '2025-01-29 04:55:32', '2025-01-29 04:55:32', NULL),
(1207, '141', '1', '1', '143', 'no', '2025-01-29 04:55:32', '2025-01-29 04:55:32', NULL),
(1208, '141', '1', '1', '145', 'no', '2025-01-29 04:55:32', '2025-01-29 04:55:32', NULL),
(1209, '141', '1', '1', '148', 'no', '2025-01-29 04:55:32', '2025-01-29 04:55:32', NULL),
(1210, '141', '1', '1', '150', 'no', '2025-01-29 04:55:32', '2025-01-29 04:55:32', NULL),
(1211, '141', '1', '1', '156', 'no', '2025-01-29 04:55:32', '2025-01-29 04:55:32', NULL),
(1212, '141', '1', '1', '158', 'no', '2025-01-29 04:55:32', '2025-01-29 04:55:32', NULL),
(1213, '144', '1', '3', '1', 'yes', '2025-01-29 05:01:33', '2025-02-21 06:05:56', NULL),
(1214, '144', '1', '3', '4', 'yes', '2025-01-29 05:01:33', '2025-01-31 05:02:10', NULL),
(1215, '144', '1', '3', '18', 'yes', '2025-01-29 05:01:33', '2025-02-04 04:07:38', NULL),
(1216, '144', '1', '3', '48', 'yes', '2025-01-29 05:01:33', '2025-02-04 04:22:18', NULL),
(1217, '144', '1', '3', '71', 'yes', '2025-01-29 05:01:33', '2025-02-03 05:13:54', NULL),
(1218, '144', '1', '3', '130', 'no', '2025-01-29 05:01:33', '2025-01-29 05:01:33', NULL),
(1219, '144', '1', '3', '142', 'no', '2025-01-29 05:01:33', '2025-01-29 05:01:33', NULL),
(1220, '144', '1', '3', '143', 'no', '2025-01-29 05:01:33', '2025-01-29 05:01:33', NULL),
(1221, '144', '1', '3', '145', 'no', '2025-01-29 05:01:34', '2025-01-29 05:01:34', NULL),
(1222, '144', '1', '3', '148', 'no', '2025-01-29 05:01:34', '2025-01-29 05:01:34', NULL),
(1223, '144', '1', '3', '150', 'no', '2025-01-29 05:01:34', '2025-01-29 05:01:34', NULL),
(1224, '144', '1', '3', '156', 'no', '2025-01-29 05:01:34', '2025-01-29 05:01:34', NULL),
(1225, '144', '1', '3', '158', 'no', '2025-01-29 05:01:34', '2025-01-29 05:01:34', NULL),
(1226, '148', '1', '71', '1', 'yes', '2025-01-30 10:52:26', '2025-02-21 06:05:56', NULL),
(1227, '148', '1', '71', '3', 'yes', '2025-01-30 10:52:26', '2025-02-03 04:46:02', NULL),
(1228, '148', '1', '71', '4', 'yes', '2025-01-30 10:52:26', '2025-01-31 05:02:10', NULL),
(1229, '148', '1', '71', '18', 'yes', '2025-01-30 10:52:26', '2025-02-04 04:07:38', NULL),
(1230, '148', '1', '71', '48', 'yes', '2025-01-30 10:52:26', '2025-02-04 04:22:18', NULL),
(1231, '148', '1', '71', '130', 'no', '2025-01-30 10:52:26', '2025-01-30 10:52:26', NULL),
(1232, '148', '1', '71', '142', 'no', '2025-01-30 10:52:26', '2025-01-30 10:52:26', NULL),
(1233, '148', '1', '71', '143', 'no', '2025-01-30 10:52:26', '2025-01-30 10:52:26', NULL),
(1234, '148', '1', '71', '145', 'no', '2025-01-30 10:52:26', '2025-01-30 10:52:26', NULL),
(1235, '148', '1', '71', '148', 'no', '2025-01-30 10:52:26', '2025-01-30 10:52:26', NULL),
(1236, '148', '1', '71', '150', 'no', '2025-01-30 10:52:26', '2025-01-30 10:52:26', NULL),
(1237, '148', '1', '71', '156', 'no', '2025-01-30 10:52:26', '2025-01-30 10:52:26', NULL),
(1238, '148', '1', '71', '158', 'no', '2025-01-30 10:52:26', '2025-01-30 10:52:26', NULL),
(1239, '149', '2', '71', '1', 'yes', '2025-01-30 10:52:33', '2025-02-17 03:54:36', NULL),
(1240, '149', '2', '71', '3', 'yes', '2025-01-30 10:52:33', '2025-02-03 08:00:38', NULL),
(1241, '149', '2', '71', '6', 'yes', '2025-01-30 10:52:33', '2025-02-13 09:48:07', NULL),
(1242, '149', '2', '71', '48', 'yes', '2025-01-30 10:52:33', '2025-02-04 04:22:05', NULL),
(1243, '149', '2', '71', '72', 'no', '2025-01-30 10:52:33', '2025-01-30 10:52:33', NULL),
(1244, '149', '2', '71', '132', 'no', '2025-01-30 10:52:33', '2025-01-30 10:52:33', NULL),
(1245, '149', '2', '71', '133', 'no', '2025-01-30 10:52:33', '2025-01-30 10:52:33', NULL),
(1246, '149', '2', '71', '136', 'no', '2025-01-30 10:52:33', '2025-01-30 10:52:33', NULL),
(1247, '149', '2', '71', '137', 'no', '2025-01-30 10:52:33', '2025-01-30 10:52:33', NULL),
(1248, '149', '2', '71', '138', 'no', '2025-01-30 10:52:33', '2025-01-30 10:52:33', NULL),
(1249, '149', '2', '71', '140', 'no', '2025-01-30 10:52:33', '2025-01-30 10:52:33', NULL),
(1250, '149', '2', '71', '144', 'yes', '2025-01-30 10:52:33', '2025-02-03 07:44:03', NULL),
(1251, '149', '2', '71', '146', 'no', '2025-01-30 10:52:33', '2025-01-30 10:52:33', NULL),
(1252, '149', '2', '71', '155', 'no', '2025-01-30 10:52:33', '2025-01-30 10:52:33', NULL),
(1253, '149', '2', '71', '164', 'no', '2025-01-30 10:52:33', '2025-01-30 10:52:33', NULL),
(1254, '149', '2', '71', '171', 'no', '2025-01-30 10:52:33', '2025-01-30 10:52:33', NULL),
(1255, '149', '2', '71', '176', 'no', '2025-01-30 10:52:33', '2025-01-30 10:52:33', NULL),
(1256, '149', '2', '71', '181', 'no', '2025-01-30 10:52:33', '2025-01-30 10:52:33', NULL),
(1257, '149', '2', '71', '182', 'no', '2025-01-30 10:52:33', '2025-01-30 10:52:33', NULL),
(1258, '149', '2', '71', '183', 'no', '2025-01-30 10:52:33', '2025-01-30 10:52:33', NULL),
(1259, '149', '2', '71', '184', 'no', '2025-01-30 10:52:33', '2025-01-30 10:52:33', NULL),
(1260, '163', '1', '3', '1', 'yes', '2025-01-31 05:01:34', '2025-02-21 06:05:56', NULL),
(1261, '163', '1', '3', '4', 'yes', '2025-01-31 05:01:34', '2025-01-31 05:02:10', NULL),
(1262, '163', '1', '3', '18', 'yes', '2025-01-31 05:01:34', '2025-02-04 04:07:38', NULL),
(1263, '163', '1', '3', '48', 'yes', '2025-01-31 05:01:34', '2025-02-04 04:22:18', NULL),
(1264, '163', '1', '3', '71', 'yes', '2025-01-31 05:01:34', '2025-02-03 05:13:54', NULL),
(1265, '163', '1', '3', '130', 'no', '2025-01-31 05:01:34', '2025-01-31 05:01:34', NULL),
(1266, '163', '1', '3', '142', 'no', '2025-01-31 05:01:34', '2025-01-31 05:01:34', NULL),
(1267, '163', '1', '3', '143', 'no', '2025-01-31 05:01:34', '2025-01-31 05:01:34', NULL),
(1268, '163', '1', '3', '145', 'no', '2025-01-31 05:01:34', '2025-01-31 05:01:34', NULL),
(1269, '163', '1', '3', '148', 'no', '2025-01-31 05:01:34', '2025-01-31 05:01:34', NULL),
(1270, '163', '1', '3', '150', 'no', '2025-01-31 05:01:34', '2025-01-31 05:01:34', NULL),
(1271, '163', '1', '3', '156', 'no', '2025-01-31 05:01:34', '2025-01-31 05:01:34', NULL),
(1272, '163', '1', '3', '158', 'no', '2025-01-31 05:01:34', '2025-01-31 05:01:34', NULL),
(1273, '164', '1', '4', '1', 'yes', '2025-01-31 05:02:21', '2025-02-21 06:05:56', NULL),
(1274, '164', '1', '4', '3', 'yes', '2025-01-31 05:02:21', '2025-02-03 04:46:02', NULL),
(1275, '164', '1', '4', '18', 'yes', '2025-01-31 05:02:21', '2025-02-04 04:07:38', NULL),
(1276, '164', '1', '4', '48', 'yes', '2025-01-31 05:02:21', '2025-02-04 04:22:18', NULL),
(1277, '164', '1', '4', '71', 'yes', '2025-01-31 05:02:21', '2025-02-03 05:13:54', NULL),
(1278, '164', '1', '4', '130', 'no', '2025-01-31 05:02:21', '2025-01-31 05:02:21', NULL),
(1279, '164', '1', '4', '142', 'no', '2025-01-31 05:02:21', '2025-01-31 05:02:21', NULL),
(1280, '164', '1', '4', '143', 'no', '2025-01-31 05:02:21', '2025-01-31 05:02:21', NULL),
(1281, '164', '1', '4', '145', 'no', '2025-01-31 05:02:21', '2025-01-31 05:02:21', NULL),
(1282, '164', '1', '4', '148', 'no', '2025-01-31 05:02:21', '2025-01-31 05:02:21', NULL),
(1283, '164', '1', '4', '150', 'no', '2025-01-31 05:02:21', '2025-01-31 05:02:21', NULL),
(1284, '164', '1', '4', '156', 'no', '2025-01-31 05:02:21', '2025-01-31 05:02:21', NULL),
(1285, '164', '1', '4', '158', 'no', '2025-01-31 05:02:21', '2025-01-31 05:02:21', NULL),
(1286, '194', '3', '3', '1', 'yes', '2025-02-03 04:30:32', '2025-02-17 03:54:30', NULL),
(1287, '194', '3', '3', '48', 'yes', '2025-02-03 04:30:32', '2025-02-04 04:22:24', NULL),
(1288, '194', '3', '3', '49', 'no', '2025-02-03 04:30:32', '2025-02-03 04:30:32', NULL),
(1289, '194', '3', '3', '71', 'yes', '2025-02-03 04:30:32', '2025-02-03 05:35:57', NULL),
(1290, '194', '3', '3', '147', 'no', '2025-02-03 04:30:32', '2025-02-03 04:30:32', NULL),
(1291, '194', '3', '3', '166', 'no', '2025-02-03 04:30:32', '2025-02-03 04:30:32', NULL),
(1292, '194', '3', '3', '167', 'no', '2025-02-03 04:30:32', '2025-02-03 04:30:32', NULL),
(1293, '194', '3', '3', '168', 'no', '2025-02-03 04:30:32', '2025-02-03 04:30:32', NULL),
(1294, '194', '3', '3', '169', 'no', '2025-02-03 04:30:32', '2025-02-03 04:30:32', NULL),
(1295, '194', '3', '3', '170', 'yes', '2025-02-03 04:30:32', '2025-02-17 05:32:53', NULL),
(1296, '203', '1', '71', '1', 'yes', '2025-02-03 04:35:49', '2025-02-21 06:05:56', NULL),
(1297, '203', '1', '71', '3', 'yes', '2025-02-03 04:35:49', '2025-02-03 04:46:02', NULL),
(1298, '203', '1', '71', '4', 'no', '2025-02-03 04:35:49', '2025-02-03 04:35:49', NULL),
(1299, '203', '1', '71', '18', 'yes', '2025-02-03 04:35:49', '2025-02-04 04:07:38', NULL),
(1300, '203', '1', '71', '48', 'yes', '2025-02-03 04:35:49', '2025-02-04 04:22:18', NULL),
(1301, '203', '1', '71', '130', 'no', '2025-02-03 04:35:49', '2025-02-03 04:35:49', NULL),
(1302, '203', '1', '71', '142', 'no', '2025-02-03 04:35:49', '2025-02-03 04:35:49', NULL),
(1303, '203', '1', '71', '143', 'no', '2025-02-03 04:35:49', '2025-02-03 04:35:49', NULL),
(1304, '203', '1', '71', '145', 'no', '2025-02-03 04:35:49', '2025-02-03 04:35:49', NULL),
(1305, '203', '1', '71', '148', 'no', '2025-02-03 04:35:49', '2025-02-03 04:35:49', NULL),
(1306, '203', '1', '71', '150', 'no', '2025-02-03 04:35:50', '2025-02-03 04:35:50', NULL),
(1307, '203', '1', '71', '156', 'no', '2025-02-03 04:35:50', '2025-02-03 04:35:50', NULL),
(1308, '203', '1', '71', '158', 'no', '2025-02-03 04:35:50', '2025-02-03 04:35:50', NULL),
(1309, '204', '1', '3', '1', 'yes', '2025-02-03 04:42:26', '2025-02-21 06:05:56', NULL),
(1310, '204', '1', '3', '4', 'no', '2025-02-03 04:42:26', '2025-02-03 04:42:26', NULL),
(1311, '204', '1', '3', '18', 'yes', '2025-02-03 04:42:26', '2025-02-04 04:07:38', NULL),
(1312, '204', '1', '3', '48', 'yes', '2025-02-03 04:42:26', '2025-02-04 04:22:18', NULL),
(1313, '204', '1', '3', '71', 'yes', '2025-02-03 04:42:26', '2025-02-03 05:13:54', NULL),
(1314, '204', '1', '3', '130', 'no', '2025-02-03 04:42:26', '2025-02-03 04:42:26', NULL),
(1315, '204', '1', '3', '142', 'no', '2025-02-03 04:42:26', '2025-02-03 04:42:26', NULL),
(1316, '204', '1', '3', '143', 'no', '2025-02-03 04:42:26', '2025-02-03 04:42:26', NULL),
(1317, '204', '1', '3', '145', 'no', '2025-02-03 04:42:26', '2025-02-03 04:42:26', NULL),
(1318, '204', '1', '3', '148', 'no', '2025-02-03 04:42:26', '2025-02-03 04:42:26', NULL),
(1319, '204', '1', '3', '150', 'no', '2025-02-03 04:42:26', '2025-02-03 04:42:26', NULL),
(1320, '204', '1', '3', '156', 'no', '2025-02-03 04:42:26', '2025-02-03 04:42:26', NULL),
(1321, '204', '1', '3', '158', 'no', '2025-02-03 04:42:26', '2025-02-03 04:42:26', NULL),
(1322, '205', '1', '3', '1', 'yes', '2025-02-03 04:42:33', '2025-02-21 06:05:56', NULL),
(1323, '205', '1', '3', '4', 'no', '2025-02-03 04:42:33', '2025-02-03 04:42:33', NULL),
(1324, '205', '1', '3', '18', 'yes', '2025-02-03 04:42:33', '2025-02-04 04:07:38', NULL),
(1325, '205', '1', '3', '48', 'yes', '2025-02-03 04:42:33', '2025-02-04 04:22:18', NULL),
(1326, '205', '1', '3', '71', 'yes', '2025-02-03 04:42:33', '2025-02-03 05:13:54', NULL),
(1327, '205', '1', '3', '130', 'no', '2025-02-03 04:42:33', '2025-02-03 04:42:33', NULL),
(1328, '205', '1', '3', '142', 'no', '2025-02-03 04:42:33', '2025-02-03 04:42:33', NULL),
(1329, '205', '1', '3', '143', 'no', '2025-02-03 04:42:33', '2025-02-03 04:42:33', NULL),
(1330, '205', '1', '3', '145', 'no', '2025-02-03 04:42:33', '2025-02-03 04:42:33', NULL),
(1331, '205', '1', '3', '148', 'no', '2025-02-03 04:42:33', '2025-02-03 04:42:33', NULL),
(1332, '205', '1', '3', '150', 'no', '2025-02-03 04:42:33', '2025-02-03 04:42:33', NULL),
(1333, '205', '1', '3', '156', 'no', '2025-02-03 04:42:33', '2025-02-03 04:42:33', NULL),
(1334, '205', '1', '3', '158', 'no', '2025-02-03 04:42:33', '2025-02-03 04:42:33', NULL),
(1335, '208', '1', '3', '1', 'yes', '2025-02-03 04:46:07', '2025-02-21 06:05:56', NULL),
(1336, '208', '1', '3', '4', 'no', '2025-02-03 04:46:07', '2025-02-03 04:46:07', NULL),
(1337, '208', '1', '3', '18', 'yes', '2025-02-03 04:46:07', '2025-02-04 04:07:38', NULL),
(1338, '208', '1', '3', '48', 'yes', '2025-02-03 04:46:07', '2025-02-04 04:22:18', NULL),
(1339, '208', '1', '3', '71', 'yes', '2025-02-03 04:46:07', '2025-02-03 05:13:54', NULL),
(1340, '208', '1', '3', '130', 'no', '2025-02-03 04:46:07', '2025-02-03 04:46:07', NULL),
(1341, '208', '1', '3', '142', 'no', '2025-02-03 04:46:07', '2025-02-03 04:46:07', NULL),
(1342, '208', '1', '3', '143', 'no', '2025-02-03 04:46:07', '2025-02-03 04:46:07', NULL),
(1343, '208', '1', '3', '145', 'no', '2025-02-03 04:46:07', '2025-02-03 04:46:07', NULL),
(1344, '208', '1', '3', '148', 'no', '2025-02-03 04:46:07', '2025-02-03 04:46:07', NULL),
(1345, '208', '1', '3', '150', 'no', '2025-02-03 04:46:07', '2025-02-03 04:46:07', NULL),
(1346, '208', '1', '3', '156', 'no', '2025-02-03 04:46:07', '2025-02-03 04:46:07', NULL),
(1347, '208', '1', '3', '158', 'no', '2025-02-03 04:46:07', '2025-02-03 04:46:07', NULL),
(1348, '209', '2', '3', '1', 'yes', '2025-02-03 04:46:36', '2025-02-17 03:54:36', NULL),
(1349, '209', '2', '3', '6', 'yes', '2025-02-03 04:46:36', '2025-02-13 09:48:07', NULL),
(1350, '209', '2', '3', '48', 'yes', '2025-02-03 04:46:36', '2025-02-04 04:22:05', NULL),
(1351, '209', '2', '3', '71', 'yes', '2025-02-03 04:46:36', '2025-02-03 04:52:20', NULL),
(1352, '209', '2', '3', '72', 'no', '2025-02-03 04:46:36', '2025-02-03 04:46:36', NULL),
(1353, '209', '2', '3', '132', 'no', '2025-02-03 04:46:36', '2025-02-03 04:46:36', NULL),
(1354, '209', '2', '3', '133', 'no', '2025-02-03 04:46:36', '2025-02-03 04:46:36', NULL),
(1355, '209', '2', '3', '136', 'no', '2025-02-03 04:46:36', '2025-02-03 04:46:36', NULL),
(1356, '209', '2', '3', '137', 'no', '2025-02-03 04:46:36', '2025-02-03 04:46:36', NULL),
(1357, '209', '2', '3', '138', 'no', '2025-02-03 04:46:36', '2025-02-03 04:46:36', NULL),
(1358, '209', '2', '3', '140', 'no', '2025-02-03 04:46:36', '2025-02-03 04:46:36', NULL),
(1359, '209', '2', '3', '144', 'yes', '2025-02-03 04:46:36', '2025-02-03 07:44:03', NULL),
(1360, '209', '2', '3', '146', 'no', '2025-02-03 04:46:36', '2025-02-03 04:46:36', NULL),
(1361, '209', '2', '3', '155', 'no', '2025-02-03 04:46:36', '2025-02-03 04:46:36', NULL),
(1362, '209', '2', '3', '164', 'no', '2025-02-03 04:46:36', '2025-02-03 04:46:36', NULL),
(1363, '209', '2', '3', '171', 'no', '2025-02-03 04:46:36', '2025-02-03 04:46:36', NULL),
(1364, '209', '2', '3', '176', 'no', '2025-02-03 04:46:36', '2025-02-03 04:46:36', NULL),
(1365, '209', '2', '3', '181', 'no', '2025-02-03 04:46:36', '2025-02-03 04:46:36', NULL),
(1366, '209', '2', '3', '182', 'no', '2025-02-03 04:46:36', '2025-02-03 04:46:36', NULL),
(1367, '209', '2', '3', '183', 'no', '2025-02-03 04:46:36', '2025-02-03 04:46:36', NULL),
(1368, '209', '2', '3', '184', 'no', '2025-02-03 04:46:36', '2025-02-03 04:46:36', NULL),
(1369, '223', '2', '18', '1', 'yes', '2025-02-03 05:47:41', '2025-02-17 03:54:36', NULL),
(1370, '223', '2', '18', '3', 'yes', '2025-02-03 05:47:41', '2025-02-03 08:00:38', NULL),
(1371, '223', '2', '18', '6', 'yes', '2025-02-03 05:47:41', '2025-02-13 09:48:07', NULL),
(1372, '223', '2', '18', '48', 'yes', '2025-02-03 05:47:42', '2025-02-04 04:22:05', NULL),
(1373, '223', '2', '18', '71', 'no', '2025-02-03 05:47:42', '2025-02-03 05:47:42', NULL),
(1374, '223', '2', '18', '72', 'no', '2025-02-03 05:47:42', '2025-02-03 05:47:42', NULL),
(1375, '223', '2', '18', '132', 'no', '2025-02-03 05:47:42', '2025-02-03 05:47:42', NULL),
(1376, '223', '2', '18', '133', 'no', '2025-02-03 05:47:42', '2025-02-03 05:47:42', NULL),
(1377, '223', '2', '18', '136', 'no', '2025-02-03 05:47:42', '2025-02-03 05:47:42', NULL),
(1378, '223', '2', '18', '137', 'no', '2025-02-03 05:47:42', '2025-02-03 05:47:42', NULL),
(1379, '223', '2', '18', '138', 'no', '2025-02-03 05:47:42', '2025-02-03 05:47:42', NULL),
(1380, '223', '2', '18', '140', 'no', '2025-02-03 05:47:42', '2025-02-03 05:47:42', NULL),
(1381, '223', '2', '18', '144', 'yes', '2025-02-03 05:47:42', '2025-02-03 07:44:03', NULL),
(1382, '223', '2', '18', '146', 'no', '2025-02-03 05:47:42', '2025-02-03 05:47:42', NULL),
(1383, '223', '2', '18', '155', 'no', '2025-02-03 05:47:42', '2025-02-03 05:47:42', NULL),
(1384, '223', '2', '18', '164', 'no', '2025-02-03 05:47:42', '2025-02-03 05:47:42', NULL),
(1385, '223', '2', '18', '171', 'no', '2025-02-03 05:47:42', '2025-02-03 05:47:42', NULL),
(1386, '223', '2', '18', '176', 'no', '2025-02-03 05:47:42', '2025-02-03 05:47:42', NULL),
(1387, '223', '2', '18', '181', 'no', '2025-02-03 05:47:42', '2025-02-03 05:47:42', NULL),
(1388, '223', '2', '18', '182', 'no', '2025-02-03 05:47:42', '2025-02-03 05:47:42', NULL),
(1389, '223', '2', '18', '183', 'no', '2025-02-03 05:47:42', '2025-02-03 05:47:42', NULL),
(1390, '223', '2', '18', '184', 'no', '2025-02-03 05:47:42', '2025-02-03 05:47:42', NULL),
(1391, '224', '2', '18', '1', 'yes', '2025-02-03 05:54:25', '2025-02-17 03:54:36', NULL),
(1392, '224', '2', '18', '3', 'yes', '2025-02-03 05:54:25', '2025-02-03 08:00:38', NULL),
(1393, '224', '2', '18', '6', 'yes', '2025-02-03 05:54:25', '2025-02-13 09:48:07', NULL),
(1394, '224', '2', '18', '48', 'yes', '2025-02-03 05:54:25', '2025-02-04 04:22:05', NULL),
(1395, '224', '2', '18', '71', 'no', '2025-02-03 05:54:25', '2025-02-03 05:54:25', NULL),
(1396, '224', '2', '18', '72', 'no', '2025-02-03 05:54:25', '2025-02-03 05:54:25', NULL),
(1397, '224', '2', '18', '132', 'no', '2025-02-03 05:54:25', '2025-02-03 05:54:25', NULL),
(1398, '224', '2', '18', '133', 'no', '2025-02-03 05:54:25', '2025-02-03 05:54:25', NULL),
(1399, '224', '2', '18', '136', 'no', '2025-02-03 05:54:25', '2025-02-03 05:54:25', NULL),
(1400, '224', '2', '18', '137', 'no', '2025-02-03 05:54:25', '2025-02-03 05:54:25', NULL),
(1401, '224', '2', '18', '138', 'no', '2025-02-03 05:54:25', '2025-02-03 05:54:25', NULL),
(1402, '224', '2', '18', '140', 'no', '2025-02-03 05:54:25', '2025-02-03 05:54:25', NULL),
(1403, '224', '2', '18', '144', 'yes', '2025-02-03 05:54:25', '2025-02-03 07:44:03', NULL),
(1404, '224', '2', '18', '146', 'no', '2025-02-03 05:54:25', '2025-02-03 05:54:25', NULL),
(1405, '224', '2', '18', '155', 'no', '2025-02-03 05:54:25', '2025-02-03 05:54:25', NULL),
(1406, '224', '2', '18', '164', 'no', '2025-02-03 05:54:25', '2025-02-03 05:54:25', NULL),
(1407, '224', '2', '18', '171', 'no', '2025-02-03 05:54:25', '2025-02-03 05:54:25', NULL),
(1408, '224', '2', '18', '176', 'no', '2025-02-03 05:54:25', '2025-02-03 05:54:25', NULL),
(1409, '224', '2', '18', '181', 'no', '2025-02-03 05:54:25', '2025-02-03 05:54:25', NULL),
(1410, '224', '2', '18', '182', 'no', '2025-02-03 05:54:25', '2025-02-03 05:54:25', NULL),
(1411, '224', '2', '18', '183', 'no', '2025-02-03 05:54:25', '2025-02-03 05:54:25', NULL),
(1412, '224', '2', '18', '184', 'no', '2025-02-03 05:54:25', '2025-02-03 05:54:25', NULL),
(1413, '225', '2', '18', '1', 'yes', '2025-02-03 05:55:47', '2025-02-17 03:54:36', NULL),
(1414, '225', '2', '18', '3', 'yes', '2025-02-03 05:55:47', '2025-02-03 08:00:38', NULL),
(1415, '225', '2', '18', '6', 'yes', '2025-02-03 05:55:47', '2025-02-13 09:48:07', NULL),
(1416, '225', '2', '18', '48', 'yes', '2025-02-03 05:55:47', '2025-02-04 04:22:05', NULL),
(1417, '225', '2', '18', '71', 'no', '2025-02-03 05:55:47', '2025-02-03 05:55:47', NULL),
(1418, '225', '2', '18', '72', 'no', '2025-02-03 05:55:47', '2025-02-03 05:55:47', NULL),
(1419, '225', '2', '18', '132', 'no', '2025-02-03 05:55:47', '2025-02-03 05:55:47', NULL),
(1420, '225', '2', '18', '133', 'no', '2025-02-03 05:55:47', '2025-02-03 05:55:47', NULL),
(1421, '225', '2', '18', '136', 'no', '2025-02-03 05:55:47', '2025-02-03 05:55:47', NULL),
(1422, '225', '2', '18', '137', 'no', '2025-02-03 05:55:47', '2025-02-03 05:55:47', NULL),
(1423, '225', '2', '18', '138', 'no', '2025-02-03 05:55:47', '2025-02-03 05:55:47', NULL),
(1424, '225', '2', '18', '140', 'no', '2025-02-03 05:55:47', '2025-02-03 05:55:47', NULL),
(1425, '225', '2', '18', '144', 'yes', '2025-02-03 05:55:47', '2025-02-03 07:44:03', NULL),
(1426, '225', '2', '18', '146', 'no', '2025-02-03 05:55:47', '2025-02-03 05:55:47', NULL),
(1427, '225', '2', '18', '155', 'no', '2025-02-03 05:55:47', '2025-02-03 05:55:47', NULL),
(1428, '225', '2', '18', '164', 'no', '2025-02-03 05:55:47', '2025-02-03 05:55:47', NULL),
(1429, '225', '2', '18', '171', 'no', '2025-02-03 05:55:47', '2025-02-03 05:55:47', NULL),
(1430, '225', '2', '18', '176', 'no', '2025-02-03 05:55:47', '2025-02-03 05:55:47', NULL),
(1431, '225', '2', '18', '181', 'no', '2025-02-03 05:55:47', '2025-02-03 05:55:47', NULL),
(1432, '225', '2', '18', '182', 'no', '2025-02-03 05:55:47', '2025-02-03 05:55:47', NULL),
(1433, '225', '2', '18', '183', 'no', '2025-02-03 05:55:47', '2025-02-03 05:55:47', NULL),
(1434, '225', '2', '18', '184', 'no', '2025-02-03 05:55:47', '2025-02-03 05:55:47', NULL),
(1435, '226', '2', '18', '1', 'yes', '2025-02-03 05:57:47', '2025-02-17 03:54:36', NULL),
(1436, '226', '2', '18', '3', 'yes', '2025-02-03 05:57:47', '2025-02-03 08:00:38', NULL),
(1437, '226', '2', '18', '6', 'yes', '2025-02-03 05:57:47', '2025-02-13 09:48:07', NULL),
(1438, '226', '2', '18', '48', 'yes', '2025-02-03 05:57:47', '2025-02-04 04:22:05', NULL),
(1439, '226', '2', '18', '71', 'no', '2025-02-03 05:57:47', '2025-02-03 05:57:47', NULL),
(1440, '226', '2', '18', '72', 'no', '2025-02-03 05:57:47', '2025-02-03 05:57:47', NULL),
(1441, '226', '2', '18', '132', 'no', '2025-02-03 05:57:47', '2025-02-03 05:57:47', NULL),
(1442, '226', '2', '18', '133', 'no', '2025-02-03 05:57:47', '2025-02-03 05:57:47', NULL),
(1443, '226', '2', '18', '136', 'no', '2025-02-03 05:57:47', '2025-02-03 05:57:47', NULL),
(1444, '226', '2', '18', '137', 'no', '2025-02-03 05:57:47', '2025-02-03 05:57:47', NULL),
(1445, '226', '2', '18', '138', 'no', '2025-02-03 05:57:47', '2025-02-03 05:57:47', NULL),
(1446, '226', '2', '18', '140', 'no', '2025-02-03 05:57:47', '2025-02-03 05:57:47', NULL),
(1447, '226', '2', '18', '144', 'yes', '2025-02-03 05:57:47', '2025-02-03 07:44:03', NULL),
(1448, '226', '2', '18', '146', 'no', '2025-02-03 05:57:47', '2025-02-03 05:57:47', NULL),
(1449, '226', '2', '18', '155', 'no', '2025-02-03 05:57:47', '2025-02-03 05:57:47', NULL),
(1450, '226', '2', '18', '164', 'no', '2025-02-03 05:57:47', '2025-02-03 05:57:47', NULL),
(1451, '226', '2', '18', '171', 'no', '2025-02-03 05:57:47', '2025-02-03 05:57:47', NULL),
(1452, '226', '2', '18', '176', 'no', '2025-02-03 05:57:47', '2025-02-03 05:57:47', NULL),
(1453, '226', '2', '18', '181', 'no', '2025-02-03 05:57:47', '2025-02-03 05:57:47', NULL),
(1454, '226', '2', '18', '182', 'no', '2025-02-03 05:57:47', '2025-02-03 05:57:47', NULL),
(1455, '226', '2', '18', '183', 'no', '2025-02-03 05:57:47', '2025-02-03 05:57:47', NULL),
(1456, '226', '2', '18', '184', 'no', '2025-02-03 05:57:47', '2025-02-03 05:57:47', NULL),
(1457, '227', '2', '18', '1', 'yes', '2025-02-03 06:00:32', '2025-02-17 03:54:36', NULL),
(1458, '227', '2', '18', '3', 'yes', '2025-02-03 06:00:32', '2025-02-03 08:00:38', NULL),
(1459, '227', '2', '18', '6', 'yes', '2025-02-03 06:00:32', '2025-02-13 09:48:07', NULL),
(1460, '227', '2', '18', '48', 'yes', '2025-02-03 06:00:32', '2025-02-04 04:22:05', NULL),
(1461, '227', '2', '18', '71', 'no', '2025-02-03 06:00:32', '2025-02-03 06:00:32', NULL),
(1462, '227', '2', '18', '72', 'no', '2025-02-03 06:00:32', '2025-02-03 06:00:32', NULL),
(1463, '227', '2', '18', '132', 'no', '2025-02-03 06:00:32', '2025-02-03 06:00:32', NULL),
(1464, '227', '2', '18', '133', 'no', '2025-02-03 06:00:32', '2025-02-03 06:00:32', NULL),
(1465, '227', '2', '18', '136', 'no', '2025-02-03 06:00:32', '2025-02-03 06:00:32', NULL),
(1466, '227', '2', '18', '137', 'no', '2025-02-03 06:00:32', '2025-02-03 06:00:32', NULL),
(1467, '227', '2', '18', '138', 'no', '2025-02-03 06:00:32', '2025-02-03 06:00:32', NULL),
(1468, '227', '2', '18', '140', 'no', '2025-02-03 06:00:32', '2025-02-03 06:00:32', NULL),
(1469, '227', '2', '18', '144', 'yes', '2025-02-03 06:00:32', '2025-02-03 07:44:03', NULL),
(1470, '227', '2', '18', '146', 'no', '2025-02-03 06:00:32', '2025-02-03 06:00:32', NULL),
(1471, '227', '2', '18', '155', 'no', '2025-02-03 06:00:32', '2025-02-03 06:00:32', NULL),
(1472, '227', '2', '18', '164', 'no', '2025-02-03 06:00:32', '2025-02-03 06:00:32', NULL),
(1473, '227', '2', '18', '171', 'no', '2025-02-03 06:00:32', '2025-02-03 06:00:32', NULL),
(1474, '227', '2', '18', '176', 'no', '2025-02-03 06:00:32', '2025-02-03 06:00:32', NULL),
(1475, '227', '2', '18', '181', 'no', '2025-02-03 06:00:32', '2025-02-03 06:00:32', NULL),
(1476, '227', '2', '18', '182', 'no', '2025-02-03 06:00:32', '2025-02-03 06:00:32', NULL),
(1477, '227', '2', '18', '183', 'no', '2025-02-03 06:00:32', '2025-02-03 06:00:32', NULL),
(1478, '227', '2', '18', '184', 'no', '2025-02-03 06:00:32', '2025-02-03 06:00:32', NULL),
(1479, '228', '2', '18', '1', 'yes', '2025-02-03 06:04:04', '2025-02-17 03:54:36', NULL),
(1480, '228', '2', '18', '3', 'yes', '2025-02-03 06:04:04', '2025-02-03 08:00:38', NULL),
(1481, '228', '2', '18', '6', 'yes', '2025-02-03 06:04:04', '2025-02-13 09:48:07', NULL),
(1482, '228', '2', '18', '48', 'yes', '2025-02-03 06:04:04', '2025-02-04 04:22:05', NULL),
(1483, '228', '2', '18', '71', 'no', '2025-02-03 06:04:04', '2025-02-03 06:04:04', NULL),
(1484, '228', '2', '18', '72', 'no', '2025-02-03 06:04:04', '2025-02-03 06:04:04', NULL),
(1485, '228', '2', '18', '132', 'no', '2025-02-03 06:04:04', '2025-02-03 06:04:04', NULL),
(1486, '228', '2', '18', '133', 'no', '2025-02-03 06:04:04', '2025-02-03 06:04:04', NULL),
(1487, '228', '2', '18', '136', 'no', '2025-02-03 06:04:04', '2025-02-03 06:04:04', NULL),
(1488, '228', '2', '18', '137', 'no', '2025-02-03 06:04:04', '2025-02-03 06:04:04', NULL),
(1489, '228', '2', '18', '138', 'no', '2025-02-03 06:04:04', '2025-02-03 06:04:04', NULL),
(1490, '228', '2', '18', '140', 'no', '2025-02-03 06:04:04', '2025-02-03 06:04:04', NULL),
(1491, '228', '2', '18', '144', 'yes', '2025-02-03 06:04:04', '2025-02-03 07:44:03', NULL),
(1492, '228', '2', '18', '146', 'no', '2025-02-03 06:04:04', '2025-02-03 06:04:04', NULL),
(1493, '228', '2', '18', '155', 'no', '2025-02-03 06:04:04', '2025-02-03 06:04:04', NULL),
(1494, '228', '2', '18', '164', 'no', '2025-02-03 06:04:04', '2025-02-03 06:04:04', NULL),
(1495, '228', '2', '18', '171', 'no', '2025-02-03 06:04:04', '2025-02-03 06:04:04', NULL),
(1496, '228', '2', '18', '176', 'no', '2025-02-03 06:04:04', '2025-02-03 06:04:04', NULL),
(1497, '228', '2', '18', '181', 'no', '2025-02-03 06:04:04', '2025-02-03 06:04:04', NULL),
(1498, '228', '2', '18', '182', 'no', '2025-02-03 06:04:04', '2025-02-03 06:04:04', NULL),
(1499, '228', '2', '18', '183', 'no', '2025-02-03 06:04:04', '2025-02-03 06:04:04', NULL),
(1500, '228', '2', '18', '184', 'no', '2025-02-03 06:04:04', '2025-02-03 06:04:04', NULL),
(1501, '229', '2', '18', '1', 'yes', '2025-02-03 06:04:16', '2025-02-17 03:54:36', NULL),
(1502, '229', '2', '18', '3', 'yes', '2025-02-03 06:04:16', '2025-02-03 08:00:38', NULL),
(1503, '229', '2', '18', '6', 'yes', '2025-02-03 06:04:16', '2025-02-13 09:48:07', NULL),
(1504, '229', '2', '18', '48', 'yes', '2025-02-03 06:04:16', '2025-02-04 04:22:05', NULL),
(1505, '229', '2', '18', '71', 'no', '2025-02-03 06:04:16', '2025-02-03 06:04:16', NULL),
(1506, '229', '2', '18', '72', 'no', '2025-02-03 06:04:16', '2025-02-03 06:04:16', NULL),
(1507, '229', '2', '18', '132', 'no', '2025-02-03 06:04:16', '2025-02-03 06:04:16', NULL),
(1508, '229', '2', '18', '133', 'no', '2025-02-03 06:04:16', '2025-02-03 06:04:16', NULL),
(1509, '229', '2', '18', '136', 'no', '2025-02-03 06:04:16', '2025-02-03 06:04:16', NULL),
(1510, '229', '2', '18', '137', 'no', '2025-02-03 06:04:16', '2025-02-03 06:04:16', NULL),
(1511, '229', '2', '18', '138', 'no', '2025-02-03 06:04:16', '2025-02-03 06:04:16', NULL),
(1512, '229', '2', '18', '140', 'no', '2025-02-03 06:04:16', '2025-02-03 06:04:16', NULL),
(1513, '229', '2', '18', '144', 'yes', '2025-02-03 06:04:16', '2025-02-03 07:44:03', NULL),
(1514, '229', '2', '18', '146', 'no', '2025-02-03 06:04:16', '2025-02-03 06:04:16', NULL),
(1515, '229', '2', '18', '155', 'no', '2025-02-03 06:04:16', '2025-02-03 06:04:16', NULL),
(1516, '229', '2', '18', '164', 'no', '2025-02-03 06:04:16', '2025-02-03 06:04:16', NULL),
(1517, '229', '2', '18', '171', 'no', '2025-02-03 06:04:16', '2025-02-03 06:04:16', NULL),
(1518, '229', '2', '18', '176', 'no', '2025-02-03 06:04:16', '2025-02-03 06:04:16', NULL),
(1519, '229', '2', '18', '181', 'no', '2025-02-03 06:04:16', '2025-02-03 06:04:16', NULL),
(1520, '229', '2', '18', '182', 'no', '2025-02-03 06:04:17', '2025-02-03 06:04:17', NULL),
(1521, '229', '2', '18', '183', 'no', '2025-02-03 06:04:17', '2025-02-03 06:04:17', NULL),
(1522, '229', '2', '18', '184', 'no', '2025-02-03 06:04:17', '2025-02-03 06:04:17', NULL),
(1523, '230', '2', '18', '1', 'yes', '2025-02-03 06:06:35', '2025-02-17 03:54:36', NULL),
(1524, '230', '2', '18', '3', 'yes', '2025-02-03 06:06:35', '2025-02-03 08:00:38', NULL),
(1525, '230', '2', '18', '6', 'yes', '2025-02-03 06:06:35', '2025-02-13 09:48:07', NULL),
(1526, '230', '2', '18', '48', 'yes', '2025-02-03 06:06:35', '2025-02-04 04:22:05', NULL),
(1527, '230', '2', '18', '71', 'no', '2025-02-03 06:06:35', '2025-02-03 06:06:35', NULL),
(1528, '230', '2', '18', '72', 'no', '2025-02-03 06:06:35', '2025-02-03 06:06:35', NULL),
(1529, '230', '2', '18', '132', 'no', '2025-02-03 06:06:35', '2025-02-03 06:06:35', NULL),
(1530, '230', '2', '18', '133', 'no', '2025-02-03 06:06:35', '2025-02-03 06:06:35', NULL),
(1531, '230', '2', '18', '136', 'no', '2025-02-03 06:06:35', '2025-02-03 06:06:35', NULL),
(1532, '230', '2', '18', '137', 'no', '2025-02-03 06:06:35', '2025-02-03 06:06:35', NULL),
(1533, '230', '2', '18', '138', 'no', '2025-02-03 06:06:35', '2025-02-03 06:06:35', NULL),
(1534, '230', '2', '18', '140', 'no', '2025-02-03 06:06:35', '2025-02-03 06:06:35', NULL),
(1535, '230', '2', '18', '144', 'yes', '2025-02-03 06:06:35', '2025-02-03 07:44:03', NULL),
(1536, '230', '2', '18', '146', 'no', '2025-02-03 06:06:35', '2025-02-03 06:06:35', NULL),
(1537, '230', '2', '18', '155', 'no', '2025-02-03 06:06:35', '2025-02-03 06:06:35', NULL),
(1538, '230', '2', '18', '164', 'no', '2025-02-03 06:06:35', '2025-02-03 06:06:35', NULL),
(1539, '230', '2', '18', '171', 'no', '2025-02-03 06:06:35', '2025-02-03 06:06:35', NULL),
(1540, '230', '2', '18', '176', 'no', '2025-02-03 06:06:35', '2025-02-03 06:06:35', NULL),
(1541, '230', '2', '18', '181', 'no', '2025-02-03 06:06:36', '2025-02-03 06:06:36', NULL),
(1542, '230', '2', '18', '182', 'no', '2025-02-03 06:06:36', '2025-02-03 06:06:36', NULL),
(1543, '230', '2', '18', '183', 'no', '2025-02-03 06:06:36', '2025-02-03 06:06:36', NULL),
(1544, '230', '2', '18', '184', 'no', '2025-02-03 06:06:36', '2025-02-03 06:06:36', NULL),
(1545, '246', '2', '6', '1', 'yes', '2025-02-03 07:42:12', '2025-02-17 03:54:36', NULL),
(1546, '246', '2', '6', '3', 'yes', '2025-02-03 07:42:12', '2025-02-03 08:00:38', NULL),
(1547, '246', '2', '6', '48', 'yes', '2025-02-03 07:42:12', '2025-02-04 04:22:05', NULL),
(1548, '246', '2', '6', '71', 'no', '2025-02-03 07:42:12', '2025-02-03 07:42:12', NULL),
(1549, '246', '2', '6', '72', 'no', '2025-02-03 07:42:12', '2025-02-03 07:42:12', NULL),
(1550, '246', '2', '6', '132', 'no', '2025-02-03 07:42:12', '2025-02-03 07:42:12', NULL),
(1551, '246', '2', '6', '133', 'no', '2025-02-03 07:42:12', '2025-02-03 07:42:12', NULL),
(1552, '246', '2', '6', '136', 'no', '2025-02-03 07:42:12', '2025-02-03 07:42:12', NULL),
(1553, '246', '2', '6', '137', 'no', '2025-02-03 07:42:12', '2025-02-03 07:42:12', NULL),
(1554, '246', '2', '6', '138', 'no', '2025-02-03 07:42:12', '2025-02-03 07:42:12', NULL),
(1555, '246', '2', '6', '140', 'no', '2025-02-03 07:42:12', '2025-02-03 07:42:12', NULL),
(1556, '246', '2', '6', '144', 'yes', '2025-02-03 07:42:12', '2025-02-03 07:44:03', NULL),
(1557, '246', '2', '6', '146', 'no', '2025-02-03 07:42:12', '2025-02-03 07:42:12', NULL),
(1558, '246', '2', '6', '155', 'no', '2025-02-03 07:42:12', '2025-02-03 07:42:12', NULL),
(1559, '246', '2', '6', '164', 'no', '2025-02-03 07:42:12', '2025-02-03 07:42:12', NULL),
(1560, '246', '2', '6', '171', 'no', '2025-02-03 07:42:12', '2025-02-03 07:42:12', NULL),
(1561, '246', '2', '6', '176', 'no', '2025-02-03 07:42:12', '2025-02-03 07:42:12', NULL),
(1562, '246', '2', '6', '181', 'no', '2025-02-03 07:42:12', '2025-02-03 07:42:12', NULL),
(1563, '246', '2', '6', '182', 'no', '2025-02-03 07:42:12', '2025-02-03 07:42:12', NULL),
(1564, '246', '2', '6', '183', 'no', '2025-02-03 07:42:12', '2025-02-03 07:42:12', NULL),
(1565, '246', '2', '6', '184', 'no', '2025-02-03 07:42:12', '2025-02-03 07:42:12', NULL),
(1566, '247', '2', '6', '1', 'yes', '2025-02-03 07:42:19', '2025-02-17 03:54:36', NULL),
(1567, '247', '2', '6', '3', 'yes', '2025-02-03 07:42:19', '2025-02-03 08:00:38', NULL),
(1568, '247', '2', '6', '48', 'yes', '2025-02-03 07:42:19', '2025-02-04 04:22:05', NULL),
(1569, '247', '2', '6', '71', 'no', '2025-02-03 07:42:19', '2025-02-03 07:42:19', NULL),
(1570, '247', '2', '6', '72', 'no', '2025-02-03 07:42:19', '2025-02-03 07:42:19', NULL),
(1571, '247', '2', '6', '132', 'no', '2025-02-03 07:42:19', '2025-02-03 07:42:19', NULL),
(1572, '247', '2', '6', '133', 'no', '2025-02-03 07:42:19', '2025-02-03 07:42:19', NULL),
(1573, '247', '2', '6', '136', 'no', '2025-02-03 07:42:19', '2025-02-03 07:42:19', NULL),
(1574, '247', '2', '6', '137', 'no', '2025-02-03 07:42:19', '2025-02-03 07:42:19', NULL),
(1575, '247', '2', '6', '138', 'no', '2025-02-03 07:42:19', '2025-02-03 07:42:19', NULL),
(1576, '247', '2', '6', '140', 'no', '2025-02-03 07:42:19', '2025-02-03 07:42:19', NULL),
(1577, '247', '2', '6', '144', 'yes', '2025-02-03 07:42:19', '2025-02-03 07:44:03', NULL),
(1578, '247', '2', '6', '146', 'no', '2025-02-03 07:42:19', '2025-02-03 07:42:19', NULL),
(1579, '247', '2', '6', '155', 'no', '2025-02-03 07:42:19', '2025-02-03 07:42:19', NULL),
(1580, '247', '2', '6', '164', 'no', '2025-02-03 07:42:19', '2025-02-03 07:42:19', NULL),
(1581, '247', '2', '6', '171', 'no', '2025-02-03 07:42:19', '2025-02-03 07:42:19', NULL),
(1582, '247', '2', '6', '176', 'no', '2025-02-03 07:42:19', '2025-02-03 07:42:19', NULL),
(1583, '247', '2', '6', '181', 'no', '2025-02-03 07:42:19', '2025-02-03 07:42:19', NULL),
(1584, '247', '2', '6', '182', 'no', '2025-02-03 07:42:19', '2025-02-03 07:42:19', NULL),
(1585, '247', '2', '6', '183', 'no', '2025-02-03 07:42:19', '2025-02-03 07:42:19', NULL),
(1586, '247', '2', '6', '184', 'no', '2025-02-03 07:42:19', '2025-02-03 07:42:19', NULL),
(1587, '248', '2', '144', '1', 'yes', '2025-02-03 07:44:50', '2025-02-17 03:54:36', NULL),
(1588, '248', '2', '144', '3', 'yes', '2025-02-03 07:44:50', '2025-02-03 08:00:38', NULL),
(1589, '248', '2', '144', '6', 'yes', '2025-02-03 07:44:50', '2025-02-13 09:48:07', NULL),
(1590, '248', '2', '144', '48', 'yes', '2025-02-03 07:44:50', '2025-02-04 04:22:05', NULL),
(1591, '248', '2', '144', '71', 'no', '2025-02-03 07:44:50', '2025-02-03 07:44:50', NULL),
(1592, '248', '2', '144', '72', 'no', '2025-02-03 07:44:50', '2025-02-03 07:44:50', NULL),
(1593, '248', '2', '144', '132', 'no', '2025-02-03 07:44:50', '2025-02-03 07:44:50', NULL),
(1594, '248', '2', '144', '133', 'no', '2025-02-03 07:44:50', '2025-02-03 07:44:50', NULL),
(1595, '248', '2', '144', '136', 'no', '2025-02-03 07:44:50', '2025-02-03 07:44:50', NULL),
(1596, '248', '2', '144', '137', 'no', '2025-02-03 07:44:50', '2025-02-03 07:44:50', NULL),
(1597, '248', '2', '144', '138', 'no', '2025-02-03 07:44:50', '2025-02-03 07:44:50', NULL),
(1598, '248', '2', '144', '140', 'no', '2025-02-03 07:44:50', '2025-02-03 07:44:50', NULL),
(1599, '248', '2', '144', '146', 'no', '2025-02-03 07:44:50', '2025-02-03 07:44:50', NULL),
(1600, '248', '2', '144', '155', 'no', '2025-02-03 07:44:50', '2025-02-03 07:44:50', NULL),
(1601, '248', '2', '144', '164', 'no', '2025-02-03 07:44:50', '2025-02-03 07:44:50', NULL),
(1602, '248', '2', '144', '171', 'no', '2025-02-03 07:44:50', '2025-02-03 07:44:50', NULL),
(1603, '248', '2', '144', '176', 'no', '2025-02-03 07:44:50', '2025-02-03 07:44:50', NULL),
(1604, '248', '2', '144', '181', 'no', '2025-02-03 07:44:50', '2025-02-03 07:44:50', NULL),
(1605, '248', '2', '144', '182', 'no', '2025-02-03 07:44:50', '2025-02-03 07:44:50', NULL),
(1606, '248', '2', '144', '183', 'no', '2025-02-03 07:44:50', '2025-02-03 07:44:50', NULL),
(1607, '248', '2', '144', '184', 'no', '2025-02-03 07:44:50', '2025-02-03 07:44:50', NULL),
(1608, '249', '2', '144', '1', 'yes', '2025-02-03 07:44:54', '2025-02-17 03:54:36', NULL),
(1609, '249', '2', '144', '3', 'yes', '2025-02-03 07:44:54', '2025-02-03 08:00:38', NULL),
(1610, '249', '2', '144', '6', 'yes', '2025-02-03 07:44:54', '2025-02-13 09:48:07', NULL),
(1611, '249', '2', '144', '48', 'yes', '2025-02-03 07:44:54', '2025-02-04 04:22:05', NULL),
(1612, '249', '2', '144', '71', 'no', '2025-02-03 07:44:54', '2025-02-03 07:44:54', NULL),
(1613, '249', '2', '144', '72', 'no', '2025-02-03 07:44:54', '2025-02-03 07:44:54', NULL),
(1614, '249', '2', '144', '132', 'no', '2025-02-03 07:44:54', '2025-02-03 07:44:54', NULL),
(1615, '249', '2', '144', '133', 'no', '2025-02-03 07:44:54', '2025-02-03 07:44:54', NULL),
(1616, '249', '2', '144', '136', 'no', '2025-02-03 07:44:54', '2025-02-03 07:44:54', NULL),
(1617, '249', '2', '144', '137', 'no', '2025-02-03 07:44:55', '2025-02-03 07:44:55', NULL),
(1618, '249', '2', '144', '138', 'no', '2025-02-03 07:44:55', '2025-02-03 07:44:55', NULL),
(1619, '249', '2', '144', '140', 'no', '2025-02-03 07:44:55', '2025-02-03 07:44:55', NULL),
(1620, '249', '2', '144', '146', 'no', '2025-02-03 07:44:55', '2025-02-03 07:44:55', NULL),
(1621, '249', '2', '144', '155', 'no', '2025-02-03 07:44:55', '2025-02-03 07:44:55', NULL),
(1622, '249', '2', '144', '164', 'no', '2025-02-03 07:44:55', '2025-02-03 07:44:55', NULL),
(1623, '249', '2', '144', '171', 'no', '2025-02-03 07:44:55', '2025-02-03 07:44:55', NULL),
(1624, '249', '2', '144', '176', 'no', '2025-02-03 07:44:55', '2025-02-03 07:44:55', NULL),
(1625, '249', '2', '144', '181', 'no', '2025-02-03 07:44:55', '2025-02-03 07:44:55', NULL),
(1626, '249', '2', '144', '182', 'no', '2025-02-03 07:44:55', '2025-02-03 07:44:55', NULL),
(1627, '249', '2', '144', '183', 'no', '2025-02-03 07:44:55', '2025-02-03 07:44:55', NULL),
(1628, '249', '2', '144', '184', 'no', '2025-02-03 07:44:55', '2025-02-03 07:44:55', NULL),
(1629, '250', '1', '1', '3', 'no', '2025-02-03 07:47:39', '2025-02-03 07:47:39', NULL),
(1630, '250', '1', '1', '4', 'no', '2025-02-03 07:47:39', '2025-02-03 07:47:39', NULL),
(1631, '250', '1', '1', '18', 'yes', '2025-02-03 07:47:39', '2025-02-04 04:07:38', NULL),
(1632, '250', '1', '1', '48', 'yes', '2025-02-03 07:47:39', '2025-02-04 04:22:18', NULL),
(1633, '250', '1', '1', '71', 'no', '2025-02-03 07:47:39', '2025-02-03 07:47:39', NULL),
(1634, '250', '1', '1', '130', 'no', '2025-02-03 07:47:39', '2025-02-03 07:47:39', NULL),
(1635, '250', '1', '1', '142', 'no', '2025-02-03 07:47:39', '2025-02-03 07:47:39', NULL),
(1636, '250', '1', '1', '143', 'no', '2025-02-03 07:47:39', '2025-02-03 07:47:39', NULL),
(1637, '250', '1', '1', '145', 'no', '2025-02-03 07:47:39', '2025-02-03 07:47:39', NULL),
(1638, '250', '1', '1', '148', 'no', '2025-02-03 07:47:39', '2025-02-03 07:47:39', NULL),
(1639, '250', '1', '1', '150', 'no', '2025-02-03 07:47:39', '2025-02-03 07:47:39', NULL),
(1640, '250', '1', '1', '156', 'no', '2025-02-03 07:47:39', '2025-02-03 07:47:39', NULL),
(1641, '250', '1', '1', '158', 'no', '2025-02-03 07:47:39', '2025-02-03 07:47:39', NULL),
(1642, '252', '4', '177', '1', 'yes', '2025-02-03 07:50:44', '2025-02-04 04:20:10', NULL),
(1643, '252', '4', '177', '3', 'no', '2025-02-03 07:50:44', '2025-02-03 07:50:44', NULL),
(1644, '252', '4', '177', '48', 'yes', '2025-02-03 07:50:44', '2025-02-04 04:22:20', NULL),
(1645, '252', '4', '177', '71', 'no', '2025-02-03 07:50:44', '2025-02-03 07:50:44', NULL),
(1646, '252', '4', '177', '152', 'yes', '2025-02-03 07:50:44', '2025-02-13 09:42:25', NULL),
(1647, '252', '4', '177', '160', 'no', '2025-02-03 07:50:44', '2025-02-03 07:50:44', NULL),
(1648, '252', '4', '177', '178', 'no', '2025-02-03 07:50:44', '2025-02-03 07:50:44', NULL),
(1649, '252', '4', '177', '179', 'no', '2025-02-03 07:50:44', '2025-02-03 07:50:44', NULL),
(1650, '252', '4', '177', '180', 'no', '2025-02-03 07:50:44', '2025-02-03 07:50:44', NULL),
(1651, '252', '4', '177', '185', 'no', '2025-02-03 07:50:44', '2025-02-03 07:50:44', NULL),
(1652, '252', '4', '177', '186', 'no', '2025-02-03 07:50:44', '2025-02-03 07:50:44', NULL),
(1653, '256', '2', '1', '3', 'no', '2025-02-04 02:37:02', '2025-02-04 02:37:02', NULL),
(1654, '256', '2', '1', '6', 'yes', '2025-02-04 02:37:02', '2025-02-13 09:48:07', NULL),
(1655, '256', '2', '1', '48', 'yes', '2025-02-04 02:37:02', '2025-02-04 04:22:05', NULL),
(1656, '256', '2', '1', '71', 'no', '2025-02-04 02:37:02', '2025-02-04 02:37:02', NULL),
(1657, '256', '2', '1', '72', 'no', '2025-02-04 02:37:02', '2025-02-04 02:37:02', NULL),
(1658, '256', '2', '1', '132', 'no', '2025-02-04 02:37:02', '2025-02-04 02:37:02', NULL),
(1659, '256', '2', '1', '133', 'no', '2025-02-04 02:37:02', '2025-02-04 02:37:02', NULL),
(1660, '256', '2', '1', '136', 'no', '2025-02-04 02:37:02', '2025-02-04 02:37:02', NULL),
(1661, '256', '2', '1', '137', 'no', '2025-02-04 02:37:02', '2025-02-04 02:37:02', NULL),
(1662, '256', '2', '1', '138', 'no', '2025-02-04 02:37:02', '2025-02-04 02:37:02', NULL),
(1663, '256', '2', '1', '140', 'no', '2025-02-04 02:37:02', '2025-02-04 02:37:02', NULL),
(1664, '256', '2', '1', '144', 'no', '2025-02-04 02:37:02', '2025-02-04 02:37:02', NULL),
(1665, '256', '2', '1', '146', 'no', '2025-02-04 02:37:02', '2025-02-04 02:37:02', NULL),
(1666, '256', '2', '1', '155', 'no', '2025-02-04 02:37:02', '2025-02-04 02:37:02', NULL),
(1667, '256', '2', '1', '164', 'no', '2025-02-04 02:37:02', '2025-02-04 02:37:02', NULL),
(1668, '256', '2', '1', '171', 'no', '2025-02-04 02:37:02', '2025-02-04 02:37:02', NULL),
(1669, '256', '2', '1', '176', 'no', '2025-02-04 02:37:02', '2025-02-04 02:37:02', NULL),
(1670, '256', '2', '1', '181', 'no', '2025-02-04 02:37:02', '2025-02-04 02:37:02', NULL),
(1671, '256', '2', '1', '182', 'no', '2025-02-04 02:37:02', '2025-02-04 02:37:02', NULL),
(1672, '256', '2', '1', '183', 'no', '2025-02-04 02:37:02', '2025-02-04 02:37:02', NULL),
(1673, '256', '2', '1', '184', 'no', '2025-02-04 02:37:02', '2025-02-04 02:37:02', NULL),
(1674, '257', '2', '1', '3', 'no', '2025-02-04 02:39:09', '2025-02-04 02:39:09', NULL),
(1675, '257', '2', '1', '6', 'yes', '2025-02-04 02:39:09', '2025-02-13 09:48:07', NULL),
(1676, '257', '2', '1', '48', 'yes', '2025-02-04 02:39:09', '2025-02-04 04:22:05', NULL),
(1677, '257', '2', '1', '71', 'no', '2025-02-04 02:39:09', '2025-02-04 02:39:09', NULL),
(1678, '257', '2', '1', '72', 'no', '2025-02-04 02:39:09', '2025-02-04 02:39:09', NULL),
(1679, '257', '2', '1', '132', 'no', '2025-02-04 02:39:09', '2025-02-04 02:39:09', NULL),
(1680, '257', '2', '1', '133', 'no', '2025-02-04 02:39:09', '2025-02-04 02:39:09', NULL),
(1681, '257', '2', '1', '136', 'no', '2025-02-04 02:39:09', '2025-02-04 02:39:09', NULL),
(1682, '257', '2', '1', '137', 'no', '2025-02-04 02:39:09', '2025-02-04 02:39:09', NULL),
(1683, '257', '2', '1', '138', 'no', '2025-02-04 02:39:09', '2025-02-04 02:39:09', NULL),
(1684, '257', '2', '1', '140', 'no', '2025-02-04 02:39:09', '2025-02-04 02:39:09', NULL),
(1685, '257', '2', '1', '144', 'no', '2025-02-04 02:39:09', '2025-02-04 02:39:09', NULL),
(1686, '257', '2', '1', '146', 'no', '2025-02-04 02:39:09', '2025-02-04 02:39:09', NULL),
(1687, '257', '2', '1', '155', 'no', '2025-02-04 02:39:09', '2025-02-04 02:39:09', NULL),
(1688, '257', '2', '1', '164', 'no', '2025-02-04 02:39:09', '2025-02-04 02:39:09', NULL),
(1689, '257', '2', '1', '171', 'no', '2025-02-04 02:39:09', '2025-02-04 02:39:09', NULL),
(1690, '257', '2', '1', '176', 'no', '2025-02-04 02:39:09', '2025-02-04 02:39:09', NULL),
(1691, '257', '2', '1', '181', 'no', '2025-02-04 02:39:09', '2025-02-04 02:39:09', NULL),
(1692, '257', '2', '1', '182', 'no', '2025-02-04 02:39:09', '2025-02-04 02:39:09', NULL),
(1693, '257', '2', '1', '183', 'no', '2025-02-04 02:39:09', '2025-02-04 02:39:09', NULL),
(1694, '257', '2', '1', '184', 'no', '2025-02-04 02:39:09', '2025-02-04 02:39:09', NULL),
(1695, '258', '3', '1', '3', 'no', '2025-02-04 02:43:17', '2025-02-04 02:43:17', NULL),
(1696, '258', '3', '1', '48', 'yes', '2025-02-04 02:43:17', '2025-02-04 04:22:24', NULL),
(1697, '258', '3', '1', '49', 'no', '2025-02-04 02:43:17', '2025-02-04 02:43:17', NULL),
(1698, '258', '3', '1', '71', 'no', '2025-02-04 02:43:17', '2025-02-04 02:43:17', NULL),
(1699, '258', '3', '1', '147', 'no', '2025-02-04 02:43:17', '2025-02-04 02:43:17', NULL),
(1700, '258', '3', '1', '166', 'no', '2025-02-04 02:43:17', '2025-02-04 02:43:17', NULL),
(1701, '258', '3', '1', '167', 'no', '2025-02-04 02:43:17', '2025-02-04 02:43:17', NULL),
(1702, '258', '3', '1', '168', 'no', '2025-02-04 02:43:17', '2025-02-04 02:43:17', NULL),
(1703, '258', '3', '1', '169', 'no', '2025-02-04 02:43:17', '2025-02-04 02:43:17', NULL),
(1704, '258', '3', '1', '170', 'yes', '2025-02-04 02:43:17', '2025-02-17 05:32:53', NULL),
(1705, '259', '2', '1', '3', 'no', '2025-02-04 02:44:43', '2025-02-04 02:44:43', NULL),
(1706, '259', '2', '1', '6', 'yes', '2025-02-04 02:44:43', '2025-02-13 09:48:07', NULL),
(1707, '259', '2', '1', '48', 'yes', '2025-02-04 02:44:43', '2025-02-04 04:22:05', NULL),
(1708, '259', '2', '1', '71', 'no', '2025-02-04 02:44:43', '2025-02-04 02:44:43', NULL),
(1709, '259', '2', '1', '72', 'no', '2025-02-04 02:44:44', '2025-02-04 02:44:44', NULL),
(1710, '259', '2', '1', '132', 'no', '2025-02-04 02:44:44', '2025-02-04 02:44:44', NULL),
(1711, '259', '2', '1', '133', 'no', '2025-02-04 02:44:44', '2025-02-04 02:44:44', NULL),
(1712, '259', '2', '1', '136', 'no', '2025-02-04 02:44:44', '2025-02-04 02:44:44', NULL),
(1713, '259', '2', '1', '137', 'no', '2025-02-04 02:44:44', '2025-02-04 02:44:44', NULL),
(1714, '259', '2', '1', '138', 'no', '2025-02-04 02:44:44', '2025-02-04 02:44:44', NULL);
INSERT INTO `group_messages` (`id`, `message_id`, `team_id`, `sender_id`, `receiver_id`, `is_read`, `created_at`, `updated_at`, `deleted_at`) VALUES
(1715, '259', '2', '1', '140', 'no', '2025-02-04 02:44:44', '2025-02-04 02:44:44', NULL),
(1716, '259', '2', '1', '144', 'no', '2025-02-04 02:44:44', '2025-02-04 02:44:44', NULL),
(1717, '259', '2', '1', '146', 'no', '2025-02-04 02:44:44', '2025-02-04 02:44:44', NULL),
(1718, '259', '2', '1', '155', 'no', '2025-02-04 02:44:44', '2025-02-04 02:44:44', NULL),
(1719, '259', '2', '1', '164', 'no', '2025-02-04 02:44:44', '2025-02-04 02:44:44', NULL),
(1720, '259', '2', '1', '171', 'no', '2025-02-04 02:44:44', '2025-02-04 02:44:44', NULL),
(1721, '259', '2', '1', '176', 'no', '2025-02-04 02:44:44', '2025-02-04 02:44:44', NULL),
(1722, '259', '2', '1', '181', 'no', '2025-02-04 02:44:44', '2025-02-04 02:44:44', NULL),
(1723, '259', '2', '1', '182', 'no', '2025-02-04 02:44:44', '2025-02-04 02:44:44', NULL),
(1724, '259', '2', '1', '183', 'no', '2025-02-04 02:44:44', '2025-02-04 02:44:44', NULL),
(1725, '259', '2', '1', '184', 'no', '2025-02-04 02:44:44', '2025-02-04 02:44:44', NULL),
(1726, '260', '2', '1', '3', 'no', '2025-02-04 02:57:18', '2025-02-04 02:57:18', NULL),
(1727, '260', '2', '1', '6', 'yes', '2025-02-04 02:57:18', '2025-02-13 09:48:07', NULL),
(1728, '260', '2', '1', '48', 'yes', '2025-02-04 02:57:18', '2025-02-04 04:22:05', NULL),
(1729, '260', '2', '1', '71', 'no', '2025-02-04 02:57:18', '2025-02-04 02:57:18', NULL),
(1730, '260', '2', '1', '72', 'no', '2025-02-04 02:57:18', '2025-02-04 02:57:18', NULL),
(1731, '260', '2', '1', '132', 'no', '2025-02-04 02:57:18', '2025-02-04 02:57:18', NULL),
(1732, '260', '2', '1', '133', 'no', '2025-02-04 02:57:18', '2025-02-04 02:57:18', NULL),
(1733, '260', '2', '1', '136', 'no', '2025-02-04 02:57:18', '2025-02-04 02:57:18', NULL),
(1734, '260', '2', '1', '137', 'no', '2025-02-04 02:57:18', '2025-02-04 02:57:18', NULL),
(1735, '260', '2', '1', '138', 'no', '2025-02-04 02:57:18', '2025-02-04 02:57:18', NULL),
(1736, '260', '2', '1', '140', 'no', '2025-02-04 02:57:18', '2025-02-04 02:57:18', NULL),
(1737, '260', '2', '1', '144', 'no', '2025-02-04 02:57:18', '2025-02-04 02:57:18', NULL),
(1738, '260', '2', '1', '146', 'no', '2025-02-04 02:57:18', '2025-02-04 02:57:18', NULL),
(1739, '260', '2', '1', '155', 'no', '2025-02-04 02:57:18', '2025-02-04 02:57:18', NULL),
(1740, '260', '2', '1', '164', 'no', '2025-02-04 02:57:18', '2025-02-04 02:57:18', NULL),
(1741, '260', '2', '1', '171', 'no', '2025-02-04 02:57:18', '2025-02-04 02:57:18', NULL),
(1742, '260', '2', '1', '176', 'no', '2025-02-04 02:57:18', '2025-02-04 02:57:18', NULL),
(1743, '260', '2', '1', '181', 'no', '2025-02-04 02:57:18', '2025-02-04 02:57:18', NULL),
(1744, '260', '2', '1', '182', 'no', '2025-02-04 02:57:18', '2025-02-04 02:57:18', NULL),
(1745, '260', '2', '1', '183', 'no', '2025-02-04 02:57:18', '2025-02-04 02:57:18', NULL),
(1746, '260', '2', '1', '184', 'no', '2025-02-04 02:57:18', '2025-02-04 02:57:18', NULL),
(1747, '261', '2', '1', '3', 'no', '2025-02-04 02:57:52', '2025-02-04 02:57:52', NULL),
(1748, '261', '2', '1', '6', 'yes', '2025-02-04 02:57:52', '2025-02-13 09:48:07', NULL),
(1749, '261', '2', '1', '48', 'yes', '2025-02-04 02:57:52', '2025-02-04 04:22:05', NULL),
(1750, '261', '2', '1', '71', 'no', '2025-02-04 02:57:52', '2025-02-04 02:57:52', NULL),
(1751, '261', '2', '1', '72', 'no', '2025-02-04 02:57:52', '2025-02-04 02:57:52', NULL),
(1752, '261', '2', '1', '132', 'no', '2025-02-04 02:57:52', '2025-02-04 02:57:52', NULL),
(1753, '261', '2', '1', '133', 'no', '2025-02-04 02:57:52', '2025-02-04 02:57:52', NULL),
(1754, '261', '2', '1', '136', 'no', '2025-02-04 02:57:52', '2025-02-04 02:57:52', NULL),
(1755, '261', '2', '1', '137', 'no', '2025-02-04 02:57:52', '2025-02-04 02:57:52', NULL),
(1756, '261', '2', '1', '138', 'no', '2025-02-04 02:57:52', '2025-02-04 02:57:52', NULL),
(1757, '261', '2', '1', '140', 'no', '2025-02-04 02:57:52', '2025-02-04 02:57:52', NULL),
(1758, '261', '2', '1', '144', 'no', '2025-02-04 02:57:52', '2025-02-04 02:57:52', NULL),
(1759, '261', '2', '1', '146', 'no', '2025-02-04 02:57:52', '2025-02-04 02:57:52', NULL),
(1760, '261', '2', '1', '155', 'no', '2025-02-04 02:57:52', '2025-02-04 02:57:52', NULL),
(1761, '261', '2', '1', '164', 'no', '2025-02-04 02:57:52', '2025-02-04 02:57:52', NULL),
(1762, '261', '2', '1', '171', 'no', '2025-02-04 02:57:52', '2025-02-04 02:57:52', NULL),
(1763, '261', '2', '1', '176', 'no', '2025-02-04 02:57:52', '2025-02-04 02:57:52', NULL),
(1764, '261', '2', '1', '181', 'no', '2025-02-04 02:57:52', '2025-02-04 02:57:52', NULL),
(1765, '261', '2', '1', '182', 'no', '2025-02-04 02:57:52', '2025-02-04 02:57:52', NULL),
(1766, '261', '2', '1', '183', 'no', '2025-02-04 02:57:52', '2025-02-04 02:57:52', NULL),
(1767, '261', '2', '1', '184', 'no', '2025-02-04 02:57:52', '2025-02-04 02:57:52', NULL),
(1768, '262', '2', '1', '3', 'no', '2025-02-04 03:01:17', '2025-02-04 03:01:17', NULL),
(1769, '262', '2', '1', '6', 'yes', '2025-02-04 03:01:17', '2025-02-13 09:48:07', NULL),
(1770, '262', '2', '1', '48', 'yes', '2025-02-04 03:01:17', '2025-02-04 04:22:05', NULL),
(1771, '262', '2', '1', '71', 'no', '2025-02-04 03:01:17', '2025-02-04 03:01:17', NULL),
(1772, '262', '2', '1', '72', 'no', '2025-02-04 03:01:17', '2025-02-04 03:01:17', NULL),
(1773, '262', '2', '1', '132', 'no', '2025-02-04 03:01:17', '2025-02-04 03:01:17', NULL),
(1774, '262', '2', '1', '133', 'no', '2025-02-04 03:01:17', '2025-02-04 03:01:17', NULL),
(1775, '262', '2', '1', '136', 'no', '2025-02-04 03:01:17', '2025-02-04 03:01:17', NULL),
(1776, '262', '2', '1', '137', 'no', '2025-02-04 03:01:17', '2025-02-04 03:01:17', NULL),
(1777, '262', '2', '1', '138', 'no', '2025-02-04 03:01:17', '2025-02-04 03:01:17', NULL),
(1778, '262', '2', '1', '140', 'no', '2025-02-04 03:01:17', '2025-02-04 03:01:17', NULL),
(1779, '262', '2', '1', '144', 'no', '2025-02-04 03:01:17', '2025-02-04 03:01:17', NULL),
(1780, '262', '2', '1', '146', 'no', '2025-02-04 03:01:17', '2025-02-04 03:01:17', NULL),
(1781, '262', '2', '1', '155', 'no', '2025-02-04 03:01:17', '2025-02-04 03:01:17', NULL),
(1782, '262', '2', '1', '164', 'no', '2025-02-04 03:01:17', '2025-02-04 03:01:17', NULL),
(1783, '262', '2', '1', '171', 'no', '2025-02-04 03:01:17', '2025-02-04 03:01:17', NULL),
(1784, '262', '2', '1', '176', 'no', '2025-02-04 03:01:17', '2025-02-04 03:01:17', NULL),
(1785, '262', '2', '1', '181', 'no', '2025-02-04 03:01:17', '2025-02-04 03:01:17', NULL),
(1786, '262', '2', '1', '182', 'no', '2025-02-04 03:01:17', '2025-02-04 03:01:17', NULL),
(1787, '262', '2', '1', '183', 'no', '2025-02-04 03:01:17', '2025-02-04 03:01:17', NULL),
(1788, '262', '2', '1', '184', 'no', '2025-02-04 03:01:17', '2025-02-04 03:01:17', NULL),
(1789, '263', '2', '1', '3', 'no', '2025-02-04 03:01:48', '2025-02-04 03:01:48', NULL),
(1790, '263', '2', '1', '6', 'yes', '2025-02-04 03:01:48', '2025-02-13 09:48:07', NULL),
(1791, '263', '2', '1', '48', 'yes', '2025-02-04 03:01:48', '2025-02-04 04:22:05', NULL),
(1792, '263', '2', '1', '71', 'no', '2025-02-04 03:01:48', '2025-02-04 03:01:48', NULL),
(1793, '263', '2', '1', '72', 'no', '2025-02-04 03:01:48', '2025-02-04 03:01:48', NULL),
(1794, '263', '2', '1', '132', 'no', '2025-02-04 03:01:48', '2025-02-04 03:01:48', NULL),
(1795, '263', '2', '1', '133', 'no', '2025-02-04 03:01:48', '2025-02-04 03:01:48', NULL),
(1796, '263', '2', '1', '136', 'no', '2025-02-04 03:01:48', '2025-02-04 03:01:48', NULL),
(1797, '263', '2', '1', '137', 'no', '2025-02-04 03:01:48', '2025-02-04 03:01:48', NULL),
(1798, '263', '2', '1', '138', 'no', '2025-02-04 03:01:48', '2025-02-04 03:01:48', NULL),
(1799, '263', '2', '1', '140', 'no', '2025-02-04 03:01:48', '2025-02-04 03:01:48', NULL),
(1800, '263', '2', '1', '144', 'no', '2025-02-04 03:01:48', '2025-02-04 03:01:48', NULL),
(1801, '263', '2', '1', '146', 'no', '2025-02-04 03:01:48', '2025-02-04 03:01:48', NULL),
(1802, '263', '2', '1', '155', 'no', '2025-02-04 03:01:48', '2025-02-04 03:01:48', NULL),
(1803, '263', '2', '1', '164', 'no', '2025-02-04 03:01:49', '2025-02-04 03:01:49', NULL),
(1804, '263', '2', '1', '171', 'no', '2025-02-04 03:01:49', '2025-02-04 03:01:49', NULL),
(1805, '263', '2', '1', '176', 'no', '2025-02-04 03:01:49', '2025-02-04 03:01:49', NULL),
(1806, '263', '2', '1', '181', 'no', '2025-02-04 03:01:49', '2025-02-04 03:01:49', NULL),
(1807, '263', '2', '1', '182', 'no', '2025-02-04 03:01:49', '2025-02-04 03:01:49', NULL),
(1808, '263', '2', '1', '183', 'no', '2025-02-04 03:01:49', '2025-02-04 03:01:49', NULL),
(1809, '263', '2', '1', '184', 'no', '2025-02-04 03:01:49', '2025-02-04 03:01:49', NULL),
(1810, '264', '2', '1', '3', 'no', '2025-02-04 03:03:29', '2025-02-04 03:03:29', NULL),
(1811, '264', '2', '1', '6', 'yes', '2025-02-04 03:03:29', '2025-02-13 09:48:07', NULL),
(1812, '264', '2', '1', '48', 'yes', '2025-02-04 03:03:29', '2025-02-04 04:22:05', NULL),
(1813, '264', '2', '1', '71', 'no', '2025-02-04 03:03:29', '2025-02-04 03:03:29', NULL),
(1814, '264', '2', '1', '72', 'no', '2025-02-04 03:03:29', '2025-02-04 03:03:29', NULL),
(1815, '264', '2', '1', '132', 'no', '2025-02-04 03:03:30', '2025-02-04 03:03:30', NULL),
(1816, '264', '2', '1', '133', 'no', '2025-02-04 03:03:30', '2025-02-04 03:03:30', NULL),
(1817, '264', '2', '1', '136', 'no', '2025-02-04 03:03:30', '2025-02-04 03:03:30', NULL),
(1818, '264', '2', '1', '137', 'no', '2025-02-04 03:03:30', '2025-02-04 03:03:30', NULL),
(1819, '264', '2', '1', '138', 'no', '2025-02-04 03:03:30', '2025-02-04 03:03:30', NULL),
(1820, '264', '2', '1', '140', 'no', '2025-02-04 03:03:30', '2025-02-04 03:03:30', NULL),
(1821, '264', '2', '1', '144', 'no', '2025-02-04 03:03:30', '2025-02-04 03:03:30', NULL),
(1822, '264', '2', '1', '146', 'no', '2025-02-04 03:03:30', '2025-02-04 03:03:30', NULL),
(1823, '264', '2', '1', '155', 'no', '2025-02-04 03:03:30', '2025-02-04 03:03:30', NULL),
(1824, '264', '2', '1', '164', 'no', '2025-02-04 03:03:30', '2025-02-04 03:03:30', NULL),
(1825, '264', '2', '1', '171', 'no', '2025-02-04 03:03:30', '2025-02-04 03:03:30', NULL),
(1826, '264', '2', '1', '176', 'no', '2025-02-04 03:03:30', '2025-02-04 03:03:30', NULL),
(1827, '264', '2', '1', '181', 'no', '2025-02-04 03:03:30', '2025-02-04 03:03:30', NULL),
(1828, '264', '2', '1', '182', 'no', '2025-02-04 03:03:30', '2025-02-04 03:03:30', NULL),
(1829, '264', '2', '1', '183', 'no', '2025-02-04 03:03:30', '2025-02-04 03:03:30', NULL),
(1830, '264', '2', '1', '184', 'no', '2025-02-04 03:03:30', '2025-02-04 03:03:30', NULL),
(1831, '265', '2', '1', '3', 'no', '2025-02-04 03:08:59', '2025-02-04 03:08:59', NULL),
(1832, '265', '2', '1', '6', 'yes', '2025-02-04 03:08:59', '2025-02-13 09:48:07', NULL),
(1833, '265', '2', '1', '48', 'yes', '2025-02-04 03:08:59', '2025-02-04 04:22:05', NULL),
(1834, '265', '2', '1', '71', 'no', '2025-02-04 03:08:59', '2025-02-04 03:08:59', NULL),
(1835, '265', '2', '1', '72', 'no', '2025-02-04 03:08:59', '2025-02-04 03:08:59', NULL),
(1836, '265', '2', '1', '132', 'no', '2025-02-04 03:08:59', '2025-02-04 03:08:59', NULL),
(1837, '265', '2', '1', '133', 'no', '2025-02-04 03:08:59', '2025-02-04 03:08:59', NULL),
(1838, '265', '2', '1', '136', 'no', '2025-02-04 03:08:59', '2025-02-04 03:08:59', NULL),
(1839, '265', '2', '1', '137', 'no', '2025-02-04 03:08:59', '2025-02-04 03:08:59', NULL),
(1840, '265', '2', '1', '138', 'no', '2025-02-04 03:08:59', '2025-02-04 03:08:59', NULL),
(1841, '265', '2', '1', '140', 'no', '2025-02-04 03:08:59', '2025-02-04 03:08:59', NULL),
(1842, '265', '2', '1', '144', 'no', '2025-02-04 03:08:59', '2025-02-04 03:08:59', NULL),
(1843, '265', '2', '1', '146', 'no', '2025-02-04 03:08:59', '2025-02-04 03:08:59', NULL),
(1844, '265', '2', '1', '155', 'no', '2025-02-04 03:08:59', '2025-02-04 03:08:59', NULL),
(1845, '265', '2', '1', '164', 'no', '2025-02-04 03:08:59', '2025-02-04 03:08:59', NULL),
(1846, '265', '2', '1', '171', 'no', '2025-02-04 03:08:59', '2025-02-04 03:08:59', NULL),
(1847, '265', '2', '1', '176', 'no', '2025-02-04 03:08:59', '2025-02-04 03:08:59', NULL),
(1848, '265', '2', '1', '181', 'no', '2025-02-04 03:08:59', '2025-02-04 03:08:59', NULL),
(1849, '265', '2', '1', '182', 'no', '2025-02-04 03:08:59', '2025-02-04 03:08:59', NULL),
(1850, '265', '2', '1', '183', 'no', '2025-02-04 03:08:59', '2025-02-04 03:08:59', NULL),
(1851, '265', '2', '1', '184', 'no', '2025-02-04 03:08:59', '2025-02-04 03:08:59', NULL),
(1852, '266', '3', '1', '3', 'no', '2025-02-04 03:09:32', '2025-02-04 03:09:32', NULL),
(1853, '266', '3', '1', '48', 'yes', '2025-02-04 03:09:32', '2025-02-04 04:22:24', NULL),
(1854, '266', '3', '1', '49', 'no', '2025-02-04 03:09:32', '2025-02-04 03:09:32', NULL),
(1855, '266', '3', '1', '71', 'no', '2025-02-04 03:09:32', '2025-02-04 03:09:32', NULL),
(1856, '266', '3', '1', '147', 'no', '2025-02-04 03:09:32', '2025-02-04 03:09:32', NULL),
(1857, '266', '3', '1', '166', 'no', '2025-02-04 03:09:32', '2025-02-04 03:09:32', NULL),
(1858, '266', '3', '1', '167', 'no', '2025-02-04 03:09:32', '2025-02-04 03:09:32', NULL),
(1859, '266', '3', '1', '168', 'no', '2025-02-04 03:09:32', '2025-02-04 03:09:32', NULL),
(1860, '266', '3', '1', '169', 'no', '2025-02-04 03:09:32', '2025-02-04 03:09:32', NULL),
(1861, '266', '3', '1', '170', 'yes', '2025-02-04 03:09:33', '2025-02-17 05:32:53', NULL),
(1862, '267', '3', '1', '3', 'no', '2025-02-04 03:11:08', '2025-02-04 03:11:08', NULL),
(1863, '267', '3', '1', '48', 'yes', '2025-02-04 03:11:08', '2025-02-04 04:22:24', NULL),
(1864, '267', '3', '1', '49', 'no', '2025-02-04 03:11:08', '2025-02-04 03:11:08', NULL),
(1865, '267', '3', '1', '71', 'no', '2025-02-04 03:11:08', '2025-02-04 03:11:08', NULL),
(1866, '267', '3', '1', '147', 'no', '2025-02-04 03:11:08', '2025-02-04 03:11:08', NULL),
(1867, '267', '3', '1', '166', 'no', '2025-02-04 03:11:08', '2025-02-04 03:11:08', NULL),
(1868, '267', '3', '1', '167', 'no', '2025-02-04 03:11:08', '2025-02-04 03:11:08', NULL),
(1869, '267', '3', '1', '168', 'no', '2025-02-04 03:11:08', '2025-02-04 03:11:08', NULL),
(1870, '267', '3', '1', '169', 'no', '2025-02-04 03:11:08', '2025-02-04 03:11:08', NULL),
(1871, '267', '3', '1', '170', 'yes', '2025-02-04 03:11:08', '2025-02-17 05:32:53', NULL),
(1872, '268', '2', '1', '3', 'no', '2025-02-04 03:13:31', '2025-02-04 03:13:31', NULL),
(1873, '268', '2', '1', '6', 'yes', '2025-02-04 03:13:31', '2025-02-13 09:48:07', NULL),
(1874, '268', '2', '1', '48', 'yes', '2025-02-04 03:13:31', '2025-02-04 04:22:05', NULL),
(1875, '268', '2', '1', '71', 'no', '2025-02-04 03:13:31', '2025-02-04 03:13:31', NULL),
(1876, '268', '2', '1', '72', 'no', '2025-02-04 03:13:31', '2025-02-04 03:13:31', NULL),
(1877, '268', '2', '1', '132', 'no', '2025-02-04 03:13:31', '2025-02-04 03:13:31', NULL),
(1878, '268', '2', '1', '133', 'no', '2025-02-04 03:13:31', '2025-02-04 03:13:31', NULL),
(1879, '268', '2', '1', '136', 'no', '2025-02-04 03:13:31', '2025-02-04 03:13:31', NULL),
(1880, '268', '2', '1', '137', 'no', '2025-02-04 03:13:31', '2025-02-04 03:13:31', NULL),
(1881, '268', '2', '1', '138', 'no', '2025-02-04 03:13:31', '2025-02-04 03:13:31', NULL),
(1882, '268', '2', '1', '140', 'no', '2025-02-04 03:13:31', '2025-02-04 03:13:31', NULL),
(1883, '268', '2', '1', '144', 'no', '2025-02-04 03:13:31', '2025-02-04 03:13:31', NULL),
(1884, '268', '2', '1', '146', 'no', '2025-02-04 03:13:31', '2025-02-04 03:13:31', NULL),
(1885, '268', '2', '1', '155', 'no', '2025-02-04 03:13:31', '2025-02-04 03:13:31', NULL),
(1886, '268', '2', '1', '164', 'no', '2025-02-04 03:13:31', '2025-02-04 03:13:31', NULL),
(1887, '268', '2', '1', '171', 'no', '2025-02-04 03:13:31', '2025-02-04 03:13:31', NULL),
(1888, '268', '2', '1', '176', 'no', '2025-02-04 03:13:31', '2025-02-04 03:13:31', NULL),
(1889, '268', '2', '1', '181', 'no', '2025-02-04 03:13:31', '2025-02-04 03:13:31', NULL),
(1890, '268', '2', '1', '182', 'no', '2025-02-04 03:13:31', '2025-02-04 03:13:31', NULL),
(1891, '268', '2', '1', '183', 'no', '2025-02-04 03:13:31', '2025-02-04 03:13:31', NULL),
(1892, '268', '2', '1', '184', 'no', '2025-02-04 03:13:31', '2025-02-04 03:13:31', NULL),
(1893, '269', '2', '1', '3', 'no', '2025-02-04 03:16:56', '2025-02-04 03:16:56', NULL),
(1894, '269', '2', '1', '6', 'yes', '2025-02-04 03:16:56', '2025-02-13 09:48:07', NULL),
(1895, '269', '2', '1', '48', 'yes', '2025-02-04 03:16:56', '2025-02-04 04:22:05', NULL),
(1896, '269', '2', '1', '71', 'no', '2025-02-04 03:16:56', '2025-02-04 03:16:56', NULL),
(1897, '269', '2', '1', '72', 'no', '2025-02-04 03:16:56', '2025-02-04 03:16:56', NULL),
(1898, '269', '2', '1', '132', 'no', '2025-02-04 03:16:56', '2025-02-04 03:16:56', NULL),
(1899, '269', '2', '1', '133', 'no', '2025-02-04 03:16:56', '2025-02-04 03:16:56', NULL),
(1900, '269', '2', '1', '136', 'no', '2025-02-04 03:16:56', '2025-02-04 03:16:56', NULL),
(1901, '269', '2', '1', '137', 'no', '2025-02-04 03:16:56', '2025-02-04 03:16:56', NULL),
(1902, '269', '2', '1', '138', 'no', '2025-02-04 03:16:56', '2025-02-04 03:16:56', NULL),
(1903, '269', '2', '1', '140', 'no', '2025-02-04 03:16:56', '2025-02-04 03:16:56', NULL),
(1904, '269', '2', '1', '144', 'no', '2025-02-04 03:16:56', '2025-02-04 03:16:56', NULL),
(1905, '269', '2', '1', '146', 'no', '2025-02-04 03:16:56', '2025-02-04 03:16:56', NULL),
(1906, '269', '2', '1', '155', 'no', '2025-02-04 03:16:56', '2025-02-04 03:16:56', NULL),
(1907, '269', '2', '1', '164', 'no', '2025-02-04 03:16:56', '2025-02-04 03:16:56', NULL),
(1908, '269', '2', '1', '171', 'no', '2025-02-04 03:16:56', '2025-02-04 03:16:56', NULL),
(1909, '269', '2', '1', '176', 'no', '2025-02-04 03:16:56', '2025-02-04 03:16:56', NULL),
(1910, '269', '2', '1', '181', 'no', '2025-02-04 03:16:56', '2025-02-04 03:16:56', NULL),
(1911, '269', '2', '1', '182', 'no', '2025-02-04 03:16:56', '2025-02-04 03:16:56', NULL),
(1912, '269', '2', '1', '183', 'no', '2025-02-04 03:16:56', '2025-02-04 03:16:56', NULL),
(1913, '269', '2', '1', '184', 'no', '2025-02-04 03:16:56', '2025-02-04 03:16:56', NULL),
(1914, '270', '4', '1', '3', 'no', '2025-02-04 03:17:39', '2025-02-04 03:17:39', NULL),
(1915, '270', '4', '1', '48', 'yes', '2025-02-04 03:17:39', '2025-02-04 04:22:20', NULL),
(1916, '270', '4', '1', '71', 'no', '2025-02-04 03:17:39', '2025-02-04 03:17:39', NULL),
(1917, '270', '4', '1', '152', 'yes', '2025-02-04 03:17:39', '2025-02-13 09:42:25', NULL),
(1918, '270', '4', '1', '160', 'no', '2025-02-04 03:17:39', '2025-02-04 03:17:39', NULL),
(1919, '270', '4', '1', '177', 'no', '2025-02-04 03:17:39', '2025-02-04 03:17:39', NULL),
(1920, '270', '4', '1', '178', 'no', '2025-02-04 03:17:39', '2025-02-04 03:17:39', NULL),
(1921, '270', '4', '1', '179', 'no', '2025-02-04 03:17:39', '2025-02-04 03:17:39', NULL),
(1922, '270', '4', '1', '180', 'no', '2025-02-04 03:17:39', '2025-02-04 03:17:39', NULL),
(1923, '270', '4', '1', '185', 'no', '2025-02-04 03:17:39', '2025-02-04 03:17:39', NULL),
(1924, '270', '4', '1', '186', 'no', '2025-02-04 03:17:39', '2025-02-04 03:17:39', NULL),
(1925, '271', '4', '1', '3', 'no', '2025-02-04 03:18:58', '2025-02-04 03:18:58', NULL),
(1926, '271', '4', '1', '48', 'yes', '2025-02-04 03:18:58', '2025-02-04 04:22:20', NULL),
(1927, '271', '4', '1', '71', 'no', '2025-02-04 03:18:58', '2025-02-04 03:18:58', NULL),
(1928, '271', '4', '1', '152', 'yes', '2025-02-04 03:18:58', '2025-02-13 09:42:25', NULL),
(1929, '271', '4', '1', '160', 'no', '2025-02-04 03:18:58', '2025-02-04 03:18:58', NULL),
(1930, '271', '4', '1', '177', 'no', '2025-02-04 03:18:58', '2025-02-04 03:18:58', NULL),
(1931, '271', '4', '1', '178', 'no', '2025-02-04 03:18:58', '2025-02-04 03:18:58', NULL),
(1932, '271', '4', '1', '179', 'no', '2025-02-04 03:18:58', '2025-02-04 03:18:58', NULL),
(1933, '271', '4', '1', '180', 'no', '2025-02-04 03:18:58', '2025-02-04 03:18:58', NULL),
(1934, '271', '4', '1', '185', 'no', '2025-02-04 03:18:58', '2025-02-04 03:18:58', NULL),
(1935, '271', '4', '1', '186', 'no', '2025-02-04 03:18:58', '2025-02-04 03:18:58', NULL),
(1936, '272', '3', '1', '3', 'no', '2025-02-04 03:21:27', '2025-02-04 03:21:27', NULL),
(1937, '272', '3', '1', '48', 'yes', '2025-02-04 03:21:27', '2025-02-04 04:22:24', NULL),
(1938, '272', '3', '1', '49', 'no', '2025-02-04 03:21:27', '2025-02-04 03:21:27', NULL),
(1939, '272', '3', '1', '71', 'no', '2025-02-04 03:21:27', '2025-02-04 03:21:27', NULL),
(1940, '272', '3', '1', '147', 'no', '2025-02-04 03:21:27', '2025-02-04 03:21:27', NULL),
(1941, '272', '3', '1', '166', 'no', '2025-02-04 03:21:27', '2025-02-04 03:21:27', NULL),
(1942, '272', '3', '1', '167', 'no', '2025-02-04 03:21:27', '2025-02-04 03:21:27', NULL),
(1943, '272', '3', '1', '168', 'no', '2025-02-04 03:21:27', '2025-02-04 03:21:27', NULL),
(1944, '272', '3', '1', '169', 'no', '2025-02-04 03:21:27', '2025-02-04 03:21:27', NULL),
(1945, '272', '3', '1', '170', 'yes', '2025-02-04 03:21:27', '2025-02-17 05:32:53', NULL),
(1946, '273', '4', '1', '3', 'no', '2025-02-04 03:23:44', '2025-02-04 03:23:44', NULL),
(1947, '273', '4', '1', '48', 'yes', '2025-02-04 03:23:44', '2025-02-04 04:22:20', NULL),
(1948, '273', '4', '1', '71', 'no', '2025-02-04 03:23:44', '2025-02-04 03:23:44', NULL),
(1949, '273', '4', '1', '152', 'yes', '2025-02-04 03:23:44', '2025-02-13 09:42:25', NULL),
(1950, '273', '4', '1', '160', 'no', '2025-02-04 03:23:44', '2025-02-04 03:23:44', NULL),
(1951, '273', '4', '1', '177', 'no', '2025-02-04 03:23:44', '2025-02-04 03:23:44', NULL),
(1952, '273', '4', '1', '178', 'no', '2025-02-04 03:23:44', '2025-02-04 03:23:44', NULL),
(1953, '273', '4', '1', '179', 'no', '2025-02-04 03:23:44', '2025-02-04 03:23:44', NULL),
(1954, '273', '4', '1', '180', 'no', '2025-02-04 03:23:44', '2025-02-04 03:23:44', NULL),
(1955, '273', '4', '1', '185', 'no', '2025-02-04 03:23:44', '2025-02-04 03:23:44', NULL),
(1956, '273', '4', '1', '186', 'no', '2025-02-04 03:23:44', '2025-02-04 03:23:44', NULL),
(1957, '274', '2', '1', '3', 'no', '2025-02-04 03:24:08', '2025-02-04 03:24:08', NULL),
(1958, '274', '2', '1', '6', 'yes', '2025-02-04 03:24:08', '2025-02-13 09:48:07', NULL),
(1959, '274', '2', '1', '48', 'yes', '2025-02-04 03:24:08', '2025-02-04 04:22:05', NULL),
(1960, '274', '2', '1', '71', 'no', '2025-02-04 03:24:08', '2025-02-04 03:24:08', NULL),
(1961, '274', '2', '1', '72', 'no', '2025-02-04 03:24:08', '2025-02-04 03:24:08', NULL),
(1962, '274', '2', '1', '132', 'no', '2025-02-04 03:24:08', '2025-02-04 03:24:08', NULL),
(1963, '274', '2', '1', '133', 'no', '2025-02-04 03:24:08', '2025-02-04 03:24:08', NULL),
(1964, '274', '2', '1', '136', 'no', '2025-02-04 03:24:08', '2025-02-04 03:24:08', NULL),
(1965, '274', '2', '1', '137', 'no', '2025-02-04 03:24:08', '2025-02-04 03:24:08', NULL),
(1966, '274', '2', '1', '138', 'no', '2025-02-04 03:24:08', '2025-02-04 03:24:08', NULL),
(1967, '274', '2', '1', '140', 'no', '2025-02-04 03:24:08', '2025-02-04 03:24:08', NULL),
(1968, '274', '2', '1', '144', 'no', '2025-02-04 03:24:08', '2025-02-04 03:24:08', NULL),
(1969, '274', '2', '1', '146', 'no', '2025-02-04 03:24:08', '2025-02-04 03:24:08', NULL),
(1970, '274', '2', '1', '155', 'no', '2025-02-04 03:24:08', '2025-02-04 03:24:08', NULL),
(1971, '274', '2', '1', '164', 'no', '2025-02-04 03:24:08', '2025-02-04 03:24:08', NULL),
(1972, '274', '2', '1', '171', 'no', '2025-02-04 03:24:08', '2025-02-04 03:24:08', NULL),
(1973, '274', '2', '1', '176', 'no', '2025-02-04 03:24:08', '2025-02-04 03:24:08', NULL),
(1974, '274', '2', '1', '181', 'no', '2025-02-04 03:24:08', '2025-02-04 03:24:08', NULL),
(1975, '274', '2', '1', '182', 'no', '2025-02-04 03:24:08', '2025-02-04 03:24:08', NULL),
(1976, '274', '2', '1', '183', 'no', '2025-02-04 03:24:08', '2025-02-04 03:24:08', NULL),
(1977, '274', '2', '1', '184', 'no', '2025-02-04 03:24:08', '2025-02-04 03:24:08', NULL),
(1978, '275', '3', '1', '3', 'no', '2025-02-04 03:25:24', '2025-02-04 03:25:24', NULL),
(1979, '275', '3', '1', '48', 'yes', '2025-02-04 03:25:24', '2025-02-04 04:22:24', NULL),
(1980, '275', '3', '1', '49', 'no', '2025-02-04 03:25:24', '2025-02-04 03:25:24', NULL),
(1981, '275', '3', '1', '71', 'no', '2025-02-04 03:25:24', '2025-02-04 03:25:24', NULL),
(1982, '275', '3', '1', '147', 'no', '2025-02-04 03:25:24', '2025-02-04 03:25:24', NULL),
(1983, '275', '3', '1', '166', 'no', '2025-02-04 03:25:24', '2025-02-04 03:25:24', NULL),
(1984, '275', '3', '1', '167', 'no', '2025-02-04 03:25:24', '2025-02-04 03:25:24', NULL),
(1985, '275', '3', '1', '168', 'no', '2025-02-04 03:25:24', '2025-02-04 03:25:24', NULL),
(1986, '275', '3', '1', '169', 'no', '2025-02-04 03:25:24', '2025-02-04 03:25:24', NULL),
(1987, '275', '3', '1', '170', 'yes', '2025-02-04 03:25:25', '2025-02-17 05:32:53', NULL),
(1988, '276', '2', '1', '3', 'no', '2025-02-04 04:07:55', '2025-02-04 04:07:55', NULL),
(1989, '276', '2', '1', '6', 'yes', '2025-02-04 04:07:55', '2025-02-13 09:48:07', NULL),
(1990, '276', '2', '1', '48', 'yes', '2025-02-04 04:07:55', '2025-02-04 04:22:05', NULL),
(1991, '276', '2', '1', '71', 'no', '2025-02-04 04:07:55', '2025-02-04 04:07:55', NULL),
(1992, '276', '2', '1', '72', 'no', '2025-02-04 04:07:55', '2025-02-04 04:07:55', NULL),
(1993, '276', '2', '1', '132', 'no', '2025-02-04 04:07:55', '2025-02-04 04:07:55', NULL),
(1994, '276', '2', '1', '133', 'no', '2025-02-04 04:07:55', '2025-02-04 04:07:55', NULL),
(1995, '276', '2', '1', '136', 'no', '2025-02-04 04:07:55', '2025-02-04 04:07:55', NULL),
(1996, '276', '2', '1', '137', 'no', '2025-02-04 04:07:55', '2025-02-04 04:07:55', NULL),
(1997, '276', '2', '1', '138', 'no', '2025-02-04 04:07:55', '2025-02-04 04:07:55', NULL),
(1998, '276', '2', '1', '140', 'no', '2025-02-04 04:07:55', '2025-02-04 04:07:55', NULL),
(1999, '276', '2', '1', '144', 'no', '2025-02-04 04:07:55', '2025-02-04 04:07:55', NULL),
(2000, '276', '2', '1', '146', 'no', '2025-02-04 04:07:55', '2025-02-04 04:07:55', NULL),
(2001, '276', '2', '1', '155', 'no', '2025-02-04 04:07:55', '2025-02-04 04:07:55', NULL),
(2002, '276', '2', '1', '164', 'no', '2025-02-04 04:07:55', '2025-02-04 04:07:55', NULL),
(2003, '276', '2', '1', '171', 'no', '2025-02-04 04:07:55', '2025-02-04 04:07:55', NULL),
(2004, '276', '2', '1', '176', 'no', '2025-02-04 04:07:55', '2025-02-04 04:07:55', NULL),
(2005, '276', '2', '1', '181', 'no', '2025-02-04 04:07:55', '2025-02-04 04:07:55', NULL),
(2006, '276', '2', '1', '182', 'no', '2025-02-04 04:07:55', '2025-02-04 04:07:55', NULL),
(2007, '276', '2', '1', '183', 'no', '2025-02-04 04:07:55', '2025-02-04 04:07:55', NULL),
(2008, '276', '2', '1', '184', 'no', '2025-02-04 04:07:55', '2025-02-04 04:07:55', NULL),
(2009, '278', '2', '48', '1', 'yes', '2025-02-04 04:08:18', '2025-02-17 03:54:36', NULL),
(2010, '278', '2', '48', '3', 'no', '2025-02-04 04:08:18', '2025-02-04 04:08:18', NULL),
(2011, '278', '2', '48', '6', 'yes', '2025-02-04 04:08:18', '2025-02-13 09:48:07', NULL),
(2012, '278', '2', '48', '71', 'no', '2025-02-04 04:08:18', '2025-02-04 04:08:18', NULL),
(2013, '278', '2', '48', '72', 'no', '2025-02-04 04:08:18', '2025-02-04 04:08:18', NULL),
(2014, '278', '2', '48', '132', 'no', '2025-02-04 04:08:18', '2025-02-04 04:08:18', NULL),
(2015, '278', '2', '48', '133', 'no', '2025-02-04 04:08:18', '2025-02-04 04:08:18', NULL),
(2016, '278', '2', '48', '136', 'no', '2025-02-04 04:08:18', '2025-02-04 04:08:18', NULL),
(2017, '278', '2', '48', '137', 'no', '2025-02-04 04:08:18', '2025-02-04 04:08:18', NULL),
(2018, '278', '2', '48', '138', 'no', '2025-02-04 04:08:18', '2025-02-04 04:08:18', NULL),
(2019, '278', '2', '48', '140', 'no', '2025-02-04 04:08:18', '2025-02-04 04:08:18', NULL),
(2020, '278', '2', '48', '144', 'no', '2025-02-04 04:08:18', '2025-02-04 04:08:18', NULL),
(2021, '278', '2', '48', '146', 'no', '2025-02-04 04:08:18', '2025-02-04 04:08:18', NULL),
(2022, '278', '2', '48', '155', 'no', '2025-02-04 04:08:18', '2025-02-04 04:08:18', NULL),
(2023, '278', '2', '48', '164', 'no', '2025-02-04 04:08:18', '2025-02-04 04:08:18', NULL),
(2024, '278', '2', '48', '171', 'no', '2025-02-04 04:08:18', '2025-02-04 04:08:18', NULL),
(2025, '278', '2', '48', '176', 'no', '2025-02-04 04:08:18', '2025-02-04 04:08:18', NULL),
(2026, '278', '2', '48', '181', 'no', '2025-02-04 04:08:18', '2025-02-04 04:08:18', NULL),
(2027, '278', '2', '48', '182', 'no', '2025-02-04 04:08:19', '2025-02-04 04:08:19', NULL),
(2028, '278', '2', '48', '183', 'no', '2025-02-04 04:08:19', '2025-02-04 04:08:19', NULL),
(2029, '278', '2', '48', '184', 'no', '2025-02-04 04:08:19', '2025-02-04 04:08:19', NULL),
(2030, '279', '2', '1', '3', 'no', '2025-02-04 04:08:52', '2025-02-04 04:08:52', NULL),
(2031, '279', '2', '1', '6', 'yes', '2025-02-04 04:08:52', '2025-02-13 09:48:07', NULL),
(2032, '279', '2', '1', '48', 'yes', '2025-02-04 04:08:52', '2025-02-04 04:22:05', NULL),
(2033, '279', '2', '1', '71', 'no', '2025-02-04 04:08:52', '2025-02-04 04:08:52', NULL),
(2034, '279', '2', '1', '72', 'no', '2025-02-04 04:08:52', '2025-02-04 04:08:52', NULL),
(2035, '279', '2', '1', '132', 'no', '2025-02-04 04:08:52', '2025-02-04 04:08:52', NULL),
(2036, '279', '2', '1', '133', 'no', '2025-02-04 04:08:53', '2025-02-04 04:08:53', NULL),
(2037, '279', '2', '1', '136', 'no', '2025-02-04 04:08:53', '2025-02-04 04:08:53', NULL),
(2038, '279', '2', '1', '137', 'no', '2025-02-04 04:08:53', '2025-02-04 04:08:53', NULL),
(2039, '279', '2', '1', '138', 'no', '2025-02-04 04:08:53', '2025-02-04 04:08:53', NULL),
(2040, '279', '2', '1', '140', 'no', '2025-02-04 04:08:53', '2025-02-04 04:08:53', NULL),
(2041, '279', '2', '1', '144', 'no', '2025-02-04 04:08:53', '2025-02-04 04:08:53', NULL),
(2042, '279', '2', '1', '146', 'no', '2025-02-04 04:08:53', '2025-02-04 04:08:53', NULL),
(2043, '279', '2', '1', '155', 'no', '2025-02-04 04:08:53', '2025-02-04 04:08:53', NULL),
(2044, '279', '2', '1', '164', 'no', '2025-02-04 04:08:53', '2025-02-04 04:08:53', NULL),
(2045, '279', '2', '1', '171', 'no', '2025-02-04 04:08:53', '2025-02-04 04:08:53', NULL),
(2046, '279', '2', '1', '176', 'no', '2025-02-04 04:08:53', '2025-02-04 04:08:53', NULL),
(2047, '279', '2', '1', '181', 'no', '2025-02-04 04:08:53', '2025-02-04 04:08:53', NULL),
(2048, '279', '2', '1', '182', 'no', '2025-02-04 04:08:53', '2025-02-04 04:08:53', NULL),
(2049, '279', '2', '1', '183', 'no', '2025-02-04 04:08:53', '2025-02-04 04:08:53', NULL),
(2050, '279', '2', '1', '184', 'no', '2025-02-04 04:08:53', '2025-02-04 04:08:53', NULL),
(2051, '280', '2', '1', '3', 'no', '2025-02-04 04:09:32', '2025-02-04 04:09:32', NULL),
(2052, '280', '2', '1', '6', 'yes', '2025-02-04 04:09:32', '2025-02-13 09:48:07', NULL),
(2053, '280', '2', '1', '48', 'yes', '2025-02-04 04:09:32', '2025-02-04 04:22:05', NULL),
(2054, '280', '2', '1', '71', 'no', '2025-02-04 04:09:32', '2025-02-04 04:09:32', NULL),
(2055, '280', '2', '1', '72', 'no', '2025-02-04 04:09:32', '2025-02-04 04:09:32', NULL),
(2056, '280', '2', '1', '132', 'no', '2025-02-04 04:09:32', '2025-02-04 04:09:32', NULL),
(2057, '280', '2', '1', '133', 'no', '2025-02-04 04:09:32', '2025-02-04 04:09:32', NULL),
(2058, '280', '2', '1', '136', 'no', '2025-02-04 04:09:32', '2025-02-04 04:09:32', NULL),
(2059, '280', '2', '1', '137', 'no', '2025-02-04 04:09:32', '2025-02-04 04:09:32', NULL),
(2060, '280', '2', '1', '138', 'no', '2025-02-04 04:09:32', '2025-02-04 04:09:32', NULL),
(2061, '280', '2', '1', '140', 'no', '2025-02-04 04:09:32', '2025-02-04 04:09:32', NULL),
(2062, '280', '2', '1', '144', 'no', '2025-02-04 04:09:32', '2025-02-04 04:09:32', NULL),
(2063, '280', '2', '1', '146', 'no', '2025-02-04 04:09:32', '2025-02-04 04:09:32', NULL),
(2064, '280', '2', '1', '155', 'no', '2025-02-04 04:09:32', '2025-02-04 04:09:32', NULL),
(2065, '280', '2', '1', '164', 'no', '2025-02-04 04:09:32', '2025-02-04 04:09:32', NULL),
(2066, '280', '2', '1', '171', 'no', '2025-02-04 04:09:32', '2025-02-04 04:09:32', NULL),
(2067, '280', '2', '1', '176', 'no', '2025-02-04 04:09:32', '2025-02-04 04:09:32', NULL),
(2068, '280', '2', '1', '181', 'no', '2025-02-04 04:09:32', '2025-02-04 04:09:32', NULL),
(2069, '280', '2', '1', '182', 'no', '2025-02-04 04:09:32', '2025-02-04 04:09:32', NULL),
(2070, '280', '2', '1', '183', 'no', '2025-02-04 04:09:32', '2025-02-04 04:09:32', NULL),
(2071, '280', '2', '1', '184', 'no', '2025-02-04 04:09:32', '2025-02-04 04:09:32', NULL),
(2072, '281', '2', '18', '1', 'yes', '2025-02-04 04:10:51', '2025-02-17 03:54:36', NULL),
(2073, '281', '2', '18', '3', 'no', '2025-02-04 04:10:51', '2025-02-04 04:10:51', NULL),
(2074, '281', '2', '18', '6', 'yes', '2025-02-04 04:10:51', '2025-02-13 09:48:07', NULL),
(2075, '281', '2', '18', '48', 'yes', '2025-02-04 04:10:51', '2025-02-04 04:22:05', NULL),
(2076, '281', '2', '18', '71', 'no', '2025-02-04 04:10:51', '2025-02-04 04:10:51', NULL),
(2077, '281', '2', '18', '72', 'no', '2025-02-04 04:10:51', '2025-02-04 04:10:51', NULL),
(2078, '281', '2', '18', '132', 'no', '2025-02-04 04:10:51', '2025-02-04 04:10:51', NULL),
(2079, '281', '2', '18', '133', 'no', '2025-02-04 04:10:51', '2025-02-04 04:10:51', NULL),
(2080, '281', '2', '18', '136', 'no', '2025-02-04 04:10:51', '2025-02-04 04:10:51', NULL),
(2081, '281', '2', '18', '137', 'no', '2025-02-04 04:10:51', '2025-02-04 04:10:51', NULL),
(2082, '281', '2', '18', '138', 'no', '2025-02-04 04:10:51', '2025-02-04 04:10:51', NULL),
(2083, '281', '2', '18', '140', 'no', '2025-02-04 04:10:51', '2025-02-04 04:10:51', NULL),
(2084, '281', '2', '18', '144', 'no', '2025-02-04 04:10:51', '2025-02-04 04:10:51', NULL),
(2085, '281', '2', '18', '146', 'no', '2025-02-04 04:10:51', '2025-02-04 04:10:51', NULL),
(2086, '281', '2', '18', '155', 'no', '2025-02-04 04:10:51', '2025-02-04 04:10:51', NULL),
(2087, '281', '2', '18', '164', 'no', '2025-02-04 04:10:51', '2025-02-04 04:10:51', NULL),
(2088, '281', '2', '18', '171', 'no', '2025-02-04 04:10:51', '2025-02-04 04:10:51', NULL),
(2089, '281', '2', '18', '176', 'no', '2025-02-04 04:10:51', '2025-02-04 04:10:51', NULL),
(2090, '281', '2', '18', '181', 'no', '2025-02-04 04:10:51', '2025-02-04 04:10:51', NULL),
(2091, '281', '2', '18', '182', 'no', '2025-02-04 04:10:51', '2025-02-04 04:10:51', NULL),
(2092, '281', '2', '18', '183', 'no', '2025-02-04 04:10:51', '2025-02-04 04:10:51', NULL),
(2093, '281', '2', '18', '184', 'no', '2025-02-04 04:10:51', '2025-02-04 04:10:51', NULL),
(2094, '282', '2', '18', '1', 'yes', '2025-02-04 04:10:53', '2025-02-17 03:54:36', NULL),
(2095, '282', '2', '18', '3', 'no', '2025-02-04 04:10:53', '2025-02-04 04:10:53', NULL),
(2096, '282', '2', '18', '6', 'yes', '2025-02-04 04:10:53', '2025-02-13 09:48:07', NULL),
(2097, '282', '2', '18', '48', 'yes', '2025-02-04 04:10:53', '2025-02-04 04:22:05', NULL),
(2098, '282', '2', '18', '71', 'no', '2025-02-04 04:10:53', '2025-02-04 04:10:53', NULL),
(2099, '282', '2', '18', '72', 'no', '2025-02-04 04:10:53', '2025-02-04 04:10:53', NULL),
(2100, '282', '2', '18', '132', 'no', '2025-02-04 04:10:53', '2025-02-04 04:10:53', NULL),
(2101, '282', '2', '18', '133', 'no', '2025-02-04 04:10:53', '2025-02-04 04:10:53', NULL),
(2102, '282', '2', '18', '136', 'no', '2025-02-04 04:10:53', '2025-02-04 04:10:53', NULL),
(2103, '282', '2', '18', '137', 'no', '2025-02-04 04:10:53', '2025-02-04 04:10:53', NULL),
(2104, '282', '2', '18', '138', 'no', '2025-02-04 04:10:53', '2025-02-04 04:10:53', NULL),
(2105, '282', '2', '18', '140', 'no', '2025-02-04 04:10:53', '2025-02-04 04:10:53', NULL),
(2106, '282', '2', '18', '144', 'no', '2025-02-04 04:10:53', '2025-02-04 04:10:53', NULL),
(2107, '282', '2', '18', '146', 'no', '2025-02-04 04:10:53', '2025-02-04 04:10:53', NULL),
(2108, '282', '2', '18', '155', 'no', '2025-02-04 04:10:53', '2025-02-04 04:10:53', NULL),
(2109, '282', '2', '18', '164', 'no', '2025-02-04 04:10:53', '2025-02-04 04:10:53', NULL),
(2110, '282', '2', '18', '171', 'no', '2025-02-04 04:10:53', '2025-02-04 04:10:53', NULL),
(2111, '282', '2', '18', '176', 'no', '2025-02-04 04:10:53', '2025-02-04 04:10:53', NULL),
(2112, '282', '2', '18', '181', 'no', '2025-02-04 04:10:53', '2025-02-04 04:10:53', NULL),
(2113, '282', '2', '18', '182', 'no', '2025-02-04 04:10:53', '2025-02-04 04:10:53', NULL),
(2114, '282', '2', '18', '183', 'no', '2025-02-04 04:10:53', '2025-02-04 04:10:53', NULL),
(2115, '282', '2', '18', '184', 'no', '2025-02-04 04:10:53', '2025-02-04 04:10:53', NULL),
(2116, '283', '2', '18', '1', 'yes', '2025-02-04 04:11:32', '2025-02-17 03:54:36', NULL),
(2117, '283', '2', '18', '3', 'no', '2025-02-04 04:11:32', '2025-02-04 04:11:32', NULL),
(2118, '283', '2', '18', '6', 'yes', '2025-02-04 04:11:32', '2025-02-13 09:48:07', NULL),
(2119, '283', '2', '18', '48', 'yes', '2025-02-04 04:11:32', '2025-02-04 04:22:05', NULL),
(2120, '283', '2', '18', '71', 'no', '2025-02-04 04:11:32', '2025-02-04 04:11:32', NULL),
(2121, '283', '2', '18', '72', 'no', '2025-02-04 04:11:32', '2025-02-04 04:11:32', NULL),
(2122, '283', '2', '18', '132', 'no', '2025-02-04 04:11:32', '2025-02-04 04:11:32', NULL),
(2123, '283', '2', '18', '133', 'no', '2025-02-04 04:11:32', '2025-02-04 04:11:32', NULL),
(2124, '283', '2', '18', '136', 'no', '2025-02-04 04:11:32', '2025-02-04 04:11:32', NULL),
(2125, '283', '2', '18', '137', 'no', '2025-02-04 04:11:32', '2025-02-04 04:11:32', NULL),
(2126, '283', '2', '18', '138', 'no', '2025-02-04 04:11:32', '2025-02-04 04:11:32', NULL),
(2127, '283', '2', '18', '140', 'no', '2025-02-04 04:11:32', '2025-02-04 04:11:32', NULL),
(2128, '283', '2', '18', '144', 'no', '2025-02-04 04:11:32', '2025-02-04 04:11:32', NULL),
(2129, '283', '2', '18', '146', 'no', '2025-02-04 04:11:32', '2025-02-04 04:11:32', NULL),
(2130, '283', '2', '18', '155', 'no', '2025-02-04 04:11:32', '2025-02-04 04:11:32', NULL),
(2131, '283', '2', '18', '164', 'no', '2025-02-04 04:11:32', '2025-02-04 04:11:32', NULL),
(2132, '283', '2', '18', '171', 'no', '2025-02-04 04:11:32', '2025-02-04 04:11:32', NULL),
(2133, '283', '2', '18', '176', 'no', '2025-02-04 04:11:32', '2025-02-04 04:11:32', NULL),
(2134, '283', '2', '18', '181', 'no', '2025-02-04 04:11:32', '2025-02-04 04:11:32', NULL),
(2135, '283', '2', '18', '182', 'no', '2025-02-04 04:11:32', '2025-02-04 04:11:32', NULL),
(2136, '283', '2', '18', '183', 'no', '2025-02-04 04:11:32', '2025-02-04 04:11:32', NULL),
(2137, '283', '2', '18', '184', 'no', '2025-02-04 04:11:33', '2025-02-04 04:11:33', NULL),
(2138, '284', '2', '18', '1', 'yes', '2025-02-04 04:13:05', '2025-02-17 03:54:36', NULL),
(2139, '284', '2', '18', '3', 'no', '2025-02-04 04:13:05', '2025-02-04 04:13:05', NULL),
(2140, '284', '2', '18', '6', 'yes', '2025-02-04 04:13:05', '2025-02-13 09:48:07', NULL),
(2141, '284', '2', '18', '48', 'yes', '2025-02-04 04:13:05', '2025-02-04 04:22:05', NULL),
(2142, '284', '2', '18', '71', 'no', '2025-02-04 04:13:05', '2025-02-04 04:13:05', NULL),
(2143, '284', '2', '18', '72', 'no', '2025-02-04 04:13:05', '2025-02-04 04:13:05', NULL),
(2144, '284', '2', '18', '132', 'no', '2025-02-04 04:13:05', '2025-02-04 04:13:05', NULL),
(2145, '284', '2', '18', '133', 'no', '2025-02-04 04:13:05', '2025-02-04 04:13:05', NULL),
(2146, '284', '2', '18', '136', 'no', '2025-02-04 04:13:05', '2025-02-04 04:13:05', NULL),
(2147, '284', '2', '18', '137', 'no', '2025-02-04 04:13:05', '2025-02-04 04:13:05', NULL),
(2148, '284', '2', '18', '138', 'no', '2025-02-04 04:13:05', '2025-02-04 04:13:05', NULL),
(2149, '284', '2', '18', '140', 'no', '2025-02-04 04:13:05', '2025-02-04 04:13:05', NULL),
(2150, '284', '2', '18', '144', 'no', '2025-02-04 04:13:05', '2025-02-04 04:13:05', NULL),
(2151, '284', '2', '18', '146', 'no', '2025-02-04 04:13:05', '2025-02-04 04:13:05', NULL),
(2152, '284', '2', '18', '155', 'no', '2025-02-04 04:13:05', '2025-02-04 04:13:05', NULL),
(2153, '284', '2', '18', '164', 'no', '2025-02-04 04:13:05', '2025-02-04 04:13:05', NULL),
(2154, '284', '2', '18', '171', 'no', '2025-02-04 04:13:05', '2025-02-04 04:13:05', NULL),
(2155, '284', '2', '18', '176', 'no', '2025-02-04 04:13:05', '2025-02-04 04:13:05', NULL),
(2156, '284', '2', '18', '181', 'no', '2025-02-04 04:13:05', '2025-02-04 04:13:05', NULL),
(2157, '284', '2', '18', '182', 'no', '2025-02-04 04:13:05', '2025-02-04 04:13:05', NULL),
(2158, '284', '2', '18', '183', 'no', '2025-02-04 04:13:05', '2025-02-04 04:13:05', NULL),
(2159, '284', '2', '18', '184', 'no', '2025-02-04 04:13:05', '2025-02-04 04:13:05', NULL),
(2160, '285', '2', '18', '1', 'yes', '2025-02-04 04:14:15', '2025-02-17 03:54:36', NULL),
(2161, '285', '2', '18', '3', 'no', '2025-02-04 04:14:15', '2025-02-04 04:14:15', NULL),
(2162, '285', '2', '18', '6', 'yes', '2025-02-04 04:14:15', '2025-02-13 09:48:07', NULL),
(2163, '285', '2', '18', '48', 'yes', '2025-02-04 04:14:15', '2025-02-04 04:22:05', NULL),
(2164, '285', '2', '18', '71', 'no', '2025-02-04 04:14:15', '2025-02-04 04:14:15', NULL),
(2165, '285', '2', '18', '72', 'no', '2025-02-04 04:14:16', '2025-02-04 04:14:16', NULL),
(2166, '285', '2', '18', '132', 'no', '2025-02-04 04:14:16', '2025-02-04 04:14:16', NULL),
(2167, '285', '2', '18', '133', 'no', '2025-02-04 04:14:16', '2025-02-04 04:14:16', NULL),
(2168, '285', '2', '18', '136', 'no', '2025-02-04 04:14:16', '2025-02-04 04:14:16', NULL),
(2169, '285', '2', '18', '137', 'no', '2025-02-04 04:14:16', '2025-02-04 04:14:16', NULL),
(2170, '285', '2', '18', '138', 'no', '2025-02-04 04:14:16', '2025-02-04 04:14:16', NULL),
(2171, '285', '2', '18', '140', 'no', '2025-02-04 04:14:16', '2025-02-04 04:14:16', NULL),
(2172, '285', '2', '18', '144', 'no', '2025-02-04 04:14:16', '2025-02-04 04:14:16', NULL),
(2173, '285', '2', '18', '146', 'no', '2025-02-04 04:14:16', '2025-02-04 04:14:16', NULL),
(2174, '285', '2', '18', '155', 'no', '2025-02-04 04:14:16', '2025-02-04 04:14:16', NULL),
(2175, '285', '2', '18', '164', 'no', '2025-02-04 04:14:16', '2025-02-04 04:14:16', NULL),
(2176, '285', '2', '18', '171', 'no', '2025-02-04 04:14:16', '2025-02-04 04:14:16', NULL),
(2177, '285', '2', '18', '176', 'no', '2025-02-04 04:14:16', '2025-02-04 04:14:16', NULL),
(2178, '285', '2', '18', '181', 'no', '2025-02-04 04:14:16', '2025-02-04 04:14:16', NULL),
(2179, '285', '2', '18', '182', 'no', '2025-02-04 04:14:16', '2025-02-04 04:14:16', NULL),
(2180, '285', '2', '18', '183', 'no', '2025-02-04 04:14:16', '2025-02-04 04:14:16', NULL),
(2181, '285', '2', '18', '184', 'no', '2025-02-04 04:14:16', '2025-02-04 04:14:16', NULL),
(2182, '286', '4', '18', '1', 'yes', '2025-02-04 04:16:52', '2025-02-04 04:20:10', NULL),
(2183, '286', '4', '18', '3', 'no', '2025-02-04 04:16:52', '2025-02-04 04:16:52', NULL),
(2184, '286', '4', '18', '48', 'yes', '2025-02-04 04:16:52', '2025-02-04 04:22:20', NULL),
(2185, '286', '4', '18', '71', 'no', '2025-02-04 04:16:52', '2025-02-04 04:16:52', NULL),
(2186, '286', '4', '18', '152', 'yes', '2025-02-04 04:16:52', '2025-02-13 09:42:25', NULL),
(2187, '286', '4', '18', '160', 'no', '2025-02-04 04:16:52', '2025-02-04 04:16:52', NULL),
(2188, '286', '4', '18', '177', 'no', '2025-02-04 04:16:52', '2025-02-04 04:16:52', NULL),
(2189, '286', '4', '18', '178', 'no', '2025-02-04 04:16:52', '2025-02-04 04:16:52', NULL),
(2190, '286', '4', '18', '179', 'no', '2025-02-04 04:16:52', '2025-02-04 04:16:52', NULL),
(2191, '286', '4', '18', '180', 'no', '2025-02-04 04:16:52', '2025-02-04 04:16:52', NULL),
(2192, '286', '4', '18', '185', 'no', '2025-02-04 04:16:52', '2025-02-04 04:16:52', NULL),
(2193, '286', '4', '18', '186', 'no', '2025-02-04 04:16:52', '2025-02-04 04:16:52', NULL),
(2194, '287', '3', '18', '1', 'yes', '2025-02-04 04:18:55', '2025-02-17 03:54:30', NULL),
(2195, '287', '3', '18', '3', 'no', '2025-02-04 04:18:55', '2025-02-04 04:18:55', NULL),
(2196, '287', '3', '18', '48', 'yes', '2025-02-04 04:18:55', '2025-02-04 04:22:24', NULL),
(2197, '287', '3', '18', '49', 'no', '2025-02-04 04:18:55', '2025-02-04 04:18:55', NULL),
(2198, '287', '3', '18', '71', 'no', '2025-02-04 04:18:55', '2025-02-04 04:18:55', NULL),
(2199, '287', '3', '18', '147', 'no', '2025-02-04 04:18:55', '2025-02-04 04:18:55', NULL),
(2200, '287', '3', '18', '166', 'no', '2025-02-04 04:18:55', '2025-02-04 04:18:55', NULL),
(2201, '287', '3', '18', '167', 'no', '2025-02-04 04:18:55', '2025-02-04 04:18:55', NULL),
(2202, '287', '3', '18', '168', 'no', '2025-02-04 04:18:55', '2025-02-04 04:18:55', NULL),
(2203, '287', '3', '18', '169', 'no', '2025-02-04 04:18:55', '2025-02-04 04:18:55', NULL),
(2204, '287', '3', '18', '170', 'yes', '2025-02-04 04:18:55', '2025-02-17 05:32:53', NULL),
(2205, '288', '2', '18', '1', 'yes', '2025-02-04 04:20:29', '2025-02-17 03:54:36', NULL),
(2206, '288', '2', '18', '3', 'no', '2025-02-04 04:20:29', '2025-02-04 04:20:29', NULL),
(2207, '288', '2', '18', '6', 'yes', '2025-02-04 04:20:29', '2025-02-13 09:48:07', NULL),
(2208, '288', '2', '18', '48', 'yes', '2025-02-04 04:20:29', '2025-02-04 04:22:05', NULL),
(2209, '288', '2', '18', '71', 'no', '2025-02-04 04:20:29', '2025-02-04 04:20:29', NULL),
(2210, '288', '2', '18', '72', 'no', '2025-02-04 04:20:29', '2025-02-04 04:20:29', NULL),
(2211, '288', '2', '18', '132', 'no', '2025-02-04 04:20:29', '2025-02-04 04:20:29', NULL),
(2212, '288', '2', '18', '133', 'no', '2025-02-04 04:20:29', '2025-02-04 04:20:29', NULL),
(2213, '288', '2', '18', '136', 'no', '2025-02-04 04:20:29', '2025-02-04 04:20:29', NULL),
(2214, '288', '2', '18', '137', 'no', '2025-02-04 04:20:29', '2025-02-04 04:20:29', NULL),
(2215, '288', '2', '18', '138', 'no', '2025-02-04 04:20:29', '2025-02-04 04:20:29', NULL),
(2216, '288', '2', '18', '140', 'no', '2025-02-04 04:20:29', '2025-02-04 04:20:29', NULL),
(2217, '288', '2', '18', '144', 'no', '2025-02-04 04:20:29', '2025-02-04 04:20:29', NULL),
(2218, '288', '2', '18', '146', 'no', '2025-02-04 04:20:29', '2025-02-04 04:20:29', NULL),
(2219, '288', '2', '18', '155', 'no', '2025-02-04 04:20:29', '2025-02-04 04:20:29', NULL),
(2220, '288', '2', '18', '164', 'no', '2025-02-04 04:20:29', '2025-02-04 04:20:29', NULL),
(2221, '288', '2', '18', '171', 'no', '2025-02-04 04:20:29', '2025-02-04 04:20:29', NULL),
(2222, '288', '2', '18', '176', 'no', '2025-02-04 04:20:29', '2025-02-04 04:20:29', NULL),
(2223, '288', '2', '18', '181', 'no', '2025-02-04 04:20:29', '2025-02-04 04:20:29', NULL),
(2224, '288', '2', '18', '182', 'no', '2025-02-04 04:20:29', '2025-02-04 04:20:29', NULL),
(2225, '288', '2', '18', '183', 'no', '2025-02-04 04:20:29', '2025-02-04 04:20:29', NULL),
(2226, '288', '2', '18', '184', 'no', '2025-02-04 04:20:29', '2025-02-04 04:20:29', NULL),
(2227, '289', '2', '48', '1', 'yes', '2025-02-04 04:22:08', '2025-02-17 03:54:36', NULL),
(2228, '289', '2', '48', '3', 'no', '2025-02-04 04:22:09', '2025-02-04 04:22:09', NULL),
(2229, '289', '2', '48', '6', 'yes', '2025-02-04 04:22:09', '2025-02-13 09:48:07', NULL),
(2230, '289', '2', '48', '71', 'no', '2025-02-04 04:22:09', '2025-02-04 04:22:09', NULL),
(2231, '289', '2', '48', '72', 'no', '2025-02-04 04:22:09', '2025-02-04 04:22:09', NULL),
(2232, '289', '2', '48', '132', 'no', '2025-02-04 04:22:09', '2025-02-04 04:22:09', NULL),
(2233, '289', '2', '48', '133', 'no', '2025-02-04 04:22:09', '2025-02-04 04:22:09', NULL),
(2234, '289', '2', '48', '136', 'no', '2025-02-04 04:22:09', '2025-02-04 04:22:09', NULL),
(2235, '289', '2', '48', '137', 'no', '2025-02-04 04:22:09', '2025-02-04 04:22:09', NULL),
(2236, '289', '2', '48', '138', 'no', '2025-02-04 04:22:09', '2025-02-04 04:22:09', NULL),
(2237, '289', '2', '48', '140', 'no', '2025-02-04 04:22:09', '2025-02-04 04:22:09', NULL),
(2238, '289', '2', '48', '144', 'no', '2025-02-04 04:22:09', '2025-02-04 04:22:09', NULL),
(2239, '289', '2', '48', '146', 'no', '2025-02-04 04:22:09', '2025-02-04 04:22:09', NULL),
(2240, '289', '2', '48', '155', 'no', '2025-02-04 04:22:09', '2025-02-04 04:22:09', NULL),
(2241, '289', '2', '48', '164', 'no', '2025-02-04 04:22:09', '2025-02-04 04:22:09', NULL),
(2242, '289', '2', '48', '171', 'no', '2025-02-04 04:22:09', '2025-02-04 04:22:09', NULL),
(2243, '289', '2', '48', '176', 'no', '2025-02-04 04:22:09', '2025-02-04 04:22:09', NULL),
(2244, '289', '2', '48', '181', 'no', '2025-02-04 04:22:09', '2025-02-04 04:22:09', NULL),
(2245, '289', '2', '48', '182', 'no', '2025-02-04 04:22:09', '2025-02-04 04:22:09', NULL),
(2246, '289', '2', '48', '183', 'no', '2025-02-04 04:22:09', '2025-02-04 04:22:09', NULL),
(2247, '289', '2', '48', '184', 'no', '2025-02-04 04:22:09', '2025-02-04 04:22:09', NULL),
(2248, '290', '3', '48', '1', 'yes', '2025-02-04 04:22:27', '2025-02-17 03:54:30', NULL),
(2249, '290', '3', '48', '3', 'no', '2025-02-04 04:22:27', '2025-02-04 04:22:27', NULL),
(2250, '290', '3', '48', '49', 'no', '2025-02-04 04:22:27', '2025-02-04 04:22:27', NULL),
(2251, '290', '3', '48', '71', 'no', '2025-02-04 04:22:27', '2025-02-04 04:22:27', NULL),
(2252, '290', '3', '48', '147', 'no', '2025-02-04 04:22:27', '2025-02-04 04:22:27', NULL),
(2253, '290', '3', '48', '166', 'no', '2025-02-04 04:22:27', '2025-02-04 04:22:27', NULL),
(2254, '290', '3', '48', '167', 'no', '2025-02-04 04:22:27', '2025-02-04 04:22:27', NULL),
(2255, '290', '3', '48', '168', 'no', '2025-02-04 04:22:27', '2025-02-04 04:22:27', NULL),
(2256, '290', '3', '48', '169', 'no', '2025-02-04 04:22:27', '2025-02-04 04:22:27', NULL),
(2257, '290', '3', '48', '170', 'yes', '2025-02-04 04:22:27', '2025-02-17 05:32:53', NULL);

-- --------------------------------------------------------

--
-- Table structure for table `jobs`
--

CREATE TABLE `jobs` (
  `id` bigint UNSIGNED NOT NULL,
  `queue` varchar(255) COLLATE utf8mb4_unicode_ci NOT NULL,
  `payload` longtext COLLATE utf8mb4_unicode_ci NOT NULL,
  `attempts` tinyint UNSIGNED NOT NULL,
  `reserved_at` int UNSIGNED DEFAULT NULL,
  `available_at` int UNSIGNED NOT NULL,
  `created_at` int UNSIGNED NOT NULL
) ENGINE=InnoDB DEFAULT CHARSET=utf8mb4 COLLATE=utf8mb4_unicode_ci;

-- --------------------------------------------------------

--
-- Table structure for table `job_batches`
--

CREATE TABLE `job_batches` (
  `id` varchar(255) COLLATE utf8mb4_unicode_ci NOT NULL,
  `name` varchar(255) COLLATE utf8mb4_unicode_ci NOT NULL,
  `total_jobs` int NOT NULL,
  `pending_jobs` int NOT NULL,
  `failed_jobs` int NOT NULL,
  `failed_job_ids` longtext COLLATE utf8mb4_unicode_ci NOT NULL,
  `options` mediumtext COLLATE utf8mb4_unicode_ci,
  `cancelled_at` int DEFAULT NULL,
  `created_at` int NOT NULL,
  `finished_at` int DEFAULT NULL
) ENGINE=InnoDB DEFAULT CHARSET=utf8mb4 COLLATE=utf8mb4_unicode_ci;

-- --------------------------------------------------------

--
-- Table structure for table `locations`
--

CREATE TABLE `locations` (
  `id` int NOT NULL,
  `name` varchar(256) NOT NULL,
  `address` varchar(256) NOT NULL,
  `google_map_link` varchar(256) NOT NULL,
  `status` int NOT NULL DEFAULT '1',
  `created_at` timestamp NOT NULL DEFAULT CURRENT_TIMESTAMP,
  `updated_at` timestamp NOT NULL DEFAULT CURRENT_TIMESTAMP,
  `deleted_at` timestamp NULL DEFAULT NULL
) ENGINE=InnoDB DEFAULT CHARSET=utf8mb4 COLLATE=utf8mb4_0900_ai_ci;

--
-- Dumping data for table `locations`
--

INSERT INTO `locations` (`id`, `name`, `address`, `google_map_link`, `status`, `created_at`, `updated_at`, `deleted_at`) VALUES
(4, 'Silvi Park', 'Phase 10, Sector 64, Sahibzada Ajit Singh Nagar, Punjab, India', 'https://maps.app.goo.gl/tCNzYXpHquQ9Fvh48', 1, '2024-11-19 15:04:54', '2024-11-20 10:41:59', NULL),
(5, 'Khalsa College', 'Khalsa College Amritsar, Adarsh Nagar, Amritsar Cantonment, Amritsar, Punjab, India', 'https://maps.app.goo.gl/sdsyDtveevAntQY67', 1, '2024-11-20 05:52:04', '2024-11-20 10:44:22', NULL),
(7, 'Mohali', 'I.S. Bindra Punjab Cricket Association Stadium, Sukhna Path, Phase 9, Sahibzada Ajit Singh Nagar, Punjab, India', 'https://maps.app.goo.gl/nGqK2pY3H1dgpvSHA', 1, '2024-11-20 08:26:47', '2024-11-20 10:47:34', NULL),
(8, 'Gandhi Ground', 'Gandhi Ground Stadium., Gali Number 4, INA Colony, Amritsar, Punjab, India', 'https://maps.app.goo.gl/TDs15h2t1DS7z2t7A', 1, '2024-11-20 10:37:24', '2024-11-20 10:37:24', NULL),
(9, 'Dharamshala', 'Himachal Pradesh Cricket Association Stadium, Dharamshala, Cricket Stadium, Distt, Jawahar Nagar, Dharamshala, Himachal Pradesh, India', 'https://maps.app.goo.gl/TDs15h2t1DS7z2t7A', 1, '2024-11-21 05:13:19', '2024-11-21 05:14:54', NULL),
(10, 'Kolkata', 'Stadium Gate No-3, Stadium Entrance Road, KA Block, Sector 3, Bidhannagar, Kolkata, West Bengal, India', 'https://maps.app.goo.gl/DjEEXAvpnSoj8M2G9', 1, '2024-11-21 09:54:29', '2024-11-21 09:54:29', NULL);

-- --------------------------------------------------------

--
-- Table structure for table `location_sports`
--

CREATE TABLE `location_sports` (
  `id` int NOT NULL,
  `location_id` varchar(256) CHARACTER SET utf8mb4 COLLATE utf8mb4_0900_ai_ci DEFAULT NULL,
  `sport_id` varchar(256) NOT NULL,
  `created_at` timestamp NOT NULL DEFAULT CURRENT_TIMESTAMP,
  `updated_at` timestamp NOT NULL DEFAULT CURRENT_TIMESTAMP,
  `deleted_at` timestamp NULL DEFAULT NULL
) ENGINE=InnoDB DEFAULT CHARSET=utf8mb4 COLLATE=utf8mb4_0900_ai_ci;

--
-- Dumping data for table `location_sports`
--

INSERT INTO `location_sports` (`id`, `location_id`, `sport_id`, `created_at`, `updated_at`, `deleted_at`) VALUES
(4, '1', '2', '2024-11-20 07:26:37', '2024-11-20 07:26:37', NULL),
(5, '6', '3', '2024-11-20 07:31:35', '2024-11-20 07:31:35', NULL),
(7, '8', '1', '2024-11-20 10:37:24', '2024-11-20 10:37:24', NULL),
(8, '4', '2', '2024-11-20 10:41:59', '2024-11-20 10:41:59', NULL),
(9, '5', '5', '2024-11-20 10:44:22', '2024-11-20 10:44:22', NULL),
(10, '7', '7', '2024-11-20 10:47:34', '2024-11-20 10:47:34', NULL),
(15, '9', '7', '2024-11-21 05:14:54', '2024-11-21 05:14:54', NULL),
(16, '10', '1', '2024-11-21 09:54:30', '2024-11-21 09:54:30', NULL);

-- --------------------------------------------------------

--
-- Table structure for table `loc_cities`
--

CREATE TABLE `loc_cities` (
  `id` bigint UNSIGNED NOT NULL,
  `name` varchar(255) COLLATE utf8mb4_unicode_ci NOT NULL,
  `state_id` int NOT NULL,
  `country_id` int NOT NULL,
  `deleted_at` timestamp NULL DEFAULT NULL,
  `created_at` timestamp NULL DEFAULT NULL,
  `updated_at` timestamp NULL DEFAULT NULL
) ENGINE=InnoDB DEFAULT CHARSET=utf8mb4 COLLATE=utf8mb4_unicode_ci;

-- --------------------------------------------------------

--
-- Table structure for table `loc_countries`
--

CREATE TABLE `loc_countries` (
  `id` bigint UNSIGNED NOT NULL,
  `applyFor` varchar(256) COLLATE utf8mb4_unicode_ci DEFAULT NULL,
  `name` varchar(255) COLLATE utf8mb4_unicode_ci NOT NULL,
  `shotcode` varchar(256) COLLATE utf8mb4_unicode_ci DEFAULT NULL,
  `nationality` varchar(255) COLLATE utf8mb4_unicode_ci DEFAULT NULL,
  `currency` varchar(256) COLLATE utf8mb4_unicode_ci DEFAULT NULL,
  `image_name` varchar(256) COLLATE utf8mb4_unicode_ci DEFAULT NULL,
  `path` varchar(256) COLLATE utf8mb4_unicode_ci DEFAULT NULL,
  `currency_icon_name` varchar(256) COLLATE utf8mb4_unicode_ci DEFAULT NULL,
  `currency_icon_path` varchar(256) COLLATE utf8mb4_unicode_ci DEFAULT NULL,
  `deleted_at` timestamp NULL DEFAULT NULL,
  `created_at` timestamp NULL DEFAULT NULL,
  `updated_at` timestamp NULL DEFAULT NULL
) ENGINE=InnoDB DEFAULT CHARSET=utf8mb4 COLLATE=utf8mb4_unicode_ci;

-- --------------------------------------------------------

--
-- Table structure for table `loc_states`
--

CREATE TABLE `loc_states` (
  `id` bigint UNSIGNED NOT NULL,
  `name` varchar(255) COLLATE utf8mb4_unicode_ci NOT NULL,
  `country_id` int NOT NULL,
  `deleted_at` timestamp NULL DEFAULT NULL,
  `created_at` timestamp NULL DEFAULT NULL,
  `updated_at` timestamp NULL DEFAULT NULL
) ENGINE=InnoDB DEFAULT CHARSET=utf8mb4 COLLATE=utf8mb4_unicode_ci;

-- --------------------------------------------------------

--
-- Table structure for table `matches`
--

CREATE TABLE `matches` (
  `id` int NOT NULL,
  `schedule_id` varchar(256) CHARACTER SET utf8mb4 COLLATE utf8mb4_unicode_ci DEFAULT NULL,
  `name` varchar(255) CHARACTER SET utf8mb4 COLLATE utf8mb4_unicode_ci DEFAULT NULL,
  `timing_from` varchar(256) CHARACTER SET utf8mb4 COLLATE utf8mb4_unicode_ci DEFAULT NULL,
  `timing_to` varchar(256) CHARACTER SET utf8mb4 COLLATE utf8mb4_unicode_ci DEFAULT NULL,
  `team_country` varchar(256) CHARACTER SET utf8mb4 COLLATE utf8mb4_unicode_ci DEFAULT NULL,
  `op_team_country` varchar(256) CHARACTER SET utf8mb4 COLLATE utf8mb4_unicode_ci DEFAULT NULL,
  `date` varchar(256) CHARACTER SET utf8mb4 COLLATE utf8mb4_unicode_ci DEFAULT NULL,
  `time` varchar(256) CHARACTER SET utf8mb4 COLLATE utf8mb4_unicode_ci DEFAULT NULL,
  `date_from` varchar(256) CHARACTER SET utf8mb4 COLLATE utf8mb4_unicode_ci DEFAULT NULL,
  `date_to` varchar(256) CHARACTER SET utf8mb4 COLLATE utf8mb4_unicode_ci DEFAULT NULL,
  `score` varchar(256) COLLATE utf8mb4_unicode_ci DEFAULT NULL,
  `lead_season_record` varchar(256) CHARACTER SET utf8mb4 COLLATE utf8mb4_unicode_ci DEFAULT NULL,
  `created_at` timestamp NULL DEFAULT NULL,
  `updated_at` timestamp NULL DEFAULT NULL,
  `deleted_at` timestamp NULL DEFAULT NULL
) ENGINE=InnoDB DEFAULT CHARSET=utf8mb4 COLLATE=utf8mb4_unicode_ci;

-- --------------------------------------------------------

--
-- Table structure for table `messages`
--

CREATE TABLE `messages` (
  `id` int NOT NULL,
  `type` varchar(256) DEFAULT NULL,
  `user_type` varchar(256) DEFAULT NULL,
  `user_id` varchar(256) CHARACTER SET utf8mb4 COLLATE utf8mb4_0900_ai_ci DEFAULT NULL,
  `sender_id` varchar(256) CHARACTER SET utf8mb4 COLLATE utf8mb4_0900_ai_ci DEFAULT NULL,
  `receiver_id` varchar(256) CHARACTER SET utf8mb4 COLLATE utf8mb4_0900_ai_ci DEFAULT NULL,
  `message` text NOT NULL,
  `unread_count` varchar(256) DEFAULT NULL,
  `is_read` varchar(256) CHARACTER SET utf8mb4 COLLATE utf8mb4_0900_ai_ci DEFAULT 'no',
  `created_at` timestamp NOT NULL,
  `updated_at` timestamp NOT NULL,
  `deleted_at` timestamp NULL DEFAULT NULL
) ENGINE=InnoDB DEFAULT CHARSET=utf8mb4 COLLATE=utf8mb4_0900_ai_ci;

--
-- Dumping data for table `messages`
--

INSERT INTO `messages` (`id`, `type`, `user_type`, `user_id`, `sender_id`, `receiver_id`, `message`, `unread_count`, `is_read`, `created_at`, `updated_at`, `deleted_at`) VALUES
(1, 'outgoing', 'admin', '18', '1', '18', 'hello oleg', NULL, 'yes', '2025-01-23 18:38:19', '2025-02-14 11:27:38', NULL),
(2, 'outgoing', 'admin', '1', '18', '1', 'hii cdy', NULL, 'yes', '2025-01-23 18:38:37', '2025-02-21 05:48:20', NULL),
(3, 'outgoing', 'admin', '18', '1', '18', 'how are you', NULL, 'yes', '2025-01-23 18:38:50', '2025-02-14 11:27:38', NULL),
(4, 'outgoing', 'admin', '1', '18', '1', 'great', NULL, 'yes', '2025-01-23 18:38:57', '2025-02-21 05:48:20', NULL),
(5, 'outgoing', 'team', '1', '1', '1', 'this is cody from national american team', NULL, 'yes', '2025-01-23 18:39:46', '2025-02-03 03:58:34', NULL),
(6, 'outgoing', 'team', '1', '18', '1', 'ok', NULL, 'yes', '2025-01-23 18:41:27', '2025-02-21 05:48:20', NULL),
(7, 'outgoing', 'team', '1', '18', '1', 'hi team', NULL, 'yes', '2025-01-24 03:16:53', '2025-02-21 05:48:20', NULL),
(8, 'outgoing', 'team', '1', '18', '1', 'hello', NULL, 'yes', '2025-01-24 03:20:27', '2025-02-21 05:48:20', NULL),
(9, 'outgoing', 'team', '1', '18', '1', 'hii', NULL, 'yes', '2025-01-24 03:40:38', '2025-02-21 05:48:20', NULL),
(10, 'outgoing', 'admin', '71', '3', '71', 'hello', NULL, 'yes', '2025-01-24 04:18:35', '2025-02-03 04:34:38', NULL),
(11, 'outgoing', 'admin', '3', '71', '3', 'Hii Gurjeet singh', NULL, 'yes', '2025-01-24 04:18:56', '2025-02-03 04:45:34', NULL),
(12, 'outgoing', 'admin', '3', '71', '3', 'df', NULL, 'yes', '2025-01-24 04:19:12', '2025-02-03 04:45:34', NULL),
(13, 'outgoing', 'admin', '3', '71', '3', 'ew', NULL, 'yes', '2025-01-24 04:19:13', '2025-02-03 04:45:34', NULL),
(14, 'outgoing', 'admin', '3', '71', '3', 'de', NULL, 'yes', '2025-01-24 04:19:13', '2025-02-03 04:45:34', NULL),
(15, 'outgoing', 'admin', '71', '3', '71', 'dsew', NULL, 'yes', '2025-01-24 04:19:35', '2025-02-03 04:34:38', NULL),
(16, 'outgoing', 'admin', '71', '3', '71', 'hello', NULL, 'yes', '2025-01-24 04:19:37', '2025-02-03 04:34:38', NULL),
(17, 'outgoing', 'admin', '71', '3', '71', 'hello', NULL, 'yes', '2025-01-24 04:19:56', '2025-02-03 04:34:38', NULL),
(18, 'outgoing', 'admin', '71', '3', '71', 'te', NULL, 'yes', '2025-01-24 04:19:57', '2025-02-03 04:34:38', NULL),
(19, 'outgoing', 'admin', '71', '3', '71', 'er', NULL, 'yes', '2025-01-24 04:19:58', '2025-02-03 04:34:38', NULL),
(20, 'outgoing', 'admin', '1', '18', '1', 'hii this is cd', NULL, 'yes', '2025-01-24 05:00:29', '2025-02-21 05:48:20', NULL),
(21, 'outgoing', 'admin', '1', '18', '1', 'yes', NULL, 'yes', '2025-01-24 05:01:49', '2025-02-21 05:48:20', NULL),
(22, 'outgoing', 'admin', '18', '1', '18', 'ok', NULL, 'yes', '2025-01-24 05:02:21', '2025-02-14 11:27:38', NULL),
(23, 'outgoing', 'admin', '1', '18', '1', 'hello', NULL, 'yes', '2025-01-24 05:16:03', '2025-02-21 05:48:20', NULL),
(24, 'outgoing', 'team', '1', '1', '1', 'hello', NULL, 'yes', '2025-01-24 05:19:32', '2025-02-03 03:58:34', NULL),
(25, 'outgoing', 'team', '1', '1', '1', 'get', NULL, 'yes', '2025-01-24 05:28:29', '2025-02-03 03:58:34', NULL),
(26, 'outgoing', 'team', '1', '1', '1', 'u', NULL, 'yes', '2025-01-24 05:54:46', '2025-02-03 03:58:34', NULL),
(27, 'outgoing', 'team', '1', '1', '1', 'ok', NULL, 'yes', '2025-01-24 06:58:00', '2025-02-03 03:58:34', NULL),
(28, 'outgoing', 'team', '1', '18', '1', 'hello', NULL, 'yes', '2025-01-24 06:58:43', '2025-02-21 05:48:20', NULL),
(29, 'outgoing', 'team', '1', '18', '1', 'yes', NULL, 'yes', '2025-01-24 07:57:45', '2025-02-21 05:48:20', NULL),
(30, 'outgoing', 'team', '1', '1', '1', 'ok', NULL, 'yes', '2025-01-24 07:58:06', '2025-02-03 03:58:34', NULL),
(31, 'outgoing', 'team', '2', '1', '2', 'hello new york', NULL, 'no', '2025-01-24 08:03:56', '2025-01-24 08:03:56', NULL),
(32, 'outgoing', 'team', '2', '18', '2', 'hi this is oleg', NULL, 'no', '2025-01-24 08:04:15', '2025-01-24 08:04:15', NULL),
(33, 'outgoing', 'team', '2', '1', '2', 'nsd', NULL, 'no', '2025-01-24 09:24:47', '2025-01-24 09:24:47', NULL),
(34, 'outgoing', 'team', '2', '71', '2', 'hello', NULL, 'no', '2025-01-24 10:05:49', '2025-01-24 10:05:49', NULL),
(35, 'outgoing', 'team', '2', '71', '2', 'dfds', NULL, 'no', '2025-01-24 10:05:59', '2025-01-24 10:05:59', NULL),
(36, 'outgoing', 'team', '2', '1', '2', 'hello', NULL, 'no', '2025-01-24 11:29:35', '2025-01-24 11:29:35', NULL),
(37, 'outgoing', 'team', '2', '18', '2', 'olg', NULL, 'no', '2025-01-24 11:43:04', '2025-01-24 11:43:04', NULL),
(38, 'outgoing', 'team', '1', '71', '1', 'hii i m paljinder', NULL, 'yes', '2025-01-24 11:54:08', '2025-02-03 06:30:38', NULL),
(39, 'outgoing', 'team', '1', '3', '1', 'hii am gurjeet singh', NULL, 'yes', '2025-01-24 11:55:16', '2025-02-17 05:33:44', NULL),
(40, 'outgoing', 'team', '2', '18', '2', 'hello sir test', NULL, 'no', '2025-01-24 12:28:40', '2025-01-24 12:28:40', NULL),
(41, 'outgoing', 'team', '2', '18', '2', 'test msg', NULL, 'no', '2025-01-24 12:29:29', '2025-01-24 12:29:29', NULL),
(42, 'outgoing', 'team', '2', '18', '2', 'helllo', NULL, 'no', '2025-01-24 12:30:11', '2025-01-24 12:30:11', NULL),
(43, 'outgoing', 'team', '2', '1', '2', 'ok', NULL, 'no', '2025-01-24 12:30:53', '2025-01-24 12:30:53', NULL),
(44, 'outgoing', 'team', '2', '1', '2', 'yyes', NULL, 'no', '2025-01-24 12:32:20', '2025-01-24 12:32:20', NULL),
(45, 'outgoing', 'team', '2', '1', '2', 'ob', NULL, 'no', '2025-01-24 12:32:32', '2025-01-24 12:32:32', NULL),
(46, 'outgoing', 'team', '2', '18', '2', 'yes', NULL, 'no', '2025-01-24 13:11:11', '2025-01-24 13:11:11', NULL),
(47, 'outgoing', 'team', '2', '18', '2', 'ok', NULL, 'no', '2025-01-24 13:17:15', '2025-01-24 13:17:15', NULL),
(48, 'outgoing', 'team', '2', '1', '2', 'hi', NULL, 'no', '2025-01-24 13:30:54', '2025-01-24 13:30:54', NULL),
(49, 'outgoing', 'team', '2', '18', '2', 'hello', NULL, 'no', '2025-01-24 13:32:21', '2025-01-24 13:32:21', NULL),
(50, 'outgoing', 'team', '2', '18', '2', 'hop', NULL, 'no', '2025-01-24 13:34:46', '2025-01-24 13:34:46', NULL),
(51, 'outgoing', 'team', '2', '18', '2', 'ok', NULL, 'no', '2025-01-24 13:39:35', '2025-01-24 13:39:35', NULL),
(52, 'outgoing', 'team', '2', '1', '2', 'this u', NULL, 'no', '2025-01-24 14:10:09', '2025-01-24 14:10:09', NULL),
(53, 'outgoing', 'team', '2', '18', '2', 'good', NULL, 'no', '2025-01-24 14:10:24', '2025-01-24 14:10:24', NULL),
(54, 'outgoing', 'team', '2', '1', '2', 'hello', NULL, 'no', '2025-01-24 14:12:59', '2025-01-24 14:12:59', NULL),
(55, 'outgoing', 'admin', '1', '18', '1', 'test this is oleg', NULL, 'yes', '2025-01-25 02:52:29', '2025-02-21 05:48:20', NULL),
(56, 'outgoing', 'admin', '18', '1', '18', 'hi olg this is cody', NULL, 'yes', '2025-01-25 02:54:29', '2025-02-14 11:27:38', NULL),
(57, 'outgoing', 'admin', '1', '18', '1', 'is admin chat working fine', NULL, 'yes', '2025-01-25 02:54:50', '2025-02-21 05:48:20', NULL),
(58, 'outgoing', 'admin', '18', '1', '18', 'yes oleg  admin chat is working', NULL, 'yes', '2025-01-25 02:55:19', '2025-02-14 11:27:38', NULL),
(59, 'outgoing', 'admin', '18', '1', '18', 'lets check group chat', NULL, 'yes', '2025-01-25 02:55:35', '2025-02-14 11:27:38', NULL),
(60, 'outgoing', 'admin', '1', '18', '1', 'ok', NULL, 'yes', '2025-01-25 02:55:40', '2025-02-21 05:48:20', NULL),
(61, 'outgoing', 'team', '1', '1', '1', 'hello this is cody', NULL, 'yes', '2025-01-25 02:56:29', '2025-02-03 03:58:34', NULL),
(62, 'outgoing', 'team', '1', '18', '1', 'hi cody this is oleg', NULL, 'yes', '2025-01-25 02:59:53', '2025-02-21 05:48:20', NULL),
(63, 'outgoing', 'team', '1', '71', '1', 'Hii this is paljinder', NULL, 'yes', '2025-01-25 03:00:15', '2025-02-03 06:30:38', NULL),
(64, 'outgoing', 'admin', '18', '1', '18', 'hello black', NULL, 'yes', '2025-01-25 03:11:59', '2025-02-14 11:27:38', NULL),
(65, 'outgoing', 'team', '2', '71', '2', 'hello team', NULL, 'no', '2025-01-25 05:03:30', '2025-01-25 05:03:30', NULL),
(66, 'outgoing', 'team', '2', '6', '2', 'hello sir', NULL, 'no', '2025-01-25 05:06:43', '2025-01-25 05:06:43', NULL),
(67, 'outgoing', 'team', '2', '3', '2', 'hello new york team', NULL, 'no', '2025-01-25 05:11:03', '2025-01-25 05:11:03', NULL),
(68, 'outgoing', 'team', '3', '3', '3', 'hello', NULL, 'no', '2025-01-25 05:11:50', '2025-01-25 05:11:50', NULL),
(69, 'outgoing', 'team', '3', '71', '3', 'hii..................', NULL, 'yes', '2025-01-25 05:12:16', '2025-02-03 04:45:34', NULL),
(70, 'outgoing', 'admin', '72', '6', '72', 'hi', NULL, 'no', '2025-01-25 07:51:22', '2025-01-25 07:51:22', NULL),
(71, 'outgoing', 'admin', '3', '1', '3', 'hi', NULL, 'yes', '2025-01-25 08:26:19', '2025-02-03 08:01:33', NULL),
(72, 'outgoing', 'team', '3', '71', '3', 'Hello', NULL, 'yes', '2025-01-26 14:24:51', '2025-02-03 04:45:34', NULL),
(73, 'outgoing', 'team', '3', '71', '3', 'Have you rcv msg?', NULL, 'yes', '2025-01-26 14:25:13', '2025-02-03 04:45:34', NULL),
(74, 'outgoing', 'team', '3', '71', '3', 'Check your inbox', NULL, 'yes', '2025-01-26 14:25:48', '2025-02-03 04:45:34', NULL),
(75, 'outgoing', 'team', '3', '18', '3', 'Hi', NULL, 'no', '2025-01-26 14:26:08', '2025-01-26 14:26:08', NULL),
(76, 'outgoing', 'team', '3', '71', '3', 'Done', NULL, 'yes', '2025-01-26 14:26:21', '2025-02-03 04:45:34', NULL),
(77, 'outgoing', 'admin', '3', '71', '3', 'jyy', NULL, 'yes', '2025-01-27 07:46:58', '2025-02-03 04:45:34', NULL),
(78, 'outgoing', 'team', '2', '3', '2', 'hi', NULL, 'no', '2025-01-27 11:00:00', '2025-01-27 11:00:00', NULL),
(79, 'outgoing', 'team', '2', '6', '2', 'hello....', NULL, 'no', '2025-01-27 11:00:30', '2025-01-27 11:00:30', NULL),
(80, 'outgoing', 'team', '3', '169', '3', 'okkkkkk', NULL, 'no', '2025-01-27 11:01:41', '2025-01-27 11:01:41', NULL),
(81, 'outgoing', 'team', '2', '3', '2', 'okk', NULL, 'no', '2025-01-27 11:02:42', '2025-01-27 11:02:42', NULL),
(82, 'outgoing', 'team', '2', '137', '2', 'hi2', NULL, 'no', '2025-01-27 11:02:58', '2025-01-27 11:02:58', NULL),
(83, 'outgoing', 'admin', '1', '3', '1', 'hi', NULL, 'yes', '2025-01-27 11:06:34', '2025-02-17 05:33:44', NULL),
(84, 'outgoing', 'admin', '1', '3', '1', 'how are you', NULL, 'yes', '2025-01-27 11:06:37', '2025-02-17 05:33:44', NULL),
(85, 'outgoing', 'team', '2', '71', '2', 'helo', NULL, 'no', '2025-01-28 04:04:57', '2025-01-28 04:04:57', NULL),
(86, 'outgoing', 'team', '2', '71', '2', 'hello New York Team', NULL, 'no', '2025-01-28 04:05:12', '2025-01-28 04:05:12', NULL),
(87, 'outgoing', 'team', '2', '71', '2', 'hii', NULL, 'no', '2025-01-28 04:05:33', '2025-01-28 04:05:33', NULL),
(88, 'outgoing', 'team', '2', '71', '2', 'dfds', NULL, 'no', '2025-01-28 04:05:35', '2025-01-28 04:05:35', NULL),
(89, 'outgoing', 'team', '2', '71', '2', 'erwe', NULL, 'no', '2025-01-28 04:05:36', '2025-01-28 04:05:36', NULL),
(90, 'outgoing', 'team', '2', '71', '2', 'i m paljinder singh', NULL, 'no', '2025-01-28 04:05:46', '2025-01-28 04:05:46', NULL),
(91, 'outgoing', 'team', '2', '71', '2', '................', NULL, 'no', '2025-01-28 04:05:52', '2025-01-28 04:05:52', NULL),
(92, 'outgoing', 'team', '2', '71', '2', 'rewrew', NULL, 'no', '2025-01-28 04:07:08', '2025-01-28 04:07:08', NULL),
(93, 'outgoing', 'admin', '137', '144', '137', 'hello shivam', NULL, 'yes', '2025-01-28 04:09:01', '2025-01-28 04:11:38', NULL),
(94, 'outgoing', 'admin', '137', '144', '137', 'how r u..................', NULL, 'yes', '2025-01-28 04:09:06', '2025-01-28 04:11:38', NULL),
(95, 'outgoing', 'admin', '137', '144', '137', 'gdfgdf', NULL, 'yes', '2025-01-28 04:09:35', '2025-01-28 04:11:38', NULL),
(96, 'outgoing', 'admin', '137', '144', '137', 'hloo', NULL, 'yes', '2025-01-28 04:11:25', '2025-01-28 04:11:38', NULL),
(97, 'outgoing', 'admin', '144', '137', '144', 'hi....', NULL, 'yes', '2025-01-28 04:11:47', '2025-01-28 04:13:58', NULL),
(98, 'outgoing', 'admin', '137', '144', '137', 'dfds', NULL, 'no', '2025-01-28 04:14:01', '2025-01-28 04:14:01', NULL),
(99, 'outgoing', 'admin', '6', '144', '6', 'dfgdf', NULL, 'yes', '2025-01-28 04:14:08', '2025-02-19 10:48:00', NULL),
(100, 'outgoing', 'admin', '6', '144', '6', 'rrete', NULL, 'yes', '2025-01-28 04:14:30', '2025-02-19 10:48:00', NULL),
(101, 'outgoing', 'admin', '72', '144', '72', 'hgfhf', NULL, 'no', '2025-01-28 04:14:48', '2025-01-28 04:14:48', NULL),
(102, 'outgoing', 'admin', '1', '71', '1', 'hii cody..........', NULL, 'yes', '2025-01-28 04:21:22', '2025-02-03 06:30:38', NULL),
(103, 'outgoing', 'admin', '1', '71', '1', 'gghgfhg', NULL, 'yes', '2025-01-28 04:21:42', '2025-02-03 06:30:38', NULL),
(104, 'outgoing', 'admin', '1', '71', '1', 'rtyretre', NULL, 'yes', '2025-01-28 04:21:44', '2025-02-03 06:30:38', NULL),
(105, 'outgoing', 'admin', '18', '1', '18', 'hi', NULL, 'yes', '2025-01-28 04:44:01', '2025-02-14 11:27:38', NULL),
(106, 'outgoing', 'admin', '18', '1', '18', 'terte', NULL, 'yes', '2025-01-28 05:00:50', '2025-02-14 11:27:38', NULL),
(107, 'outgoing', 'admin', '3', '1', '3', 'dfdf', NULL, 'yes', '2025-01-28 05:01:04', '2025-02-03 08:01:33', NULL),
(108, 'outgoing', 'admin', '71', '1', '71', 'fdgfd', NULL, 'yes', '2025-01-28 05:01:23', '2025-02-03 04:57:27', NULL),
(109, 'outgoing', 'admin', '3', '71', '3', 'Hello Gurjeet singh.........................', NULL, 'yes', '2025-01-28 05:04:28', '2025-02-03 04:45:34', NULL),
(110, 'outgoing', 'admin', '71', '3', '71', 'Hii paljinder sir...................', NULL, 'yes', '2025-01-28 05:04:54', '2025-02-03 04:34:38', NULL),
(111, 'outgoing', 'admin', '71', '3', '71', 'hello', NULL, 'yes', '2025-01-28 05:05:31', '2025-02-03 04:34:38', NULL),
(112, 'outgoing', 'admin', '71', '3', '71', 'hello', NULL, 'yes', '2025-01-28 05:05:33', '2025-02-03 04:34:38', NULL),
(113, 'outgoing', 'team', '1', '71', '1', 'hii team', NULL, 'yes', '2025-01-28 05:06:08', '2025-02-03 06:30:38', NULL),
(114, 'outgoing', 'team', '1', '4', '1', 'hello sir', NULL, 'yes', '2025-01-28 05:06:52', '2025-02-02 15:17:15', NULL),
(115, 'outgoing', 'team', '4', '71', '4', 'hiii', NULL, 'yes', '2025-01-28 05:16:52', '2025-01-31 05:03:10', NULL),
(116, 'outgoing', 'team', '1', '71', '1', 'tret dfcvr dfsvref', NULL, 'yes', '2025-01-28 05:19:34', '2025-02-03 06:30:38', NULL),
(117, 'outgoing', 'admin', '1', '3', '1', 'dddd', NULL, 'yes', '2025-01-28 05:21:35', '2025-02-17 05:33:44', NULL),
(118, 'outgoing', 'admin', '1', '3', '1', 'dd', NULL, 'yes', '2025-01-28 05:21:48', '2025-02-17 05:33:44', NULL),
(119, 'outgoing', 'admin', '3', '71', '3', 'fgdsfdsfds', NULL, 'yes', '2025-01-28 05:39:07', '2025-02-03 04:45:34', NULL),
(120, 'outgoing', 'admin', '18', '1', '18', 'hello', NULL, 'yes', '2025-01-28 07:40:47', '2025-02-14 11:27:38', NULL),
(121, 'outgoing', 'admin', '3', '71', '3', 'hello', NULL, 'yes', '2025-01-28 07:46:42', '2025-02-03 04:45:34', NULL),
(122, 'outgoing', 'admin', '1', '71', '1', 'hello', NULL, 'yes', '2025-01-28 07:46:52', '2025-02-03 06:30:38', NULL),
(123, 'outgoing', 'admin', '1', '71', '1', 'cody', NULL, 'yes', '2025-01-28 07:46:54', '2025-02-03 06:30:38', NULL),
(124, 'outgoing', 'admin', '1', '71', '1', 'hello', NULL, 'yes', '2025-01-28 07:47:25', '2025-02-03 06:30:38', NULL),
(125, 'outgoing', 'admin', '18', '1', '18', 'hello', NULL, 'yes', '2025-01-28 07:55:12', '2025-02-14 11:27:38', NULL),
(126, 'outgoing', 'admin', '18', '1', '18', 'hello', NULL, 'yes', '2025-01-28 08:06:41', '2025-02-14 11:27:38', NULL),
(127, 'outgoing', 'admin', '1', '18', '1', 'test', NULL, 'yes', '2025-01-28 08:07:50', '2025-02-21 05:48:20', NULL),
(128, 'outgoing', 'admin', '18', '1', '18', 'good', NULL, 'yes', '2025-01-28 08:08:00', '2025-02-14 11:27:38', NULL),
(129, 'outgoing', 'admin', '18', '1', '18', 'ok', NULL, 'yes', '2025-01-28 08:08:55', '2025-02-14 11:27:38', NULL),
(130, 'outgoing', 'admin', '1', '18', '1', 'yes', NULL, 'yes', '2025-01-28 08:14:12', '2025-02-21 05:48:20', NULL),
(131, 'outgoing', 'admin', '18', '1', '18', 'ok', NULL, 'yes', '2025-01-28 08:14:16', '2025-02-14 11:27:38', NULL),
(132, 'outgoing', 'admin', '1', '18', '1', 'hello', NULL, 'yes', '2025-01-28 08:14:42', '2025-02-21 05:48:20', NULL),
(133, 'outgoing', 'admin', '18', '1', '18', 'test', NULL, 'yes', '2025-01-28 08:20:10', '2025-02-14 11:27:38', NULL),
(134, 'outgoing', 'admin', '1', '18', '1', 'hey', NULL, 'yes', '2025-01-28 08:20:17', '2025-02-21 05:48:20', NULL),
(135, 'outgoing', 'admin', '18', '1', '18', 'ok', NULL, 'yes', '2025-01-28 08:20:22', '2025-02-14 11:27:38', NULL),
(136, 'outgoing', 'admin', '1', '18', '1', 'hello', NULL, 'yes', '2025-01-28 08:20:26', '2025-02-21 05:48:20', NULL),
(137, 'outgoing', 'admin', '18', '1', '18', 'no', NULL, 'yes', '2025-01-28 08:20:29', '2025-02-14 11:27:38', NULL),
(138, 'outgoing', 'team', '1', '1', '1', 'ytererew', NULL, 'yes', '2025-01-29 04:55:19', '2025-02-03 03:58:34', NULL),
(139, 'outgoing', 'team', '1', '1', '1', 'erewr', NULL, 'yes', '2025-01-29 04:55:27', '2025-02-03 03:58:34', NULL),
(140, 'outgoing', 'team', '1', '1', '1', 'uiyu', NULL, 'yes', '2025-01-29 04:55:31', '2025-02-03 03:58:34', NULL),
(141, 'outgoing', 'team', '1', '1', '1', 'yut', NULL, 'yes', '2025-01-29 04:55:32', '2025-02-03 03:58:34', NULL),
(142, 'outgoing', 'admin', '71', '1', '71', 'rutyuty', NULL, 'yes', '2025-01-29 04:55:43', '2025-02-03 04:57:27', NULL),
(143, 'outgoing', 'admin', '71', '1', '71', 'yutyu', NULL, 'yes', '2025-01-29 04:55:44', '2025-02-03 04:57:27', NULL),
(144, 'outgoing', 'team', '1', '3', '1', 'ewrewrew', NULL, 'yes', '2025-01-29 05:01:33', '2025-02-17 05:33:44', NULL),
(145, 'outgoing', 'admin', '3', '1', '3', 'dfdsf', NULL, 'yes', '2025-01-30 04:40:22', '2025-02-03 08:01:33', NULL),
(146, 'outgoing', 'admin', '4', '71', '4', 'hiii', NULL, 'yes', '2025-01-30 07:21:04', '2025-01-31 05:03:10', NULL),
(147, 'outgoing', 'admin', '6', '71', '6', 'hii..........', NULL, 'yes', '2025-01-30 10:52:16', '2025-02-03 05:43:04', NULL),
(148, 'outgoing', 'team', '1', '71', '1', 'ewr', NULL, 'yes', '2025-01-30 10:52:26', '2025-02-03 06:30:38', NULL),
(149, 'outgoing', 'team', '2', '71', '2', 'rtyrtyrt56', NULL, 'no', '2025-01-30 10:52:33', '2025-01-30 10:52:33', NULL),
(150, 'outgoing', 'admin', '48', '3', '48', 'hello priya', NULL, 'yes', '2025-01-30 11:02:49', '2025-02-09 12:15:30', NULL),
(151, 'outgoing', 'admin', '1', '71', '1', 'hiii................', NULL, 'yes', '2025-01-31 03:58:57', '2025-02-03 06:30:38', NULL),
(152, 'outgoing', 'admin', '1', '71', '1', 'hello..........', NULL, 'yes', '2025-01-31 03:59:37', '2025-02-03 06:30:38', NULL),
(153, 'outgoing', 'admin', '4', '71', '4', 'hii', NULL, 'yes', '2025-01-31 04:00:20', '2025-01-31 05:03:10', NULL),
(154, 'outgoing', 'admin', '4', '71', '4', 'as', NULL, 'yes', '2025-01-31 04:00:22', '2025-01-31 05:03:10', NULL),
(155, 'outgoing', 'admin', '3', '71', '3', 'hello', NULL, 'yes', '2025-01-31 04:01:30', '2025-02-03 04:45:34', NULL),
(156, 'outgoing', 'admin', '3', '71', '3', 'erewrew', NULL, 'yes', '2025-01-31 04:02:20', '2025-02-03 04:45:34', NULL),
(157, 'outgoing', 'admin', '130', '71', '130', 'hii', NULL, 'no', '2025-01-31 04:04:04', '2025-01-31 04:04:04', NULL),
(158, 'outgoing', 'admin', '1', '71', '1', 'hello', NULL, 'yes', '2025-01-31 04:06:20', '2025-02-03 06:30:38', NULL),
(159, 'outgoing', 'admin', '4', '1', '4', 'hi', NULL, 'no', '2025-01-31 04:58:28', '2025-01-31 04:58:28', NULL),
(160, 'outgoing', 'admin', '71', '1', '71', 'hello paljinder', NULL, 'yes', '2025-01-31 04:59:29', '2025-02-03 04:57:27', NULL),
(161, 'outgoing', 'admin', '71', '3', '71', 'yretre', NULL, 'yes', '2025-01-31 05:00:29', '2025-02-03 04:34:38', NULL),
(162, 'outgoing', 'admin', '1', '71', '1', 'Hii cody............', NULL, 'yes', '2025-01-31 05:01:01', '2025-02-03 06:30:38', NULL),
(163, 'outgoing', 'team', '1', '3', '1', 'hello team', NULL, 'yes', '2025-01-31 05:01:34', '2025-02-17 05:33:44', NULL),
(164, 'outgoing', 'team', '1', '4', '1', 'hello sir', NULL, 'yes', '2025-01-31 05:02:21', '2025-02-02 15:17:15', NULL),
(165, 'outgoing', 'admin', '18', '1', '18', 'hello', NULL, 'yes', '2025-02-02 14:03:38', '2025-02-14 11:27:38', NULL),
(166, 'outgoing', 'admin', '1', '18', '1', 'ok', NULL, 'yes', '2025-02-02 14:03:48', '2025-02-21 05:48:20', NULL),
(167, 'outgoing', 'admin', '130', '4', '130', 'hello', NULL, 'no', '2025-02-02 14:05:51', '2025-02-02 14:05:51', NULL),
(168, 'outgoing', 'admin', '130', '4', '130', 'o', NULL, 'no', '2025-02-02 14:09:36', '2025-02-02 14:09:36', NULL),
(169, 'outgoing', 'admin', '4', '71', '4', 'jd;l', NULL, 'no', '2025-02-02 14:09:44', '2025-02-02 14:09:44', NULL),
(170, 'outgoing', 'admin', '18', '71', '18', 'hello', NULL, 'yes', '2025-02-02 14:40:30', '2025-02-03 04:51:45', NULL),
(171, 'outgoing', 'admin', '18', '71', '18', 'jas', NULL, 'yes', '2025-02-02 14:44:09', '2025-02-03 04:51:45', NULL),
(172, 'outgoing', 'admin', '71', '1', '71', 'hello', NULL, 'yes', '2025-02-02 15:10:56', '2025-02-03 04:57:27', NULL),
(173, 'outgoing', 'admin', '71', '1', '71', 'yes', NULL, 'yes', '2025-02-02 15:16:29', '2025-02-03 04:57:27', NULL),
(174, 'outgoing', 'admin', '130', '4', '130', 'hello', NULL, 'no', '2025-02-02 15:16:59', '2025-02-02 15:16:59', NULL),
(175, 'outgoing', 'admin', '4', '1', '4', 'hello', NULL, 'no', '2025-02-02 15:17:18', '2025-02-02 15:17:18', NULL),
(176, 'outgoing', 'admin', '1', '18', '1', 'hello', NULL, 'yes', '2025-02-03 02:07:11', '2025-02-21 05:48:20', NULL),
(177, 'outgoing', 'admin', '18', '1', '18', 'yes', NULL, 'yes', '2025-02-03 02:07:19', '2025-02-14 11:27:38', NULL),
(178, 'outgoing', 'admin', '71', '18', '71', 'hiii', NULL, 'yes', '2025-02-03 02:07:53', '2025-02-03 04:55:44', NULL),
(179, 'outgoing', 'admin', '71', '18', '71', 'Helo', NULL, 'yes', '2025-02-03 02:08:12', '2025-02-03 04:55:44', NULL),
(180, 'outgoing', 'admin', '18', '4', '18', 'hello ol', NULL, 'yes', '2025-02-03 03:23:58', '2025-02-03 03:24:05', NULL),
(181, 'outgoing', 'admin', '48', '18', '48', 'hi', NULL, 'no', '2025-02-03 03:25:13', '2025-02-03 03:25:13', NULL),
(182, 'outgoing', 'admin', '71', '18', '71', 'helo pal', NULL, 'yes', '2025-02-03 03:25:58', '2025-02-03 04:55:44', NULL),
(183, 'outgoing', 'admin', '4', '71', '4', 'hii', NULL, 'no', '2025-02-03 03:56:32', '2025-02-03 03:56:32', NULL),
(184, 'outgoing', 'admin', '48', '71', '48', 'hii', NULL, 'yes', '2025-02-03 03:56:50', '2025-02-03 04:58:55', NULL),
(185, 'outgoing', 'admin', '71', '1', '71', 'hii paljinder', NULL, 'yes', '2025-02-03 03:57:31', '2025-02-03 04:57:27', NULL),
(186, 'outgoing', 'admin', '1', '1', '1', 'hiii', NULL, 'yes', '2025-02-03 03:58:11', '2025-02-03 03:58:34', NULL),
(187, 'outgoing', 'admin', '71', '1', '71', 'hello', NULL, 'yes', '2025-02-03 03:58:41', '2025-02-03 04:57:27', NULL),
(188, 'outgoing', 'admin', '3', '1', '3', 'hii', NULL, 'yes', '2025-02-03 04:16:03', '2025-02-03 08:01:33', NULL),
(189, 'outgoing', 'admin', '3', '1', '3', 'hello', NULL, 'yes', '2025-02-03 04:16:17', '2025-02-03 08:01:33', NULL),
(190, 'outgoing', 'admin', '3', '1', '3', 'hiii', NULL, 'yes', '2025-02-03 04:17:11', '2025-02-03 08:01:33', NULL),
(191, 'outgoing', 'admin', '18', '1', '18', 'hello', NULL, 'yes', '2025-02-03 04:28:14', '2025-02-14 11:27:38', NULL),
(192, 'outgoing', 'admin', '1', '71', '1', 'hi', NULL, 'yes', '2025-02-03 04:28:19', '2025-02-03 06:30:38', NULL),
(193, 'outgoing', 'admin', '1', '71', '1', 'gffdf', NULL, 'yes', '2025-02-03 04:30:11', '2025-02-03 06:30:38', NULL),
(194, 'outgoing', 'team', '3', '3', '3', 'hii', NULL, 'no', '2025-02-03 04:30:32', '2025-02-03 04:30:32', NULL),
(195, 'outgoing', 'admin', '71', '3', '71', 'hii', NULL, 'yes', '2025-02-03 04:30:53', '2025-02-03 04:34:38', NULL),
(196, 'outgoing', 'admin', '48', '3', '48', 'hiii', NULL, 'yes', '2025-02-03 04:31:02', '2025-02-09 12:15:30', NULL),
(197, 'outgoing', 'admin', '1', '18', '1', 'hello sir', NULL, 'yes', '2025-02-03 04:31:29', '2025-02-21 05:48:20', NULL),
(198, 'outgoing', 'admin', '1', '71', '1', 'gi', NULL, 'yes', '2025-02-03 04:31:33', '2025-02-03 06:30:38', NULL),
(199, 'outgoing', 'admin', '3', '1', '3', 'helo gurjeet', NULL, 'yes', '2025-02-03 04:32:05', '2025-02-03 08:01:33', NULL),
(200, 'outgoing', 'admin', '1', '71', '1', 'df', NULL, 'yes', '2025-02-03 04:33:01', '2025-02-03 06:30:38', NULL),
(201, 'outgoing', 'admin', '71', '18', '71', 'hello mr', NULL, 'yes', '2025-02-03 04:34:11', '2025-02-03 04:55:44', NULL),
(202, 'outgoing', 'admin', '3', '71', '3', 'ji', NULL, 'yes', '2025-02-03 04:34:45', '2025-02-03 04:45:34', NULL),
(203, 'outgoing', 'team', '1', '71', '1', 'gh', NULL, 'yes', '2025-02-03 04:35:49', '2025-02-03 06:30:38', NULL),
(204, 'outgoing', 'team', '1', '3', '1', 'hello paljinder sir', NULL, 'yes', '2025-02-03 04:42:26', '2025-02-17 05:33:44', NULL),
(205, 'outgoing', 'team', '1', '3', '1', 'Good morning', NULL, 'yes', '2025-02-03 04:42:33', '2025-02-17 05:33:44', NULL),
(206, 'outgoing', 'admin', '48', '3', '48', 'Hello Priya', NULL, 'yes', '2025-02-03 04:44:25', '2025-02-09 12:15:30', NULL),
(207, 'outgoing', 'admin', '130', '71', '130', 'hi', NULL, 'no', '2025-02-03 04:45:27', '2025-02-03 04:45:27', NULL),
(208, 'outgoing', 'team', '1', '3', '1', 'hello team', NULL, 'yes', '2025-02-03 04:46:07', '2025-02-17 05:33:44', NULL),
(209, 'outgoing', 'team', '2', '3', '2', 'hello new york team', NULL, 'no', '2025-02-03 04:46:36', '2025-02-03 04:46:36', NULL),
(210, 'outgoing', 'admin', '1', '18', '1', 'hello', NULL, 'yes', '2025-02-03 04:47:03', '2025-02-21 05:48:20', NULL),
(211, 'outgoing', 'admin', '1', '18', '1', 'yes', NULL, 'yes', '2025-02-03 04:48:00', '2025-02-21 05:48:20', NULL),
(212, 'outgoing', 'admin', '1', '18', '1', 'helo', NULL, 'yes', '2025-02-03 04:50:12', '2025-02-21 05:48:20', NULL),
(213, 'outgoing', 'admin', '71', '18', '71', 'hello', NULL, 'yes', '2025-02-03 04:51:53', '2025-02-03 04:55:44', NULL),
(214, 'outgoing', 'admin', '1', '18', '1', 'hello cd', NULL, 'yes', '2025-02-03 04:55:14', '2025-02-21 05:48:20', NULL),
(215, 'outgoing', 'admin', '48', '18', '48', 'hello', NULL, 'no', '2025-02-03 04:55:24', '2025-02-03 04:55:24', NULL),
(216, 'outgoing', 'admin', '1', '71', '1', 'hii cody', NULL, 'yes', '2025-02-03 04:57:32', '2025-02-03 06:30:38', NULL),
(217, 'outgoing', 'admin', '48', '71', '48', 'hello priya', NULL, 'yes', '2025-02-03 04:58:00', '2025-02-03 04:58:55', NULL),
(218, 'outgoing', 'admin', '48', '71', '48', 'retretre', NULL, 'yes', '2025-02-03 04:58:50', '2025-02-03 04:58:55', NULL),
(219, 'outgoing', 'admin', '71', '48', '71', 'hii', NULL, 'yes', '2025-02-03 04:59:01', '2025-02-03 05:12:07', NULL),
(220, 'outgoing', 'admin', '3', '48', '3', 'hello guri', NULL, 'yes', '2025-02-03 04:59:07', '2025-02-03 08:02:12', NULL),
(221, 'outgoing', 'admin', '4', '48', '4', 'dfdfd', NULL, 'no', '2025-02-03 04:59:16', '2025-02-03 04:59:16', NULL),
(222, 'outgoing', 'admin', '71', '6', '71', 'hii', NULL, 'no', '2025-02-03 05:43:07', '2025-02-03 05:43:07', NULL),
(223, 'outgoing', 'team', '2', '18', '2', 'hello', NULL, 'no', '2025-02-03 05:47:41', '2025-02-03 05:47:41', NULL),
(224, 'outgoing', 'team', '2', '18', '2', 'yes', NULL, 'no', '2025-02-03 05:54:25', '2025-02-03 05:54:25', NULL),
(225, 'outgoing', 'team', '2', '18', '2', 'yes', NULL, 'no', '2025-02-03 05:55:47', '2025-02-03 05:55:47', NULL),
(226, 'outgoing', 'team', '2', '18', '2', 'ok', NULL, 'no', '2025-02-03 05:57:47', '2025-02-03 05:57:47', NULL),
(227, 'outgoing', 'team', '2', '18', '2', 'hello', NULL, 'no', '2025-02-03 06:00:32', '2025-02-03 06:00:32', NULL),
(228, 'outgoing', 'team', '2', '18', '2', 'ok', NULL, 'no', '2025-02-03 06:04:04', '2025-02-03 06:04:04', NULL),
(229, 'outgoing', 'team', '2', '18', '2', 'hello', NULL, 'no', '2025-02-03 06:04:16', '2025-02-03 06:04:16', NULL),
(230, 'outgoing', 'team', '2', '18', '2', 'ok', NULL, 'no', '2025-02-03 06:06:35', '2025-02-03 06:06:35', NULL),
(231, 'outgoing', 'admin', '71', '1', '71', 'hi', NULL, 'no', '2025-02-03 06:30:43', '2025-02-03 06:30:43', NULL),
(232, 'outgoing', 'admin', '6', '1', '6', 'hii', NULL, 'yes', '2025-02-03 07:17:46', '2025-02-03 07:18:36', NULL),
(233, 'outgoing', 'admin', '1', '6', '1', 'dfds', NULL, 'yes', '2025-02-03 07:18:41', '2025-02-03 07:23:43', NULL),
(234, 'outgoing', 'admin', '1', '6', '1', 'erew', NULL, 'yes', '2025-02-03 07:18:42', '2025-02-03 07:23:43', NULL),
(235, 'outgoing', 'admin', '1', '6', '1', 'tre', NULL, 'yes', '2025-02-03 07:18:43', '2025-02-03 07:23:43', NULL),
(236, 'outgoing', 'admin', '1', '6', '1', 'ewr', NULL, 'yes', '2025-02-03 07:18:43', '2025-02-03 07:23:43', NULL),
(237, 'outgoing', 'admin', '1', '6', '1', 'ew', NULL, 'yes', '2025-02-03 07:18:44', '2025-02-03 07:23:43', NULL),
(238, 'outgoing', 'admin', '1', '6', '1', 'e', NULL, 'yes', '2025-02-03 07:18:45', '2025-02-03 07:23:43', NULL),
(239, 'outgoing', 'admin', '1', '6', '1', 'e', NULL, 'yes', '2025-02-03 07:18:45', '2025-02-03 07:23:43', NULL),
(240, 'outgoing', 'admin', '1', '6', '1', 'df', NULL, 'yes', '2025-02-03 07:18:46', '2025-02-03 07:23:43', NULL),
(241, 'outgoing', 'admin', '6', '1', '6', 'fdgfd', NULL, 'no', '2025-02-03 07:19:00', '2025-02-03 07:19:00', NULL),
(242, 'outgoing', 'admin', '1', '6', '1', 'fdg', NULL, 'yes', '2025-02-03 07:19:05', '2025-02-03 07:23:43', NULL),
(243, 'outgoing', 'admin', '144', '6', '144', 'fds', NULL, 'yes', '2025-02-03 07:19:19', '2025-02-03 07:49:22', NULL),
(244, 'outgoing', 'admin', '48', '1', '48', 'hiiiii', NULL, 'yes', '2025-02-03 07:41:43', '2025-02-14 05:03:50', NULL),
(245, 'outgoing', 'admin', '48', '1', '48', '...................', NULL, 'yes', '2025-02-03 07:41:46', '2025-02-14 05:03:50', NULL),
(246, 'outgoing', 'team', '2', '6', '2', 'hello team', NULL, 'no', '2025-02-03 07:42:12', '2025-02-03 07:42:12', NULL),
(247, 'outgoing', 'team', '2', '6', '2', 'i m alex', NULL, 'no', '2025-02-03 07:42:19', '2025-02-03 07:42:19', NULL),
(248, 'outgoing', 'team', '2', '144', '2', 'hii..........', NULL, 'no', '2025-02-03 07:44:50', '2025-02-03 07:44:50', NULL),
(249, 'outgoing', 'team', '2', '144', '2', 'i m manisha', NULL, 'no', '2025-02-03 07:44:54', '2025-02-03 07:44:54', NULL),
(250, 'outgoing', 'team', '1', '1', '1', 'hiiii', NULL, 'no', '2025-02-03 07:47:39', '2025-02-03 07:47:39', NULL),
(251, 'outgoing', 'admin', '6', '144', '6', 'hiii', NULL, 'yes', '2025-02-03 07:49:24', '2025-02-19 10:48:00', NULL),
(252, 'outgoing', 'team', '4', '177', '4', 'hello sir', NULL, 'no', '2025-02-03 07:50:44', '2025-02-03 07:50:44', NULL),
(253, 'outgoing', 'admin', '178', '177', '178', 'hello yashpal', NULL, 'no', '2025-02-03 07:51:10', '2025-02-03 07:51:10', NULL),
(254, 'outgoing', 'admin', '1', '3', '1', 'hiiiii', NULL, 'yes', '2025-02-03 08:01:41', '2025-02-17 05:33:44', NULL),
(255, 'outgoing', 'admin', '48', '3', '48', 'hello priya', NULL, 'yes', '2025-02-03 08:02:19', '2025-02-09 12:15:30', NULL),
(256, 'outgoing', 'team', '2', '1', '2', 'hi', NULL, 'no', '2025-02-04 02:37:02', '2025-02-04 02:37:02', NULL),
(257, 'outgoing', 'team', '2', '1', '2', 'hello', NULL, 'no', '2025-02-04 02:39:09', '2025-02-04 02:39:09', NULL),
(258, 'outgoing', 'team', '3', '1', '3', 'yes', NULL, 'no', '2025-02-04 02:43:17', '2025-02-04 02:43:17', NULL),
(259, 'outgoing', 'team', '2', '1', '2', 'ok', NULL, 'no', '2025-02-04 02:44:43', '2025-02-04 02:44:43', NULL),
(260, 'outgoing', 'team', '2', '1', '2', 'hello', NULL, 'no', '2025-02-04 02:57:18', '2025-02-04 02:57:18', NULL),
(261, 'outgoing', 'team', '2', '1', '2', 'ok', NULL, 'no', '2025-02-04 02:57:52', '2025-02-04 02:57:52', NULL),
(262, 'outgoing', 'team', '2', '1', '2', 'ok', NULL, 'no', '2025-02-04 03:01:17', '2025-02-04 03:01:17', NULL),
(263, 'outgoing', 'team', '2', '1', '2', 'dsf', NULL, 'no', '2025-02-04 03:01:48', '2025-02-04 03:01:48', NULL),
(264, 'outgoing', 'team', '2', '1', '2', 'sfsd', NULL, 'no', '2025-02-04 03:03:29', '2025-02-04 03:03:29', NULL),
(265, 'outgoing', 'team', '2', '1', '2', 'lock', NULL, 'no', '2025-02-04 03:08:59', '2025-02-04 03:08:59', NULL),
(266, 'outgoing', 'team', '3', '1', '3', 'done', NULL, 'no', '2025-02-04 03:09:32', '2025-02-04 03:09:32', NULL),
(267, 'outgoing', 'team', '3', '1', '3', 'get', NULL, 'no', '2025-02-04 03:11:08', '2025-02-04 03:11:08', NULL),
(268, 'outgoing', 'team', '2', '1', '2', 'dd', NULL, 'no', '2025-02-04 03:13:31', '2025-02-04 03:13:31', NULL),
(269, 'outgoing', 'team', '2', '1', '2', 'sad', NULL, 'no', '2025-02-04 03:16:56', '2025-02-04 03:16:56', NULL),
(270, 'outgoing', 'team', '4', '1', '4', 'sadas', NULL, 'no', '2025-02-04 03:17:39', '2025-02-04 03:17:39', NULL),
(271, 'outgoing', 'team', '4', '1', '4', 'sad', NULL, 'no', '2025-02-04 03:18:58', '2025-02-04 03:18:58', NULL),
(272, 'outgoing', 'team', '3', '1', '3', 'dsd', NULL, 'no', '2025-02-04 03:21:27', '2025-02-04 03:21:27', NULL),
(273, 'outgoing', 'team', '4', '1', '4', 'sda', NULL, 'no', '2025-02-04 03:23:44', '2025-02-04 03:23:44', NULL),
(274, 'outgoing', 'team', '2', '1', '2', 'dsd', NULL, 'no', '2025-02-04 03:24:08', '2025-02-04 03:24:08', NULL),
(275, 'outgoing', 'team', '3', '1', '3', 'get', NULL, 'no', '2025-02-04 03:25:24', '2025-02-04 03:25:24', NULL),
(276, 'outgoing', 'team', '2', '1', '2', 'hello', NULL, 'no', '2025-02-04 04:07:55', '2025-02-04 04:07:55', NULL),
(277, 'outgoing', 'admin', '3', '48', '3', 'hiii', NULL, 'no', '2025-02-04 04:08:11', '2025-02-04 04:08:11', NULL),
(278, 'outgoing', 'team', '2', '48', '2', 'hiii', NULL, 'no', '2025-02-04 04:08:18', '2025-02-04 04:08:18', NULL),
(279, 'outgoing', 'team', '2', '1', '2', 'hello', NULL, 'no', '2025-02-04 04:08:52', '2025-02-04 04:08:52', NULL),
(280, 'outgoing', 'team', '2', '1', '2', 'ok', NULL, 'no', '2025-02-04 04:09:32', '2025-02-04 04:09:32', NULL),
(281, 'outgoing', 'team', '2', '18', '2', 'helo gurjeet are you testing', NULL, 'no', '2025-02-04 04:10:51', '2025-02-04 04:10:51', NULL),
(282, 'outgoing', 'team', '2', '18', '2', '?', NULL, 'no', '2025-02-04 04:10:53', '2025-02-04 04:10:53', NULL),
(283, 'outgoing', 'team', '2', '18', '2', 'i am working on group chat', NULL, 'no', '2025-02-04 04:11:32', '2025-02-04 04:11:32', NULL),
(284, 'outgoing', 'team', '2', '18', '2', 'hello', NULL, 'no', '2025-02-04 04:13:05', '2025-02-04 04:13:05', NULL),
(285, 'outgoing', 'team', '2', '18', '2', 'test it now', NULL, 'no', '2025-02-04 04:14:15', '2025-02-04 04:14:15', NULL),
(286, 'outgoing', 'team', '4', '18', '4', 'hel m', NULL, 'no', '2025-02-04 04:16:52', '2025-02-04 04:16:52', NULL),
(287, 'outgoing', 'team', '3', '18', '3', 't b t', NULL, 'no', '2025-02-04 04:18:55', '2025-02-04 04:18:55', NULL),
(288, 'outgoing', 'team', '2', '18', '2', 'ok', NULL, 'no', '2025-02-04 04:20:29', '2025-02-04 04:20:29', NULL),
(289, 'outgoing', 'team', '2', '48', '2', 'hiiii', NULL, 'no', '2025-02-04 04:22:08', '2025-02-04 04:22:08', NULL),
(290, 'outgoing', 'team', '3', '48', '3', 'gdfhfgh', NULL, 'no', '2025-02-04 04:22:27', '2025-02-04 04:22:27', NULL),
(291, 'outgoing', 'admin', '18', '1', '18', 'hii', NULL, 'yes', '2025-02-13 15:11:53', '2025-02-14 11:27:38', NULL),
(292, 'outgoing', 'admin', '1', '18', '1', 'yes', NULL, 'yes', '2025-02-13 15:19:26', '2025-02-21 05:48:20', NULL),
(293, 'outgoing', 'admin', '1', '18', '1', 'congrats team', NULL, 'yes', '2025-02-14 11:28:05', '2025-02-21 05:48:20', NULL),
(294, 'outgoing', 'admin', '18', '1', '18', 'thank you', NULL, 'no', '2025-02-14 11:28:37', '2025-02-14 11:28:37', NULL),
(295, 'outgoing', 'admin', '170', '169', '170', 'hii', NULL, 'yes', '2025-02-17 05:33:15', '2025-02-17 05:33:34', NULL),
(296, 'outgoing', 'admin', '170', '169', '170', 'sukh', NULL, 'yes', '2025-02-17 05:33:17', '2025-02-17 05:33:34', NULL),
(297, 'outgoing', 'admin', '169', '170', '169', 'hi jagdish', NULL, 'no', '2025-02-17 05:33:43', '2025-02-17 05:33:43', NULL);

-- --------------------------------------------------------

--
-- Table structure for table `migrations`
--

CREATE TABLE `migrations` (
  `id` int UNSIGNED NOT NULL,
  `migration` varchar(255) COLLATE utf8mb4_unicode_ci NOT NULL,
  `batch` int NOT NULL
) ENGINE=InnoDB DEFAULT CHARSET=utf8mb4 COLLATE=utf8mb4_unicode_ci;

-- --------------------------------------------------------

--
-- Table structure for table `password_reset_tokens`
--

CREATE TABLE `password_reset_tokens` (
  `email` varchar(255) COLLATE utf8mb4_unicode_ci NOT NULL,
  `token` varchar(255) COLLATE utf8mb4_unicode_ci NOT NULL,
  `created_at` timestamp NULL DEFAULT NULL
) ENGINE=InnoDB DEFAULT CHARSET=utf8mb4 COLLATE=utf8mb4_unicode_ci;

--
-- Dumping data for table `password_reset_tokens`
--

INSERT INTO `password_reset_tokens` (`email`, `token`, `created_at`) VALUES
('amandeep9162@gmail.com', '$2y$12$4mbENBi1YFusJWp5ZuTKKeSS1cURe8b5zXFzsLSjzsCI01uPWXTjW', '2024-10-28 09:01:12'),
('amandeepsinghbhoma@gmail.com', '$2y$12$KaOyY1qld85Sv29OLuEXa.q5CK3jbimtXyL5vY6bpJ6axb8hI3PJO', '2024-11-06 13:28:06'),
('codyaltizer@gmail.com', '$2y$12$eOi6NYkKzLx3QzmsvN3Sl.MDxwd0KIW75lT8nlJ6MgWdE7TudVUZS', '2024-10-29 04:13:44'),
('jonisingh@gmail.com', '$2y$12$r2lD15rBnvLFQfiq..mNDOu7rTAf1VFOyBtAc44FjBqJpCbji.VOC', '2024-11-29 05:37:57'),
('paljinder3@gmail.com', '$2y$12$tVbOtFwPy.48vng2YaCJDOeKcyR5QooENxrt.JjUkGztQItQE1/le', '2024-10-29 12:30:14'),
('testmyproject37@gmail.com', '$2y$12$NHMUVmmI3ViH.VdMdLSdCOhA/nk41oTd3muhZBpoJniUNVlRJLLHW', '2024-11-08 08:02:53');

-- --------------------------------------------------------

--
-- Table structure for table `players`
--

CREATE TABLE `players` (
  `id` bigint UNSIGNED NOT NULL,
  `user_id` int NOT NULL,
  `club_id` bigint UNSIGNED DEFAULT NULL,
  `team_id` int DEFAULT NULL,
  `picture` varchar(255) COLLATE utf8mb4_unicode_ci DEFAULT NULL,
  `name` varchar(255) COLLATE utf8mb4_unicode_ci NOT NULL,
  `type` varchar(255) COLLATE utf8mb4_unicode_ci DEFAULT NULL,
  `priority` varchar(11) COLLATE utf8mb4_unicode_ci DEFAULT NULL,
  `dob` varchar(255) COLLATE utf8mb4_unicode_ci DEFAULT NULL,
  `proof_id` varchar(255) COLLATE utf8mb4_unicode_ci DEFAULT NULL,
  `phone` varchar(255) COLLATE utf8mb4_unicode_ci DEFAULT NULL,
  `email` varchar(255) COLLATE utf8mb4_unicode_ci DEFAULT NULL,
  `status` int DEFAULT '0',
  `created_at` timestamp NULL DEFAULT NULL,
  `updated_at` timestamp NULL DEFAULT NULL,
  `deleted_at` timestamp NULL DEFAULT NULL
) ENGINE=InnoDB DEFAULT CHARSET=utf8mb4 COLLATE=utf8mb4_unicode_ci;

--
-- Dumping data for table `players`
--

INSERT INTO `players` (`id`, `user_id`, `club_id`, `team_id`, `picture`, `name`, `type`, `priority`, `dob`, `proof_id`, `phone`, `email`, `status`, `created_at`, `updated_at`, `deleted_at`) VALUES
(1, 4, 1, NULL, 'teams//pictures/1735020803_Untitled design (61).jpg', 'John', 'permanent', NULL, '09/12/1989', 'teams//proofs/1729767680_forbe1.png', '1234567891', 'John@gmail.com', 1, '2024-10-24 05:58:04', '2024-12-24 06:13:23', NULL),
(2, 6, 1, NULL, 'teams//pictures/1734930835_Untitled design (63).jpg', 'Alex', 'permanent', NULL, '05/05/2005', 'teams//proofs/1729751749_dummy-pdf_2.pdf', '6532124587', 'Alex@gmail.com', 1, '2024-10-24 06:35:49', '2025-01-25 07:50:07', NULL),
(3, 137, 1, NULL, 'teams//pictures/1734931865_Untitled design (70).jpg', 'Shivam', 'permanent', NULL, '11/02/1998', NULL, '9815297737', 'shivam@gmail.com', 1, '2024-11-07 06:03:44', '2024-12-23 05:31:42', NULL),
(4, 142, 1, NULL, 'teams//pictures/1736596039_Untitled design (61).jpg', 'Mannu', 'permanent', NULL, '01/01/1999', NULL, '1234567890', 'mannu@gmail.com', 1, '2024-11-08 05:57:33', '2025-01-11 11:48:06', NULL),
(5, 143, 1, NULL, 'teams//pictures/1731045715_clipboard (2).png', 'Prince', 'permanent', NULL, '11/02/1999', NULL, '1234567890', 'prince@gmail.com', 1, '2024-11-08 06:01:55', '2024-11-08 06:01:55', NULL),
(6, 144, 1, NULL, 'teams//pictures/1738037463_1731046609_clipboard (3).png', 'manisha', 'permanent', NULL, '11/02/2005', NULL, '1234567890', 'manisha@gmail.com', 1, '2024-11-08 06:16:49', '2025-01-28 04:11:03', NULL),
(7, 145, 1, NULL, 'teams//pictures/1731047002_clipboard (4).png', 'Jelly', 'permanent', NULL, '11/02/1999', NULL, '1234567890', 'jelly@gmail.com', 1, '2024-11-08 06:23:22', '2024-11-08 06:23:22', NULL),
(8, 164, 1, NULL, 'teams//pictures/1734596338_Untitled design (59).jpg', 'hiwed', 'permanent', NULL, '11/22/1992', NULL, '1234567890', 'hiwedmanshu@admitly.ai', 1, '2024-11-27 10:34:54', '2024-12-19 08:18:58', NULL),
(9, 166, 1, NULL, 'teams//pictures/1736227252_Untitled design (69).jpg', 'joni', 'permanent', NULL, '11/02/2005', NULL, '7696622444', 'jonisingh@gmail.com', 1, '2024-11-27 11:33:07', '2025-01-07 05:20:52', NULL),
(10, 167, 1, NULL, 'teams//pictures/1734946277_Untitled design (64).jpg', 'manni', 'permanent', NULL, '11/09/1995', NULL, '1234567890', 'mannigill@gmail.com', 1, '2024-11-29 04:21:01', '2024-12-23 09:31:17', NULL),
(11, 168, 1, NULL, 'teams//pictures/1736232832_Untitled design (65).jpg', 'sunny', 'permanent', NULL, '11/02/2005', NULL, '1234567890', 'sunny@gmail.com', 0, '2024-11-29 05:39:34', '2025-01-25 08:04:23', NULL),
(12, 169, 1, NULL, 'teams//pictures/1734763715_Untitled design (7).png', 'jagdish', 'permanent', NULL, '11/02/2005', NULL, '1234567890', 'jagdish@gmail.com', 1, '2024-11-29 05:40:20', '2024-12-21 06:48:35', NULL),
(13, 170, 1, NULL, 'teams//pictures/1734763835_Untitled design (68).jpg', 'Sukh', 'permanent', NULL, '11/02/2005', NULL, '1234567890', 'sukh@gmail.com', 1, '2024-11-29 05:46:21', '2024-12-21 06:50:35', NULL),
(14, 171, 1, NULL, 'teams//pictures/1734765724_Untitled design (69).jpg', 'Oleg', 'permanent', NULL, '11/02/1998', NULL, '8837546430', 'olegremev@gmail.com', 1, '2024-11-30 05:44:34', '2024-12-21 07:24:04', NULL),
(15, 177, 1, NULL, 'teams//pictures/1736237092_Untitled design (62).jpg', 'Jolly', 'substitute', NULL, '01/01/1999', NULL, '9815213811', 'jolly@gmail.com', 1, '2024-12-18 06:43:12', '2025-01-07 08:08:03', NULL),
(16, 178, 1, NULL, 'teams//pictures/1736237616_Untitled design (63).jpg', 'yashpal', 'permanent', NULL, '05/05/1998', NULL, '9803141520', 'yashpal@gmail.com', 1, '2024-12-18 06:45:29', '2025-01-07 08:14:30', NULL),
(17, 179, 1, NULL, 'teams//pictures/1736237892_Untitled design (58).jpg', 'Jogesh', 'permanent', NULL, '11/02/2005', NULL, '1234567890', 'jogesh@gmail.com', 1, '2024-12-18 06:46:30', '2025-01-07 08:18:12', NULL),
(18, 180, 1, NULL, 'teams//pictures/1734596499_Untitled design (61).jpg', 'pardip', 'permanent', NULL, '11/02/2004', NULL, '1234567890', 'pardip@gmail.com', 1, '2024-12-18 06:56:03', '2024-12-21 07:23:33', NULL),
(19, 181, 1, NULL, 'teams//pictures/1734927001_college-student-.png', 'Amitoj', 'permanent', NULL, '09/12/1989', NULL, '1234567890', 'amitojsingh@gmail.com', 1, '2024-12-23 04:10:01', '2024-12-23 04:10:01', NULL),
(20, 182, 1, NULL, 'teams//pictures/1734927426_graphic-design.jpg', 'Amit', 'permanent', NULL, '12/11/1992', NULL, '1234567890', 'amitjot@gmail.com', 1, '2024-12-23 04:17:06', '2024-12-23 04:17:06', NULL),
(21, 183, 1, NULL, 'teams//pictures/1734927581_graphic-design.jpg', 'Amit', 'permanent', NULL, '12/11/1992', NULL, '1234567890', 'amitjot1@gmail.com', 1, '2024-12-23 04:19:41', '2025-01-06 09:50:35', NULL),
(22, 184, 1, NULL, 'teams//pictures/1734927826_graphic-design.jpg', 'Amit12', 'permanent', NULL, '12/11/1992', NULL, '1234567890', 'amitjot12@gmail.com', 1, '2024-12-23 04:23:46', '2024-12-23 04:23:46', NULL),
(23, 185, 1, NULL, 'teams//pictures/1734936984_web-design.jpg', 'The', 'permanent', NULL, '11/21/1992', NULL, '1234567891', 'thewitcher@gmail.com', 1, '2024-12-23 06:56:24', '2024-12-23 07:04:51', NULL),
(24, 186, 1, NULL, 'teams//pictures/1734947463_Untitled design (71).jpg', 'Anita', 'permanent', NULL, '11/02/1998', NULL, '9779772551', 'anita@gmail.com', 1, '2024-12-23 09:51:03', '2024-12-23 09:52:28', NULL),
(25, 187, 1, NULL, NULL, 'Judy', 'permanent', NULL, '04/29/2018', NULL, '8016712538', 'judytest@gmail.com', 1, '2025-02-14 05:12:04', '2025-02-14 05:12:04', NULL);

-- --------------------------------------------------------

--
-- Table structure for table `player_meta_administrators`
--

CREATE TABLE `player_meta_administrators` (
  `id` int NOT NULL,
  `user_id` int NOT NULL,
  `player_id` int NOT NULL,
  `club_id` int DEFAULT NULL,
  `created_at` timestamp NOT NULL DEFAULT CURRENT_TIMESTAMP,
  `updated_at` timestamp NOT NULL DEFAULT CURRENT_TIMESTAMP,
  `deleted_at` timestamp NULL DEFAULT NULL
) ENGINE=InnoDB DEFAULT CHARSET=utf8mb4 COLLATE=utf8mb4_general_ci;

--
-- Dumping data for table `player_meta_administrators`
--

INSERT INTO `player_meta_administrators` (`id`, `user_id`, `player_id`, `club_id`, `created_at`, `updated_at`, `deleted_at`) VALUES
(1, 5, 1, 1, '2024-10-24 06:11:15', '2024-11-08 09:27:57', NULL),
(82, 103, 2, 1, '2024-11-06 09:37:59', '2024-11-06 09:41:37', NULL),
(92, 134, 2, 1, '2024-11-07 05:43:40', '2024-11-07 05:43:40', NULL),
(93, 135, 2, 1, '2024-11-07 05:54:46', '2024-11-07 05:54:46', NULL),
(94, 141, 1, 1, '2024-11-08 05:32:47', '2024-11-08 05:32:47', NULL),
(95, 149, 4, 1, '2024-11-08 07:15:56', '2024-11-08 07:15:56', NULL),
(96, 151, 5, 1, '2024-11-08 08:09:32', '2024-11-08 08:09:32', NULL),
(98, 157, 5, 1, '2024-11-09 06:42:26', '2024-11-09 06:42:26', NULL),
(100, 172, 9, 1, '2024-12-02 05:11:00', '2024-12-02 05:11:00', NULL),
(101, 188, 25, 1, '2025-02-14 05:14:06', '2025-02-14 05:14:06', NULL);

-- --------------------------------------------------------

--
-- Table structure for table `player_meta_teams`
--

CREATE TABLE `player_meta_teams` (
  `id` int NOT NULL,
  `user_id` int NOT NULL,
  `team_id` varchar(256) COLLATE utf8mb4_general_ci NOT NULL,
  `player_id` int NOT NULL,
  `status` varchar(256) COLLATE utf8mb4_general_ci NOT NULL DEFAULT '0',
  `created_at` timestamp NOT NULL DEFAULT CURRENT_TIMESTAMP,
  `updated_at` timestamp NOT NULL DEFAULT CURRENT_TIMESTAMP,
  `deleted_at` timestamp NULL DEFAULT NULL
) ENGINE=InnoDB DEFAULT CHARSET=utf8mb4 COLLATE=utf8mb4_general_ci;

--
-- Dumping data for table `player_meta_teams`
--

INSERT INTO `player_meta_teams` (`id`, `user_id`, `team_id`, `player_id`, `status`, `created_at`, `updated_at`, `deleted_at`) VALUES
(14, 143, '1', 5, '0', '2024-11-08 06:01:55', '2024-11-08 06:01:55', NULL),
(16, 145, '1', 7, '0', '2024-11-08 06:23:22', '2024-11-08 06:23:22', NULL),
(41, 164, '2', 8, '0', '2024-12-19 08:18:58', '2024-12-19 08:18:58', NULL),
(51, 169, '3', 12, '0', '2024-12-21 06:48:35', '2024-12-21 06:48:35', NULL),
(52, 170, '3', 13, '0', '2024-12-21 06:50:35', '2024-12-21 06:50:35', NULL),
(54, 180, '4', 18, '0', '2024-12-21 07:23:33', '2024-12-21 07:23:33', NULL),
(55, 171, '2', 14, '0', '2024-12-21 07:24:04', '2024-12-21 07:24:04', NULL),
(58, 182, '2', 20, '0', '2024-12-23 04:17:06', '2024-12-23 04:17:06', NULL),
(63, 6, '2', 2, '0', '2024-12-23 05:13:55', '2024-12-23 05:13:55', NULL),
(65, 137, '2', 3, '0', '2024-12-23 05:31:42', '2024-12-23 05:31:42', NULL),
(66, 185, '4', 23, '0', '2024-12-23 06:56:24', '2024-12-23 06:56:24', NULL),
(68, 167, '3', 10, '0', '2024-12-23 09:31:17', '2024-12-23 09:31:17', NULL),
(69, 186, '4', 24, '0', '2024-12-23 09:51:03', '2024-12-23 09:51:03', NULL),
(70, 4, '1', 1, '0', '2024-12-24 06:13:23', '2024-12-24 06:13:23', NULL),
(71, 181, '2', 19, '0', '2025-01-06 09:49:53', '2025-01-06 09:49:53', NULL),
(72, 183, '2', 21, '0', '2025-01-06 09:50:35', '2025-01-06 09:50:35', NULL),
(73, 184, '2', 22, '0', '2025-01-06 09:51:13', '2025-01-06 09:51:13', NULL),
(74, 166, '3', 9, '0', '2025-01-07 05:20:52', '2025-01-07 05:20:52', NULL),
(75, 168, '3', 11, '0', '2025-01-07 06:53:52', '2025-01-07 06:53:52', NULL),
(78, 177, '4', 15, '0', '2025-01-07 08:08:03', '2025-01-07 08:08:03', NULL),
(79, 178, '4', 16, '0', '2025-01-07 08:13:36', '2025-01-07 08:13:36', NULL),
(80, 179, '4', 17, '0', '2025-01-07 08:18:12', '2025-01-07 08:18:12', NULL),
(81, 142, '1', 4, '0', '2025-01-11 11:47:19', '2025-01-11 11:47:19', NULL),
(82, 144, '2', 6, '0', '2025-01-28 04:11:03', '2025-01-28 04:11:03', NULL),
(83, 187, '2', 25, '0', '2025-02-14 05:12:04', '2025-02-14 05:12:04', NULL);

-- --------------------------------------------------------

--
-- Table structure for table `player_schedules`
--

CREATE TABLE `player_schedules` (
  `id` int NOT NULL,
  `type` varchar(256) NOT NULL,
  `player_id` varchar(256) NOT NULL,
  `schedule_id` varchar(256) NOT NULL,
  `team_id` varchar(256) NOT NULL,
  `updated_at` timestamp NOT NULL DEFAULT CURRENT_TIMESTAMP,
  `created_at` timestamp NOT NULL DEFAULT CURRENT_TIMESTAMP,
  `deleted_at` timestamp NULL DEFAULT NULL
) ENGINE=InnoDB DEFAULT CHARSET=utf8mb4 COLLATE=utf8mb4_0900_ai_ci;

--
-- Dumping data for table `player_schedules`
--

INSERT INTO `player_schedules` (`id`, `type`, `player_id`, `schedule_id`, `team_id`, `updated_at`, `created_at`, `deleted_at`) VALUES
(1, 'yes', '1', '19', '3', '2024-11-28 11:54:23', '2024-11-28 11:54:23', NULL),
(2, 'no', '1', '54', '3', '2024-11-28 12:25:49', '2024-11-28 12:25:49', NULL),
(3, 'yes', '3', '42', '1', '2024-11-28 13:03:28', '2024-11-28 13:03:28', NULL),
(4, 'no', '3', '56', '2', '2024-11-28 13:03:34', '2024-11-28 13:03:34', NULL),
(5, 'yes', '3', '39', '2', '2024-11-28 13:16:55', '2024-11-28 13:16:55', NULL),
(6, 'yes', '3', '55', '3', '2024-11-28 13:18:50', '2024-11-28 13:18:50', NULL),
(7, 'yes', '5', '57', '1', '2024-11-29 05:06:19', '2024-11-29 05:06:19', NULL),
(8, 'yes', '10', '58', '3', '2024-11-29 05:33:29', '2024-11-29 05:33:29', NULL),
(9, 'yes', '10', '60', '3', '2024-11-29 05:58:07', '2024-11-29 05:58:07', NULL),
(10, 'yes', '3', '19', '3', '2024-11-29 07:16:00', '2024-11-29 07:16:00', NULL),
(11, 'no', '3', '61', '3', '2024-11-29 07:16:24', '2024-11-29 07:16:24', NULL),
(12, 'yes', '12', '60', '3', '2024-11-29 10:46:52', '2024-11-29 10:46:52', NULL),
(13, 'yes', '11', '60', '3', '2024-11-29 10:49:41', '2024-11-29 10:49:41', NULL),
(14, 'no', '13', '60', '3', '2024-11-29 10:50:17', '2024-11-29 10:50:17', NULL),
(15, 'yes', '11', '52', '3', '2024-11-30 04:34:12', '2024-11-30 04:34:12', NULL),
(16, 'yes', '12', '52', '3', '2024-11-30 04:35:14', '2024-11-30 04:35:14', NULL),
(17, 'yes', '13', '52', '3', '2024-11-30 04:36:09', '2024-11-30 04:36:09', NULL),
(18, 'yes', '2', '68', '2', '2024-11-30 05:30:01', '2024-11-30 05:30:01', NULL),
(19, 'yes', '3', '68', '2', '2024-11-30 05:31:17', '2024-11-30 05:31:17', NULL),
(20, 'yes', '6', '68', '2', '2024-11-30 05:32:51', '2024-11-30 05:32:51', NULL),
(21, 'no', '14', '68', '2', '2024-11-30 05:46:20', '2024-11-30 05:46:20', NULL),
(22, 'no', '11', '62', '3', '2024-11-30 05:54:09', '2024-11-30 05:54:09', NULL),
(23, 'yes', '2', '69', '2', '2024-11-30 05:58:20', '2024-11-30 05:58:20', NULL),
(24, 'yes', '3', '69', '2', '2024-11-30 05:58:55', '2024-11-30 05:58:55', NULL),
(25, 'no', '6', '69', '2', '2024-11-30 05:59:25', '2024-11-30 05:59:25', NULL),
(26, 'yes', '1', '70', '1', '2024-11-30 06:09:26', '2024-11-30 06:09:26', NULL),
(27, 'no', '1', '67', '1', '2024-11-30 06:09:29', '2024-11-30 06:09:29', NULL),
(28, 'no', '4', '70', '1', '2024-11-30 06:12:00', '2024-11-30 06:12:00', NULL),
(29, 'no', '4', '67', '1', '2024-11-30 06:12:03', '2024-11-30 06:12:03', NULL),
(30, 'yes', '5', '70', '1', '2024-11-30 06:13:02', '2024-11-30 06:13:02', NULL),
(31, 'yes', '5', '67', '1', '2024-11-30 06:13:05', '2024-11-30 06:13:05', NULL),
(32, 'yes', '7', '70', '1', '2024-11-30 06:13:52', '2024-11-30 06:13:52', NULL),
(33, 'yes', '7', '67', '1', '2024-11-30 06:13:55', '2024-11-30 06:13:55', NULL),
(34, 'yes', '1', '71', '1', '2024-11-30 10:26:52', '2024-11-30 10:26:52', NULL),
(35, 'yes', '3', '72', '2', '2024-11-30 13:13:43', '2024-11-30 13:13:43', NULL),
(36, 'yes', '4', '73', '1', '2024-11-30 13:21:28', '2024-11-30 13:21:28', NULL),
(37, 'yes', '4', '75', '1', '2024-11-30 16:44:05', '2024-11-30 16:44:05', NULL),
(38, 'yes', '9', '74', '3', '2024-11-30 16:49:05', '2024-11-30 16:49:05', NULL),
(39, 'yes', '11', '77', '3', '2024-12-02 07:41:41', '2024-12-02 07:41:41', NULL),
(40, 'no', '12', '77', '3', '2024-12-02 07:42:53', '2024-12-02 07:42:53', NULL),
(41, 'yes', '11', '74', '3', '2024-12-03 05:21:27', '2024-12-03 05:21:27', NULL),
(42, 'no', '11', '76', '3', '2024-12-03 05:21:32', '2024-12-03 05:21:32', NULL),
(43, 'yes', '1', '78', '1', '2024-12-03 05:22:12', '2024-12-03 05:22:12', NULL),
(44, 'yes', '1', '75', '1', '2024-12-03 05:22:19', '2024-12-03 05:22:19', NULL),
(45, 'no', '4', '78', '1', '2024-12-03 05:22:52', '2024-12-03 05:22:52', NULL),
(46, 'yes', '5', '75', '1', '2024-12-03 05:23:46', '2024-12-03 05:23:46', NULL),
(47, 'yes', '5', '78', '1', '2024-12-03 05:23:49', '2024-12-03 05:23:49', NULL),
(48, 'no', '7', '78', '1', '2024-12-03 05:24:42', '2024-12-03 05:24:42', NULL),
(49, 'no', '7', '75', '1', '2024-12-03 05:24:45', '2024-12-03 05:24:45', NULL),
(50, 'no', '14', '69', '2', '2024-12-03 05:26:55', '2024-12-03 05:26:55', NULL),
(51, 'yes', '12', '74', '3', '2024-12-03 05:28:03', '2024-12-03 05:28:03', NULL),
(52, 'yes', '12', '76', '3', '2024-12-03 05:28:06', '2024-12-03 05:28:06', NULL),
(53, 'yes', '13', '77', '3', '2024-12-03 05:28:51', '2024-12-03 05:28:51', NULL),
(54, 'no', '13', '74', '3', '2024-12-03 05:28:55', '2024-12-03 05:28:55', NULL),
(55, 'yes', '13', '76', '3', '2024-12-03 05:28:59', '2024-12-03 05:28:59', NULL),
(56, 'no', '10', '77', '3', '2024-12-03 05:29:57', '2024-12-03 05:29:57', NULL),
(57, 'no', '10', '74', '3', '2024-12-03 05:30:00', '2024-12-03 05:30:00', NULL),
(58, 'no', '10', '76', '3', '2024-12-03 05:30:04', '2024-12-03 05:30:04', NULL),
(59, 'yes', '9', '112', '3', '2024-12-09 07:41:07', '2024-12-09 07:41:07', NULL),
(60, 'yes', '9', '104', '3', '2024-12-09 07:50:34', '2024-12-09 07:50:34', NULL),
(61, 'yes', '1', '120', '1', '2024-12-13 06:27:12', '2024-12-13 06:27:12', NULL),
(62, 'no', '1', '123', '1', '2024-12-13 06:30:10', '2024-12-13 06:30:10', NULL),
(63, 'yes', '3', '99', '2', '2024-12-13 06:40:06', '2024-12-13 06:40:06', NULL),
(64, 'no', '00033', '125', '0021', '2024-12-13 08:01:52', '2024-12-13 08:01:52', NULL),
(65, 'yes', '3', '125', '2', '2024-12-13 09:06:16', '2024-12-13 09:06:16', NULL),
(67, 'no', '3', '118', '2', '2024-12-13 09:11:37', '2024-12-13 09:11:37', NULL),
(68, 'yes', '2', '121', '2', '2024-12-13 10:36:59', '2024-12-13 10:36:59', NULL),
(69, 'no', '3', '115', '2', '2024-12-13 10:52:05', '2024-12-13 10:52:05', NULL),
(70, 'no', '3', '121', '2', '2024-12-13 10:52:25', '2024-12-13 10:52:25', NULL),
(71, 'yes', '3', '116', '2', '2024-12-13 10:55:03', '2024-12-13 10:55:03', NULL),
(72, 'yes', '3', '117', '2', '2024-12-13 10:55:08', '2024-12-13 10:55:08', NULL),
(73, 'no', '3', '119', '2', '2024-12-13 10:55:13', '2024-12-13 10:55:13', NULL),
(74, 'no', '3', '86', '2', '2024-12-13 10:55:28', '2024-12-13 10:55:28', NULL),
(75, 'yes', '3', '87', '2', '2024-12-13 10:55:34', '2024-12-13 10:55:34', NULL),
(76, 'yes', '3', '101', '2', '2024-12-13 10:55:42', '2024-12-13 10:55:42', NULL),
(77, 'yes', '3', '100', '2', '2024-12-13 10:55:54', '2024-12-13 10:55:54', NULL),
(78, 'yes', '11', '121', '3', '2024-12-14 05:43:03', '2024-12-14 05:43:03', NULL),
(79, 'yes', '2', '72', '2', '2024-12-17 11:06:57', '2024-12-17 11:06:57', NULL),
(80, 'no', '2', '94', '2', '2024-12-17 11:07:06', '2024-12-17 11:07:06', NULL),
(81, 'yes', '2', '93', '2', '2024-12-17 11:08:01', '2024-12-17 11:08:01', NULL),
(82, 'yes', '2', '92', '2', '2024-12-17 11:08:07', '2024-12-17 11:08:07', NULL),
(83, 'yes', '2', '88', '2', '2024-12-17 11:08:15', '2024-12-17 11:08:15', NULL),
(84, 'no', '2', '89', '2', '2024-12-17 11:08:22', '2024-12-17 11:08:22', NULL),
(85, 'yes', '2', '86', '2', '2024-12-17 11:08:32', '2024-12-17 11:08:32', NULL),
(86, 'no', '2', '87', '2', '2024-12-17 11:08:39', '2024-12-17 11:08:39', NULL),
(87, 'yes', '2', '101', '2', '2024-12-17 11:08:59', '2024-12-17 11:08:59', NULL),
(88, 'yes', '3', '94', '2', '2024-12-17 11:09:35', '2024-12-17 11:09:35', NULL),
(89, 'yes', '3', '93', '2', '2024-12-17 11:09:40', '2024-12-17 11:09:40', NULL),
(90, 'yes', '3', '92', '2', '2024-12-17 11:09:45', '2024-12-17 11:09:45', NULL),
(91, 'yes', '3', '88', '2', '2024-12-17 11:09:51', '2024-12-17 11:09:51', NULL),
(92, 'yes', '3', '89', '2', '2024-12-17 11:09:57', '2024-12-17 11:09:57', NULL),
(93, 'yes', '3', '129', '2', '2024-12-17 11:10:19', '2024-12-17 11:10:19', NULL),
(94, 'yes', '3', '79', '2', '2024-12-17 11:10:26', '2024-12-17 11:10:26', NULL),
(95, 'yes', '3', '113', '2', '2024-12-17 11:10:32', '2024-12-17 11:10:32', NULL),
(96, 'yes', '3', '114', '2', '2024-12-17 11:10:44', '2024-12-17 11:10:44', NULL),
(97, 'yes', '3', '98', '2', '2024-12-17 11:10:57', '2024-12-17 11:10:57', NULL),
(98, 'yes', '6', '72', '2', '2024-12-17 11:11:38', '2024-12-17 11:11:38', NULL),
(99, 'yes', '6', '94', '2', '2024-12-17 11:11:45', '2024-12-17 11:11:45', NULL),
(100, 'yes', '6', '93', '2', '2024-12-17 11:11:51', '2024-12-17 11:11:51', NULL),
(101, 'yes', '6', '92', '2', '2024-12-17 11:11:57', '2024-12-17 11:11:57', NULL),
(102, 'yes', '6', '88', '2', '2024-12-17 11:12:05', '2024-12-17 11:12:05', NULL),
(103, 'yes', '6', '89', '2', '2024-12-17 11:12:15', '2024-12-17 11:12:15', NULL),
(104, 'yes', '6', '122', '2', '2024-12-17 11:17:02', '2024-12-17 11:17:02', NULL),
(105, 'yes', '14', '72', '2', '2024-12-17 11:19:02', '2024-12-17 11:19:02', NULL),
(106, 'yes', '14', '94', '2', '2024-12-17 11:19:07', '2024-12-17 11:19:07', NULL),
(107, 'no', '14', '93', '2', '2024-12-17 11:19:12', '2024-12-17 11:19:12', NULL),
(108, 'no', '14', '92', '2', '2024-12-17 11:19:18', '2024-12-17 11:19:18', NULL),
(109, 'no', '14', '86', '2', '2024-12-17 11:19:24', '2024-12-17 11:19:24', NULL),
(110, 'yes', '14', '87', '2', '2024-12-17 11:19:30', '2024-12-17 11:19:30', NULL),
(111, 'yes', '14', '101', '2', '2024-12-17 11:19:35', '2024-12-17 11:19:35', NULL),
(112, 'yes', '11', '91', '3', '2024-12-18 05:32:39', '2024-12-18 05:32:39', NULL),
(113, 'yes', '11', '88', '3', '2024-12-18 05:34:01', '2024-12-18 05:34:01', NULL),
(114, 'yes', '11', '89', '3', '2024-12-18 05:34:07', '2024-12-18 05:34:07', NULL),
(115, 'yes', '11', '93', '3', '2024-12-18 05:47:44', '2024-12-18 05:47:44', NULL),
(116, 'no', '11', '92', '3', '2024-12-18 05:47:53', '2024-12-18 05:47:53', NULL),
(117, 'no', '11', '90', '3', '2024-12-18 05:50:02', '2024-12-18 05:50:02', NULL),
(118, 'yes', '15', '130', '4', '2024-12-18 07:13:43', '2024-12-18 07:13:43', NULL),
(119, 'yes', '16', '130', '4', '2024-12-18 07:14:51', '2024-12-18 07:14:51', NULL),
(120, 'yes', '1', '130', '1', '2024-12-18 07:15:55', '2024-12-18 07:15:55', NULL),
(121, 'no', '1', '57', '1', '2024-12-18 07:16:15', '2024-12-18 07:16:15', NULL),
(122, 'yes', '10', '52', '3', '2024-12-18 10:51:46', '2024-12-18 10:51:46', NULL),
(123, 'no', '10', '90', '3', '2024-12-18 10:52:01', '2024-12-18 10:52:01', NULL),
(124, 'no', '10', '92', '3', '2024-12-18 10:52:30', '2024-12-18 10:52:30', NULL),
(125, 'yes', '10', '93', '3', '2024-12-18 10:52:36', '2024-12-18 10:52:36', NULL),
(126, 'yes', '18', '130', '4', '2024-12-19 06:09:45', '2024-12-19 06:09:45', NULL),
(127, 'yes', '17', '130', '4', '2024-12-19 06:11:39', '2024-12-19 06:11:39', NULL),
(128, 'no', '17', '131', '4', '2024-12-19 07:40:25', '2024-12-19 07:40:25', NULL),
(129, 'no', '15', '131', '4', '2024-12-19 07:41:00', '2024-12-19 07:41:00', NULL),
(130, 'yes', '16', '131', '4', '2024-12-19 07:41:36', '2024-12-19 07:41:36', NULL),
(131, 'no', '18', '131', '4', '2024-12-19 07:42:31', '2024-12-19 07:42:31', NULL),
(132, 'yes', '12', '50', '3', '2024-12-20 11:26:49', '2024-12-20 11:26:49', NULL),
(133, 'yes', '1', '124', '1', '2024-12-21 05:08:33', '2024-12-21 05:08:33', NULL),
(134, 'yes', '1', '80', '1', '2024-12-21 05:31:53', '2024-12-21 05:31:53', NULL),
(135, 'yes', '13', '78', '3', '2024-12-21 05:38:05', '2024-12-21 05:38:05', NULL),
(136, 'no', '13', '114', '3', '2024-12-21 05:38:45', '2024-12-21 05:38:45', NULL),
(137, 'yes', '10', '78', '3', '2024-12-21 06:02:48', '2024-12-21 06:02:48', NULL),
(138, 'yes', '10', '75', '3', '2024-12-21 06:06:25', '2024-12-21 06:06:25', NULL),
(139, 'yes', '24', '131', '4', '2024-12-23 09:53:01', '2024-12-23 09:53:01', NULL),
(140, 'yes', '24', '130', '4', '2024-12-23 09:53:07', '2024-12-23 09:53:07', NULL),
(141, 'yes', '5', '124', '1', '2024-12-25 05:12:10', '2024-12-25 05:12:10', NULL),
(142, 'no', '5', '90', '1', '2024-12-25 05:12:22', '2024-12-25 05:12:22', NULL),
(143, 'yes', '5', '130', '1', '2024-12-25 06:08:17', '2024-12-25 06:08:17', NULL),
(144, 'no', '7', '72', '1', '2024-12-26 05:45:42', '2024-12-26 05:45:42', NULL),
(145, 'no', '7', '73', '1', '2024-12-26 05:45:46', '2024-12-26 05:45:46', NULL),
(146, 'no', '7', '90', '1', '2024-12-26 05:45:58', '2024-12-26 05:45:58', NULL),
(147, 'no', '7', '124', '1', '2024-12-26 05:46:08', '2024-12-26 05:46:08', NULL),
(148, 'no', '7', '130', '1', '2024-12-26 05:46:14', '2024-12-26 05:46:14', NULL),
(149, 'no', '7', '81', '1', '2024-12-26 05:46:21', '2024-12-26 05:46:21', NULL),
(150, 'yes', '9', '122', '3', '2025-01-07 06:38:32', '2025-01-07 06:38:32', NULL),
(151, 'yes', '9', '141', '3', '2025-01-07 06:42:03', '2025-01-07 06:42:03', NULL),
(152, 'no', '11', '122', '3', '2025-01-07 06:54:28', '2025-01-07 06:54:28', NULL),
(153, 'no', '11', '141', '3', '2025-01-07 06:54:42', '2025-01-07 06:54:42', NULL),
(154, 'no', '15', '138', '4', '2025-01-07 08:10:48', '2025-01-07 08:10:48', NULL),
(155, 'no', '15', '141', '4', '2025-01-07 08:10:53', '2025-01-07 08:10:53', NULL),
(156, 'no', '15', '140', '4', '2025-01-07 08:10:58', '2025-01-07 08:10:58', NULL),
(157, 'no', '15', '133', '4', '2025-01-07 08:11:04', '2025-01-07 08:11:04', NULL),
(158, 'no', '15', '143', '4', '2025-01-07 08:11:17', '2025-01-07 08:11:17', NULL),
(159, 'no', '15', '142', '4', '2025-01-07 08:11:20', '2025-01-07 08:11:20', NULL),
(160, 'no', '16', '138', '4', '2025-01-07 08:11:59', '2025-01-07 08:11:59', NULL),
(161, 'no', '16', '140', '4', '2025-01-07 08:12:02', '2025-01-07 08:12:02', NULL),
(162, 'no', '16', '141', '4', '2025-01-07 08:12:06', '2025-01-07 08:12:06', NULL),
(163, 'no', '16', '133', '4', '2025-01-07 08:12:11', '2025-01-07 08:12:11', NULL),
(164, 'no', '16', '143', '4', '2025-01-07 08:12:15', '2025-01-07 08:12:15', NULL),
(165, 'no', '16', '142', '4', '2025-01-07 08:12:19', '2025-01-07 08:12:19', NULL),
(166, 'no', '17', '138', '4', '2025-01-07 08:18:38', '2025-01-07 08:18:38', NULL),
(167, 'no', '17', '140', '4', '2025-01-07 08:18:42', '2025-01-07 08:18:42', NULL),
(168, 'no', '17', '141', '4', '2025-01-07 08:18:45', '2025-01-07 08:18:45', NULL),
(169, 'no', '17', '141', '4', '2025-01-07 08:18:45', '2025-01-07 08:18:45', NULL),
(170, 'no', '17', '133', '4', '2025-01-07 08:18:56', '2025-01-07 08:18:56', NULL),
(171, 'no', '17', '143', '4', '2025-01-07 08:19:03', '2025-01-07 08:19:03', NULL),
(172, 'no', '17', '142', '4', '2025-01-07 08:19:06', '2025-01-07 08:19:06', NULL),
(173, 'no', '18', '138', '4', '2025-01-07 11:41:41', '2025-01-07 11:41:41', NULL),
(174, 'no', '18', '140', '4', '2025-01-07 11:41:45', '2025-01-07 11:41:45', NULL),
(175, 'no', '18', '141', '4', '2025-01-07 11:41:49', '2025-01-07 11:41:49', NULL),
(176, 'no', '18', '133', '4', '2025-01-07 11:41:52', '2025-01-07 11:41:52', NULL),
(177, 'no', '18', '143', '4', '2025-01-07 11:41:57', '2025-01-07 11:41:57', NULL),
(178, 'no', '18', '142', '4', '2025-01-07 11:42:01', '2025-01-07 11:42:01', NULL),
(179, 'no', '24', '138', '4', '2025-01-07 11:42:39', '2025-01-07 11:42:39', NULL),
(180, 'no', '24', '140', '4', '2025-01-07 11:42:44', '2025-01-07 11:42:44', NULL),
(181, 'no', '24', '141', '4', '2025-01-07 11:42:48', '2025-01-07 11:42:48', NULL),
(182, 'no', '24', '133', '4', '2025-01-07 11:42:51', '2025-01-07 11:42:51', NULL),
(183, 'no', '24', '143', '4', '2025-01-07 11:42:55', '2025-01-07 11:42:55', NULL),
(184, 'no', '24', '142', '4', '2025-01-07 11:42:58', '2025-01-07 11:42:58', NULL),
(185, 'no', '11', '143', '3', '2025-01-11 05:45:57', '2025-01-11 05:45:57', NULL),
(186, 'no', '11', '142', '3', '2025-01-11 05:46:01', '2025-01-11 05:46:01', NULL),
(187, 'no', '12', '142', '3', '2025-01-11 05:46:50', '2025-01-11 05:46:50', NULL),
(188, 'no', '12', '143', '3', '2025-01-11 05:46:53', '2025-01-11 05:46:53', NULL),
(189, 'no', '12', '122', '3', '2025-01-11 05:46:59', '2025-01-11 05:46:59', NULL),
(190, 'no', '12', '141', '3', '2025-01-11 05:47:02', '2025-01-11 05:47:02', NULL),
(191, 'no', '13', '122', '3', '2025-01-11 05:47:59', '2025-01-11 05:47:59', NULL),
(192, 'no', '13', '141', '3', '2025-01-11 05:48:04', '2025-01-11 05:48:04', NULL),
(193, 'no', '13', '143', '3', '2025-01-11 05:48:08', '2025-01-11 05:48:08', NULL),
(194, 'no', '13', '142', '3', '2025-01-11 05:48:11', '2025-01-11 05:48:11', NULL),
(195, 'no', '9', '142', '3', '2025-01-11 05:48:55', '2025-01-11 05:48:55', NULL),
(196, 'no', '9', '143', '3', '2025-01-11 05:48:58', '2025-01-11 05:48:58', NULL),
(197, 'no', '10', '142', '3', '2025-01-11 05:49:39', '2025-01-11 05:49:39', NULL),
(198, 'no', '10', '143', '3', '2025-01-11 05:49:42', '2025-01-11 05:49:42', NULL),
(199, 'no', '10', '122', '3', '2025-01-11 05:49:46', '2025-01-11 05:49:46', NULL),
(200, 'no', '10', '141', '3', '2025-01-11 05:49:51', '2025-01-11 05:49:51', NULL),
(205, 'no', '3', '133', '2', '2025-01-13 03:43:20', '2025-01-13 03:43:20', NULL),
(206, 'yes', '3', '139', '2', '2025-01-13 03:44:00', '2025-01-13 03:44:00', NULL),
(207, 'yes', '3', '155', '2', '2025-02-20 03:20:19', '2025-02-20 03:20:19', NULL);

-- --------------------------------------------------------

--
-- Table structure for table `schedules`
--

CREATE TABLE `schedules` (
  `id` bigint UNSIGNED NOT NULL,
  `team_id` bigint UNSIGNED NOT NULL,
  `name` varchar(255) COLLATE utf8mb4_unicode_ci DEFAULT NULL,
  `type` varchar(256) COLLATE utf8mb4_unicode_ci NOT NULL,
  `opposing_team_id` varchar(256) COLLATE utf8mb4_unicode_ci DEFAULT NULL,
  `opposing_schedule_id` varchar(256) COLLATE utf8mb4_unicode_ci DEFAULT NULL,
  `purpose_detail` varchar(256) COLLATE utf8mb4_unicode_ci DEFAULT NULL,
  `timing_from` varchar(256) COLLATE utf8mb4_unicode_ci DEFAULT NULL,
  `timing_to` varchar(256) COLLATE utf8mb4_unicode_ci DEFAULT NULL,
  `location` varchar(256) COLLATE utf8mb4_unicode_ci DEFAULT NULL,
  `city` varchar(256) COLLATE utf8mb4_unicode_ci DEFAULT NULL,
  `date` varchar(256) COLLATE utf8mb4_unicode_ci DEFAULT NULL,
  `time` varchar(256) COLLATE utf8mb4_unicode_ci DEFAULT NULL,
  `date_from` varchar(256) COLLATE utf8mb4_unicode_ci DEFAULT NULL,
  `date_to` varchar(256) COLLATE utf8mb4_unicode_ci DEFAULT NULL,
  `status` int NOT NULL DEFAULT '0',
  `regular_season_record` varchar(256) COLLATE utf8mb4_unicode_ci DEFAULT NULL,
  `playoff_record` varchar(256) COLLATE utf8mb4_unicode_ci DEFAULT NULL,
  `created_at` timestamp NULL DEFAULT NULL,
  `updated_at` timestamp NULL DEFAULT NULL,
  `deleted_at` timestamp NULL DEFAULT NULL
) ENGINE=InnoDB DEFAULT CHARSET=utf8mb4 COLLATE=utf8mb4_unicode_ci;

--
-- Dumping data for table `schedules`
--

INSERT INTO `schedules` (`id`, `team_id`, `name`, `type`, `opposing_team_id`, `opposing_schedule_id`, `purpose_detail`, `timing_from`, `timing_to`, `location`, `city`, `date`, `time`, `date_from`, `date_to`, `status`, `regular_season_record`, `playoff_record`, `created_at`, `updated_at`, `deleted_at`) VALUES
(10, 2, NULL, 'Game', '3', NULL, NULL, NULL, NULL, '5', 'Amritsar, Punjab, India', '11/22/2024', '10:00', NULL, NULL, 1, NULL, NULL, '2024-11-21 14:21:03', '2024-11-22 06:08:17', NULL),
(11, 2, NULL, 'Game', '1', NULL, NULL, NULL, NULL, '4', 'Amritsar, Punjab, India', '11/18/2024', '19:59', NULL, NULL, 1, NULL, NULL, '2024-11-21 14:24:17', '2024-11-21 14:24:17', NULL),
(15, 3, NULL, 'Practice', NULL, NULL, NULL, '04:00', '06:00', NULL, NULL, '11/21/2024', '04:00', '11/21/2024', '11/25/2024', 1, NULL, NULL, '2024-11-21 14:32:05', '2024-11-21 14:32:05', NULL),
(16, 3, NULL, 'Practice', NULL, NULL, NULL, '04:00', '06:00', NULL, NULL, '11/22/2024', '04:00', '11/22/2024', '11/25/2024', 1, NULL, NULL, '2024-11-21 14:32:05', '2024-11-21 14:32:05', NULL),
(19, 3, NULL, 'Practice', NULL, NULL, NULL, '04:00', '06:00', NULL, NULL, '11/25/2024', '04:00', '11/25/2024', '11/25/2024', 1, NULL, NULL, '2024-11-21 14:32:05', '2024-11-21 14:32:05', NULL),
(28, 2, NULL, 'Practice', NULL, NULL, NULL, '22:25', '22:28', NULL, NULL, '11/24/2024', '22:25', '11/24/2024', '11/26/2024', 1, NULL, NULL, '2024-11-21 16:53:01', '2024-11-21 16:53:01', NULL),
(29, 2, NULL, 'Practice', NULL, NULL, NULL, '22:25', '22:28', NULL, NULL, '11/25/2024', '22:25', '11/25/2024', '11/26/2024', 1, NULL, NULL, '2024-11-21 16:53:01', '2024-11-21 16:53:01', NULL),
(33, 2, NULL, 'Practice', NULL, NULL, NULL, '22:00', '22:58', NULL, NULL, '11/20/2024', '22:00', '11/20/2024', '11/25/2024', 1, NULL, NULL, '2024-11-21 17:24:55', '2024-11-21 17:24:55', NULL),
(34, 2, NULL, 'Practice', NULL, NULL, NULL, '22:00', '22:58', NULL, NULL, '11/21/2024', '22:00', '11/21/2024', '11/25/2024', 1, NULL, NULL, '2024-11-21 17:24:55', '2024-11-21 17:24:55', NULL),
(38, 2, NULL, 'Practice', NULL, NULL, NULL, '22:00', '22:58', NULL, NULL, '11/25/2024', '22:00', '11/25/2024', '11/25/2024', 1, NULL, NULL, '2024-11-21 17:24:55', '2024-11-21 17:24:55', NULL),
(46, 1, NULL, 'Practice', NULL, NULL, NULL, '12:00', '15:04', NULL, NULL, '11/21/2024', '12:00', '11/21/2024', '11/22/2024', 1, NULL, NULL, '2024-11-22 08:27:53', '2024-11-23 04:37:57', NULL),
(49, 3, NULL, 'Game', '1', NULL, NULL, NULL, NULL, '5', 'Amritsar, Punjab, India', '11/19/2024', '10:00', NULL, NULL, 1, NULL, NULL, '2024-11-22 10:33:10', '2024-11-22 10:33:10', NULL),
(50, 3, NULL, 'Practice', NULL, NULL, NULL, '09:00', '10:00', NULL, NULL, '11/28/2024', '09:00', '11/28/2024', '11/28/2024', 1, NULL, NULL, '2024-11-25 07:18:15', '2024-11-25 07:18:15', NULL),
(52, 3, NULL, 'Practice', NULL, NULL, NULL, '10:00', '11:00', NULL, NULL, '12/01/2024', '10:00', '12/01/2024', '12/01/2024', 1, NULL, NULL, '2024-11-25 07:26:01', '2024-11-25 07:26:01', NULL),
(55, 3, NULL, 'Practice', NULL, NULL, NULL, '11:35', '13:35', NULL, NULL, '11/26/2024', '11:35', '11/26/2024', '11/26/2024', 1, NULL, NULL, '2024-11-25 07:54:53', '2024-11-25 07:54:53', NULL),
(56, 2, NULL, 'Game', '1', NULL, NULL, NULL, NULL, '4', 'Amritsar, Punjab, India', '11/25/2024', '11:53', NULL, NULL, 1, NULL, NULL, '2024-11-26 06:18:52', '2024-11-26 06:18:52', NULL),
(61, 3, NULL, 'Practice', NULL, NULL, NULL, '14:00', '15:00', NULL, NULL, '11/26/2024', '14:00', '11/26/2024', '11/26/2024', 1, NULL, NULL, '2024-11-29 06:10:25', '2024-11-29 06:10:25', NULL),
(63, 1, NULL, 'Game', '2', NULL, NULL, NULL, NULL, '4', 'Amritsar, Punjab, India', '11/29/2024', '17:11', NULL, NULL, 1, NULL, NULL, '2024-11-29 11:36:40', '2024-11-29 11:37:46', NULL),
(65, 1, NULL, 'Game', '2', NULL, NULL, NULL, NULL, '4', 'Amritsar, Punjab, India', '11/29/2024', '17:15', NULL, NULL, 1, NULL, NULL, '2024-11-29 11:40:02', '2024-11-29 11:40:02', NULL),
(66, 1, NULL, 'Practice', NULL, NULL, NULL, '17:16', '17:17', NULL, NULL, '11/29/2024', '17:16', '11/29/2024', '11/30/2024', 1, NULL, NULL, '2024-11-29 11:41:06', '2024-11-29 11:41:06', NULL),
(67, 1, NULL, 'Practice', NULL, NULL, NULL, '17:16', '17:17', NULL, NULL, '11/30/2024', '17:16', '11/30/2024', '11/30/2024', 1, NULL, NULL, '2024-11-29 11:41:06', '2024-11-29 11:41:06', NULL),
(68, 2, NULL, 'Game', '3', NULL, NULL, NULL, NULL, '10', 'Kolkata, West Bengal, India', '12/02/2024', '10:00', NULL, NULL, 1, NULL, NULL, '2024-11-30 05:21:40', '2024-11-30 05:21:40', NULL),
(70, 1, NULL, 'Practice', NULL, NULL, NULL, '14:40', '15:40', NULL, NULL, '12/03/2024', '14:40', '12/03/2024', '12/03/2024', 1, NULL, NULL, '2024-11-30 06:08:00', '2024-11-30 06:08:00', NULL),
(71, 1, NULL, 'Game', '2', NULL, NULL, NULL, NULL, '4', 'Net Soft Lab, Puda Colony, Anand Avenue, Amritsar, Punjab, India', '12/02/2024', '09:00', NULL, NULL, 1, NULL, NULL, '2024-11-30 10:20:47', '2024-11-30 10:20:47', NULL),
(79, 2, NULL, 'Practice', NULL, NULL, NULL, '13:05', '03:05', NULL, NULL, '12/05/2024', '13:05', '12/05/2024', '12/05/2024', 1, NULL, NULL, '2024-12-03 06:20:59', '2024-12-03 06:20:59', NULL),
(85, 2, NULL, 'Tournaments', '1', '84', NULL, NULL, NULL, '4', 'Amritsar, Punjab, India', '12/04/2024', '21:46', NULL, NULL, 1, NULL, NULL, '2024-12-03 16:11:17', '2024-12-03 16:11:17', NULL),
(92, 2, NULL, 'Game', '3', '93', NULL, NULL, NULL, '4', 'Amritsar, Punjab, India', '12/08/2024', '16:42', NULL, NULL, 1, NULL, NULL, '2024-12-07 11:07:59', '2024-12-07 11:07:59', NULL),
(93, 3, NULL, 'Game', '2', '92', NULL, NULL, NULL, '4', 'Amritsar, Punjab, India', '12/08/2024', '16:42', NULL, NULL, 1, NULL, NULL, '2024-12-07 11:07:59', '2024-12-07 11:07:59', NULL),
(95, 2, NULL, 'Practice', NULL, NULL, NULL, '16:44', '20:44', NULL, NULL, '12/09/2024', '16:44', '12/09/2024', '12/15/2024', 1, NULL, NULL, '2024-12-07 11:09:05', '2024-12-07 11:09:05', NULL),
(97, 2, NULL, 'Practice', NULL, NULL, NULL, '16:44', '20:44', NULL, NULL, '12/11/2024', '16:44', '12/11/2024', '12/15/2024', 1, NULL, NULL, '2024-12-07 11:09:05', '2024-12-07 11:09:05', NULL),
(99, 2, NULL, 'Practice', NULL, NULL, NULL, '16:44', '20:44', NULL, NULL, '12/13/2024', '16:44', '12/13/2024', '12/15/2024', 1, NULL, NULL, '2024-12-07 11:09:05', '2024-12-07 11:09:05', NULL),
(100, 2, NULL, 'Practice', NULL, NULL, NULL, '16:44', '20:44', NULL, NULL, '12/14/2024', '16:44', '12/14/2024', '12/15/2024', 1, NULL, NULL, '2024-12-07 11:09:05', '2024-12-07 11:09:05', NULL),
(101, 2, NULL, 'Practice', NULL, NULL, NULL, '16:44', '20:44', NULL, NULL, '12/15/2024', '16:44', '12/15/2024', '12/15/2024', 1, NULL, NULL, '2024-12-07 11:09:05', '2024-12-07 11:09:05', NULL),
(104, 2, NULL, 'Game', '3', '105', NULL, NULL, NULL, '4', 'Amritsar, Punjab, India', '12/10/2024', '16:05', NULL, NULL, 1, NULL, NULL, '2024-12-09 05:30:43', '2024-12-09 05:30:43', NULL),
(113, 3, NULL, 'Game', '2', NULL, NULL, NULL, NULL, '4', 'Mohali, Punjab, India', '12/12/2024', '13:45', NULL, NULL, 1, NULL, NULL, '2024-12-10 11:09:53', '2024-12-10 11:09:53', NULL),
(115, 2, NULL, 'Game', '3', NULL, NULL, NULL, NULL, '7', 'Mohali, Punjab, India', '12/16/2024', '15:00', NULL, NULL, 1, NULL, NULL, '2024-12-11 05:29:53', '2024-12-11 05:29:53', NULL),
(121, 2, NULL, 'Game', '3', NULL, NULL, NULL, NULL, '9', 'Dharamshala, Himachal Pradesh, India', '12/18/2024', '14:40', NULL, NULL, 1, NULL, NULL, '2024-12-12 07:53:39', '2024-12-12 07:53:39', NULL),
(122, 3, NULL, 'Tournaments', '2', NULL, NULL, NULL, NULL, '5', 'Amritsar, Punjab, India', '01/01/2025', '16:00', NULL, NULL, 1, '17-12-1', '2-1-0', '2024-12-12 10:32:27', '2025-02-20 07:40:50', NULL),
(127, 2, NULL, 'Practice', NULL, NULL, NULL, '11:22', '11:25', '5', 'Amritsar, Punjab, India', '12/17/2024', '11:22', '12/17/2024', '12/19/2024', 1, NULL, NULL, '2024-12-16 05:50:22', '2024-12-16 05:50:22', NULL),
(129, 2, NULL, 'Practice', NULL, NULL, NULL, '11:22', '11:25', '5', 'Amritsar, Punjab, India', '12/19/2024', '11:22', '12/19/2024', '12/19/2024', 1, NULL, NULL, '2024-12-16 05:50:22', '2024-12-16 05:50:22', NULL),
(130, 4, NULL, 'Game', '1', NULL, NULL, NULL, NULL, '8', 'Amritsar, Punjab, India', '12/20/2024', '02:47', NULL, NULL, 1, NULL, NULL, '2024-12-18 07:07:16', '2024-12-18 07:07:16', NULL),
(131, 3, NULL, 'Tournaments', '4', NULL, NULL, NULL, NULL, '4', 'Mohali, Punjab, India', '12/21/2024', '15:00', NULL, NULL, 1, NULL, NULL, '2024-12-19 07:15:07', '2024-12-19 07:15:07', NULL),
(132, 2, NULL, 'Tournaments', '1', NULL, NULL, NULL, NULL, '4', 'Amritsar, Punjab, India', '10/19/2024', '13:41', NULL, NULL, 1, NULL, NULL, '2024-12-19 08:09:50', '2024-12-19 08:09:50', NULL),
(133, 4, NULL, 'Game', '2', NULL, NULL, NULL, NULL, '5', 'Amritsar, Punjab, India', '01/10/2025', '16:40', NULL, NULL, 1, NULL, NULL, '2024-12-20 10:01:25', '2024-12-20 10:01:25', NULL),
(134, 4, NULL, 'Practice', NULL, NULL, NULL, '14:15', '15:15', '4', 'Mohali, Punjab, India', '12/29/2024', '14:15', '12/29/2024', '12/29/2024', 1, NULL, NULL, '2024-12-25 06:54:10', '2024-12-25 06:54:10', NULL),
(135, 1, NULL, 'Practice', NULL, NULL, NULL, '13:00', '15:00', '4', 'Mohali, Punjab, India', '12/28/2024', '13:00', '12/28/2024', '12/28/2024', 1, NULL, NULL, '2024-12-26 06:00:05', '2024-12-26 06:00:05', NULL),
(136, 3, NULL, 'Tournaments', '4', NULL, NULL, NULL, NULL, '5', 'Amritsar, Punjab, India', '12/30/2024', '15:00', NULL, NULL, 1, NULL, NULL, '2024-12-26 06:03:42', '2024-12-26 06:03:42', NULL),
(137, 3, NULL, 'Game', '4', NULL, NULL, NULL, NULL, '8', 'Amritsar, Punjab, India', '12/31/2024', '14:00', NULL, NULL, 1, NULL, NULL, '2024-12-26 06:04:57', '2024-12-26 06:04:57', NULL),
(138, 2, NULL, 'Tournaments', '4', NULL, NULL, NULL, NULL, '4', 'Mohali, Punjab, India', '01/02/2025', '17:30', NULL, NULL, 1, NULL, NULL, '2024-12-26 06:43:35', '2024-12-26 06:43:35', NULL),
(139, 2, NULL, 'Game', '1', NULL, NULL, NULL, NULL, '4', 'Mohali, Punjab, India', '01/03/2025', '18:00', NULL, NULL, 1, NULL, NULL, '2024-12-26 06:44:54', '2024-12-26 06:44:54', NULL),
(140, 2, NULL, 'Game', '4', NULL, NULL, NULL, NULL, '10', 'Chennai, Tamil Nadu, India', '01/04/2025', '15:00', NULL, NULL, 1, NULL, NULL, '2024-12-26 06:49:09', '2024-12-26 06:49:09', NULL),
(141, 3, NULL, 'Game', '4', NULL, NULL, NULL, NULL, '5', 'Amritsar', '01/07/2025', '09:00', NULL, NULL, 1, NULL, NULL, '2024-12-26 11:34:42', '2024-12-26 11:34:42', NULL),
(142, 3, NULL, 'Game', '4', NULL, NULL, NULL, NULL, '8', 'Amritsar, Punjab, India', '01/31/2025', '14:40', NULL, NULL, 1, NULL, NULL, '2025-01-07 07:34:27', '2025-01-07 07:34:27', NULL),
(143, 3, NULL, 'Tournaments', '4', NULL, NULL, NULL, NULL, '4', 'Mohali, Punjab, India', '02/16/2025', '11:00', NULL, NULL, 1, NULL, NULL, '2025-01-07 07:35:59', '2025-01-07 07:35:59', NULL),
(144, 2, NULL, 'Game', '3', NULL, NULL, NULL, NULL, '4', 'Mohali, Punjab, India', '02/15/2025', '11:30', NULL, NULL, 1, NULL, NULL, '2025-02-14 05:24:56', '2025-02-14 05:24:56', NULL),
(145, 2, NULL, 'Tournaments', '1', NULL, NULL, NULL, NULL, '4', 'Amsterdam, Netherlands', '02/15/2025', '16:21', NULL, NULL, 1, NULL, NULL, '2025-02-14 10:47:43', '2025-02-14 10:47:43', NULL),
(146, 2, NULL, 'Game', '3', NULL, NULL, NULL, NULL, '4', 'Mohali, Punjab, India', '02/20/2025', '11:30', NULL, NULL, 1, NULL, NULL, '2025-02-17 03:56:51', '2025-02-17 03:56:51', NULL),
(147, 4, NULL, 'Game', '2', NULL, NULL, NULL, NULL, '5', 'Amritsar, Punjab, India', '02/18/2025', '14:30', NULL, NULL, 1, NULL, NULL, '2025-02-17 03:58:23', '2025-02-17 03:58:23', NULL),
(148, 4, NULL, 'Practice', NULL, NULL, NULL, '15:00', '21:30', '4', 'Mohali, Punjab, India', '02/17/2025', '15:00', '02/17/2025', '02/17/2025', 1, NULL, NULL, '2025-02-17 04:00:10', '2025-02-17 04:00:10', NULL),
(149, 3, NULL, 'Tournaments', '2', NULL, NULL, NULL, NULL, '5', 'Amritsar, Punjab, India', '02/19/2025', '14:30', NULL, NULL, 1, NULL, NULL, '2025-02-18 04:00:01', '2025-02-18 04:00:01', NULL),
(150, 4, NULL, 'Game', '2', NULL, NULL, NULL, NULL, '4', 'Mohali, Punjab, India', '02/21/2025', '14:30', NULL, NULL, 1, NULL, NULL, '2025-02-19 05:41:01', '2025-02-19 05:41:01', NULL),
(151, 3, NULL, 'Game', '1', NULL, NULL, NULL, NULL, '8', 'Amritsar, Punjab, India', '02/22/2025', '15:00', NULL, NULL, 1, '17-12-1', '2-1-0', '2025-02-19 05:42:40', '2025-02-20 08:28:48', NULL),
(152, 1, NULL, 'Practice', NULL, NULL, NULL, '12:50', '14:50', '4', 'Amritsar, Punjab, India', '03/02/2025', '12:50', '03/02/2025', '03/05/2025', 1, NULL, NULL, '2025-02-20 03:16:54', '2025-02-20 03:24:18', NULL),
(153, 1, NULL, 'Practice', NULL, NULL, NULL, '12:50', '14:50', '4', 'Amritsar, Punjab, India', '02/24/2025', '12:50', '02/24/2025', '02/25/2025', 1, NULL, NULL, '2025-02-20 03:16:54', '2025-02-20 03:16:54', NULL),
(154, 1, NULL, 'Practice', NULL, NULL, NULL, '12:50', '14:50', '4', 'Amritsar, Punjab, India', '02/25/2025', '12:50', '02/25/2025', '02/25/2025', 1, NULL, NULL, '2025-02-20 03:16:54', '2025-02-20 03:16:54', NULL),
(155, 2, NULL, 'Practice', NULL, NULL, NULL, '13:54', '23:54', '4', 'Amritsar, Punjab, India', '02/23/2025', '13:54', '02/23/2025', '02/25/2025', 1, NULL, NULL, '2025-02-20 03:19:56', '2025-02-20 03:19:56', NULL),
(156, 2, NULL, 'Practice', NULL, NULL, NULL, '13:54', '23:54', '4', 'Amritsar, Punjab, India', '02/24/2025', '13:54', '02/24/2025', '02/25/2025', 1, NULL, NULL, '2025-02-20 03:19:56', '2025-02-20 03:19:56', NULL),
(157, 2, NULL, 'Practice', NULL, NULL, NULL, '13:54', '23:54', '4', 'Amritsar, Punjab, India', '02/25/2025', '13:54', '02/25/2025', '02/25/2025', 1, NULL, NULL, '2025-02-20 03:19:56', '2025-02-20 03:19:56', NULL),
(158, 2, NULL, 'Tournaments', '3', NULL, NULL, NULL, NULL, '4', 'Mohali, Punjab, India', '02/26/2025', '16:00', NULL, NULL, 1, NULL, NULL, '2025-02-24 07:16:51', '2025-02-24 07:16:51', NULL),
(159, 4, NULL, 'Game', '2', NULL, NULL, NULL, NULL, '5', 'Amritsar, Punjab, India', '02/27/2025', '14:00', NULL, NULL, 1, NULL, NULL, '2025-02-24 07:17:38', '2025-02-24 07:17:38', NULL),
(160, 4, NULL, 'Game', '2', NULL, NULL, NULL, NULL, '5', 'Amritsar, Punjab, India', '02/28/2025', '16:00', NULL, NULL, 1, NULL, NULL, '2025-02-24 07:22:02', '2025-02-24 07:22:02', NULL);

-- --------------------------------------------------------

--
-- Table structure for table `sessions`
--

CREATE TABLE `sessions` (
  `id` varchar(255) COLLATE utf8mb4_unicode_ci NOT NULL,
  `user_id` bigint UNSIGNED DEFAULT NULL,
  `ip_address` varchar(45) COLLATE utf8mb4_unicode_ci DEFAULT NULL,
  `user_agent` text COLLATE utf8mb4_unicode_ci,
  `payload` longtext COLLATE utf8mb4_unicode_ci NOT NULL,
  `last_activity` int NOT NULL
) ENGINE=InnoDB DEFAULT CHARSET=utf8mb4 COLLATE=utf8mb4_unicode_ci;

-- --------------------------------------------------------

--
-- Table structure for table `sports`
--

CREATE TABLE `sports` (
  `id` int NOT NULL,
  `name` varchar(256) DEFAULT NULL,
  `description` text,
  `status` int NOT NULL DEFAULT '1',
  `created_at` timestamp NOT NULL,
  `updated_at` timestamp NOT NULL,
  `deleted_at` timestamp NULL DEFAULT NULL
) ENGINE=InnoDB DEFAULT CHARSET=utf8mb4 COLLATE=utf8mb4_0900_ai_ci;

--
-- Dumping data for table `sports`
--

INSERT INTO `sports` (`id`, `name`, `description`, `status`, `created_at`, `updated_at`, `deleted_at`) VALUES
(1, 'Badminton', NULL, 1, '2024-11-19 09:43:13', '2024-11-20 10:45:58', NULL),
(2, 'Hocky', NULL, 1, '2024-11-19 09:53:27', '2024-11-20 09:51:12', NULL),
(5, 'Basketball', NULL, 1, '2024-11-20 09:52:18', '2024-11-20 09:52:34', NULL),
(6, 'Football', NULL, 1, '2024-11-20 10:45:26', '2024-11-20 10:45:26', NULL),
(7, 'Cricket', NULL, 1, '2024-11-20 10:45:41', '2024-11-20 10:45:41', NULL);

-- --------------------------------------------------------

--
-- Table structure for table `teams`
--

CREATE TABLE `teams` (
  `id` bigint UNSIGNED NOT NULL,
  `club_id` bigint UNSIGNED NOT NULL,
  `team_unique_id` varchar(256) COLLATE utf8mb4_unicode_ci DEFAULT NULL,
  `name` varchar(255) COLLATE utf8mb4_unicode_ci NOT NULL,
  `logo` varchar(256) COLLATE utf8mb4_unicode_ci DEFAULT NULL,
  `age_group` varchar(255) COLLATE utf8mb4_unicode_ci DEFAULT NULL,
  `season` varchar(255) COLLATE utf8mb4_unicode_ci DEFAULT NULL,
  `status` int DEFAULT '0',
  `created_at` timestamp NULL DEFAULT NULL,
  `updated_at` timestamp NULL DEFAULT NULL,
  `deleted_at` timestamp NULL DEFAULT NULL
) ENGINE=InnoDB DEFAULT CHARSET=utf8mb4 COLLATE=utf8mb4_unicode_ci;

--
-- Dumping data for table `teams`
--

INSERT INTO `teams` (`id`, `club_id`, `team_unique_id`, `name`, `logo`, `age_group`, `season`, `status`, `created_at`, `updated_at`, `deleted_at`) VALUES
(1, 1, 'CHI1NA', 'National American', NULL, '22', 'Winter 2024', 1, '2024-10-24 05:52:45', '2024-12-25 06:16:13', NULL),
(2, 1, 'CHI2NE', 'New york Team', 'uploads/teams/2/team_logo_1740033822.png', '20', 'Winter 2024', 1, '2024-10-24 07:43:38', '2025-02-20 06:43:42', NULL),
(3, 1, 'CHI3TH', 'The Blue Tigers', NULL, '20', 'Winter 2024', 1, '2024-11-21 06:09:29', '2024-11-21 06:09:29', NULL),
(4, 1, 'CHI4MU', 'Mumbai Indian', NULL, '24', 'Winter 2024', 1, '2024-12-18 06:40:58', '2024-12-18 06:40:58', NULL),
(5, 1, 'CHI5TE', 'Test logo team', 'uploads/teams/5/team_logo_1740033239.jpg', '29', 'jan', 1, '2025-02-20 06:33:59', '2025-02-20 06:33:59', NULL);

-- --------------------------------------------------------

--
-- Table structure for table `teams_team_administrators`
--

CREATE TABLE `teams_team_administrators` (
  `id` int NOT NULL,
  `team_id` int NOT NULL,
  `team_administrator_id` int NOT NULL,
  `user_id` int NOT NULL,
  `created_at` timestamp NOT NULL DEFAULT CURRENT_TIMESTAMP,
  `updated_at` timestamp NOT NULL DEFAULT CURRENT_TIMESTAMP
) ENGINE=InnoDB DEFAULT CHARSET=utf8mb4 COLLATE=utf8mb4_0900_ai_ci;

--
-- Dumping data for table `teams_team_administrators`
--

INSERT INTO `teams_team_administrators` (`id`, `team_id`, `team_administrator_id`, `user_id`, `created_at`, `updated_at`) VALUES
(9, 1, 3, 18, '2024-10-31 02:21:26', '2024-10-31 02:21:26'),
(13, 2, 8, 72, '2024-11-04 10:05:53', '2024-11-04 10:05:53'),
(30, 1, 26, 130, '2024-11-06 16:45:01', '2024-11-06 16:45:01'),
(32, 2, 28, 132, '2024-11-07 05:12:22', '2024-11-07 05:12:22'),
(34, 2, 30, 136, '2024-11-07 05:56:42', '2024-11-07 05:56:42'),
(35, 2, 31, 138, '2024-11-07 11:53:42', '2024-11-07 11:53:42'),
(38, 2, 33, 140, '2024-11-08 05:08:44', '2024-11-08 05:08:44'),
(39, 2, 34, 146, '2024-11-08 06:25:54', '2024-11-08 06:25:54'),
(41, 1, 36, 148, '2024-11-08 07:14:04', '2024-11-08 07:14:04'),
(42, 1, 37, 150, '2024-11-08 07:20:16', '2024-11-08 07:20:16'),
(48, 2, 40, 155, '2024-11-08 10:32:03', '2024-11-08 10:32:03'),
(49, 1, 41, 156, '2024-11-08 10:37:37', '2024-11-08 10:37:37'),
(50, 1, 42, 158, '2024-11-09 06:53:05', '2024-11-09 06:53:05'),
(55, 2, 47, 176, '2024-12-02 06:07:44', '2024-12-02 06:07:44'),
(57, 4, 38, 152, '2024-12-18 06:58:34', '2024-12-18 06:58:34'),
(58, 3, 4, 49, '2024-12-26 10:15:50', '2024-12-26 10:15:50'),
(59, 3, 35, 147, '2024-12-26 10:16:47', '2024-12-26 10:16:47'),
(60, 4, 43, 160, '2024-12-26 10:17:17', '2024-12-26 10:17:17'),
(61, 2, 29, 133, '2025-02-13 10:12:36', '2025-02-13 10:12:36'),
(62, 3, 29, 133, '2025-02-13 10:12:36', '2025-02-13 10:12:36');

-- --------------------------------------------------------

--
-- Table structure for table `users`
--

CREATE TABLE `users` (
  `id` bigint UNSIGNED NOT NULL,
  `is_online` varchar(256) COLLATE utf8mb4_unicode_ci NOT NULL DEFAULT 'false',
  `login_time` varchar(256) COLLATE utf8mb4_unicode_ci DEFAULT NULL,
  `name` varchar(255) CHARACTER SET utf8mb4 COLLATE utf8mb4_unicode_ci DEFAULT NULL,
  `last_name` varchar(256) COLLATE utf8mb4_unicode_ci DEFAULT NULL,
  `role` varchar(256) COLLATE utf8mb4_unicode_ci NOT NULL,
  `email` varchar(255) COLLATE utf8mb4_unicode_ci NOT NULL,
  `email_verified_at` timestamp NULL DEFAULT NULL,
  `password` varchar(255) COLLATE utf8mb4_unicode_ci NOT NULL,
  `phone` varchar(256) COLLATE utf8mb4_unicode_ci DEFAULT NULL,
  `dob` varchar(256) COLLATE utf8mb4_unicode_ci DEFAULT NULL,
  `gender` varchar(256) CHARACTER SET utf8mb4 COLLATE utf8mb4_unicode_ci DEFAULT 'Male',
  `profile_picture` varchar(256) CHARACTER SET utf8mb4 COLLATE utf8mb4_unicode_ci DEFAULT NULL,
  `jersey_no` varchar(256) COLLATE utf8mb4_unicode_ci DEFAULT NULL,
  `dashboard_banner_1` varchar(256) COLLATE utf8mb4_unicode_ci DEFAULT NULL,
  `dashboard_banner_2` varchar(256) COLLATE utf8mb4_unicode_ci DEFAULT NULL,
  `status` int NOT NULL DEFAULT '1',
  `unread_count` varchar(256) COLLATE utf8mb4_unicode_ci DEFAULT NULL,
  `remember_token` varchar(100) COLLATE utf8mb4_unicode_ci DEFAULT NULL,
  `created_at` timestamp NULL DEFAULT NULL,
  `updated_at` timestamp NULL DEFAULT NULL,
  `deleted_at` timestamp NULL DEFAULT NULL
) ENGINE=InnoDB DEFAULT CHARSET=utf8mb4 COLLATE=utf8mb4_unicode_ci;

--
-- Dumping data for table `users`
--

INSERT INTO `users` (`id`, `is_online`, `login_time`, `name`, `last_name`, `role`, `email`, `email_verified_at`, `password`, `phone`, `dob`, `gender`, `profile_picture`, `jersey_no`, `dashboard_banner_1`, `dashboard_banner_2`, `status`, `unread_count`, `remember_token`, `created_at`, `updated_at`, `deleted_at`) VALUES
(1, '1', '2025-02-26 04:02:58', 'Cody', 'Altizer', 'club', 'codyaltizer@gmail.com', NULL, '$2y$12$elhF/.g/DcQHCskrcXue/ONJnE.z1pn2dTr85y9JgiASfocav8mVy', '9815296737', '1994-02-11', 'Male', 'pictures/1734602604_Untitled design (67).jpg', '25', 'assets/banner1_1739948175.jpg', 'assets/banner2_1739948175.png', 1, '152', 'Ohz67bPHv84tLLX92zlBiEETUZvRaurDYVPqGUA2CCxcAmmKQBuXYf9xD1j3', NULL, '2025-02-26 04:02:58', NULL),
(3, '0', '2025-02-17 05:38:23', 'Gurjeet', 'Singh', 'club', 'gurjeet@gmail.com', NULL, '$2y$12$MqDhSNP9fhKV6zz4qHSTtuZVcguZaG628rVR6yJbIfS7SaAUZe/gK', '9815296737', '1994-02-11', 'Male', 'pictures/1735639396_Untitled design (70).jpg', NULL, NULL, NULL, 1, '146', '4RYpbIzSSixH0BdaNw4kjQrnqjz9KgvqX5u8hXVTeLJBVb8cYCuEGVqwzhTu', '2024-10-24 05:26:00', '2025-02-17 06:26:53', NULL),
(4, '0', '2025-02-03 03:23:15', 'John', 'deo', 'player', 'John@gmail.com', NULL, '$2y$12$GOTNB5fZ2y7C9FJsSSM2puWN1L1BvLCHCrAe7Dbtndp4A2ZeUpeuy', '1234567891', '09/12/1989', 'Male', 'teams//pictures/1735020803_Untitled design (61).jpg', NULL, NULL, NULL, 1, '44', NULL, '2024-10-24 05:58:04', '2025-02-03 07:47:39', NULL),
(5, '0', NULL, 'sam', 'deo', 'player_administrator', 'sam@gmail.com', NULL, '$2y$12$QR3.Xu4PSrkfHQwogePe0eKCcIEhsWXogcUOKp8AXkzxAGTYzDnsm', '9872324761', NULL, NULL, NULL, NULL, NULL, NULL, 1, NULL, NULL, '2024-10-24 06:11:15', '2024-12-24 06:13:23', NULL),
(6, '0', '2025-02-21 05:17:46', 'Alex', 'Morgan', 'player', 'Alex@gmail.com', NULL, '$2y$12$mrxeuq6JX6aO0/MRWWb/ruyJRA5hNrYzmid6ZOiurnLQIGwzz4nEq', '6532124587', '05/05/2005', 'Male', 'teams//pictures/1734930835_Untitled design (63).jpg', NULL, NULL, NULL, 1, '86', 'Mf7sNzEcllOzYkKh3b2MpYrYDhNaVMFNF5pvGuz7GSmq9KxrOrkstru2sAnx', '2024-10-24 06:35:49', '2025-02-21 05:36:17', NULL),
(7, '0', NULL, 'Tyler T-admin', NULL, 'administrator', 'Tyler@gmail.com', NULL, '$2y$12$6m7eL.4pO8rWNuxIUT9QLeTVQ3nQ3qRUmoYN2/Sndzt2t7DLfN7YG', NULL, NULL, NULL, NULL, NULL, NULL, NULL, 1, NULL, NULL, '2024-10-24 06:41:30', '2024-10-24 06:41:30', NULL),
(14, '0', NULL, 'test1', NULL, 'administrator', 'test1@gmail.com', NULL, '$2y$12$Og4hOvokicxk4bgYM8tcR.LnjR8/mj9lxIzJ52ZKjXT5bM7ioCjGm', NULL, NULL, NULL, NULL, NULL, NULL, NULL, 1, NULL, NULL, '2024-10-24 08:49:15', '2024-10-24 08:49:15', NULL),
(18, '0', '2025-02-25 01:27:49', 'oleg Tadmin', NULL, 'administrator', 'Oleg@gmail.com', NULL, '$2y$12$9W2dWF.00U6mxPx/km7qw./G75xzDdhfeYqcmzd01MFsZzEjckhz.', NULL, NULL, NULL, 'profile_pictures/1730266414_payer2.png', NULL, NULL, NULL, 1, '66', 'tE6qNLiQZjgngulCpEKvrSUMHzY4nghY2UVgc9SGdf6kuNDVub6ZkjKRFb9H', '2024-10-24 11:21:18', '2025-02-25 01:28:00', NULL),
(20, '0', NULL, 'Master', NULL, 'master', 'master@gmail.com', NULL, '$2y$12$Og4hOvokicxk4bgYM8tcR.LnjR8/mj9lxIzJ52ZKjXT5bM7ioCjGm', NULL, NULL, NULL, NULL, NULL, NULL, NULL, 1, NULL, NULL, NULL, NULL, NULL),
(48, '0', '2025-02-14 04:26:00', 'Priya', 'sharma', 'club', 'testmyproject37@gmail.com', NULL, '$2y$12$UqVbxrSOLAVKa/iSKheUsu7JPDgbICpSHKhlSBdYTSiXwXHutOmTy', NULL, NULL, NULL, 'pictures/1730263818_clipboard (2).png', NULL, NULL, NULL, 1, '146', 'rYYRHS7pTJQPMiVn7hewfAvuK8sficlb3zYFhXhS2ok0Q18fWrizU0df4E6H', '2024-10-30 04:50:19', '2025-02-14 05:23:09', NULL),
(49, '0', '2025-02-13 10:02:42', 'Manish', 'sharma', 'administrator', 'manish@gmail.com', NULL, '$2y$12$5EKUS7Mhclgaarojilu6hedGGPxf0gItvkzkHO5eoYZ/RKd8pmQOe', NULL, NULL, NULL, NULL, NULL, NULL, NULL, 1, NULL, NULL, '2024-10-30 05:35:47', '2025-02-13 10:03:46', NULL),
(67, '0', NULL, 'Joy 1', 'Joy 2', 'administrator', 'joy@gmail.com', NULL, '$2y$12$8TRUOeFdMeTDmT2tMvdOIeZss1l6gi1J0MPmKL.RMyQsPmKZsAGea', '4545454545', NULL, NULL, NULL, NULL, NULL, NULL, 1, NULL, 'C3MIJOMxFDRycdZZ32pywu1QjqJqzsVBdenl5rJ70DqhqL86A2NHYRqlFUSL', '2024-11-01 07:32:56', '2024-11-01 07:38:01', NULL),
(68, '0', NULL, 'sda', 'asda', 'administrator', 'lkg@gmail.com', NULL, '$2y$12$NZqDC.dKWf/llILaRdVa0Oguw1UD8KW0mOJoiUnOWwy6cC8K98OSa', '4545454545', NULL, NULL, NULL, NULL, NULL, NULL, 1, NULL, 'XAg2r0UqNOVaCe31VD4j3OGXEIogeddJWlZbjXmEeKGz1RD6HSrqsEUY5Xki', '2024-11-01 07:45:31', '2024-11-01 07:45:47', NULL),
(70, '0', NULL, 'Mon First', 'Mon last', 'administrator', 'monday1@gmail.com', NULL, '$2y$12$LevkqAuEjGexkBPBeTrqEewd/6Ubdvs9ASxAHIP4.lmVIxescg4CK', '4545454545', NULL, NULL, NULL, NULL, NULL, NULL, 1, NULL, 'FAkTXS3duA2ap9OSW7WaDiSH15M683ZdLZqcU0qQtgRTMlTLrDhoY4slJS4x', '2024-11-04 02:45:09', '2024-11-04 02:45:39', NULL),
(71, '0', '2025-02-14 11:42:59', 'Paljinder', 'Singh', 'club', 'paljinder3@gmail.com', NULL, '$2y$12$9W2dWF.00U6mxPx/km7qw./G75xzDdhfeYqcmzd01MFsZzEjckhz.', '9874646464', '12/11/1988', 'Male', 'pictures/1734521821_Untitled design (57).jpg', NULL, NULL, NULL, 1, '143', NULL, '2024-11-04 07:48:44', '2025-02-14 11:43:31', NULL),
(72, '0', NULL, 'Surjit', 'Singh', 'administrator', 'surjit@gmail.com', NULL, '$2y$12$FoyWYGwXgHpXskrs87Uw6e6b5wZ8FPI2lH9WOqYh7sdf1yg0DXQam', '1234567890', NULL, NULL, NULL, NULL, NULL, NULL, 1, '51', '08z67TbCC1OuvmJLJuvWRbx5yz8NI3EO8fNNtfhO70GpT5pRW873RJNWSHIa', '2024-11-04 09:49:47', '2025-02-04 04:22:09', NULL),
(74, '0', NULL, 'dff', 'fdsf', 'administrator', 'lkh@gmail.com', NULL, '$2y$12$8tiEEU2v7rdBntZeDsreCuoJMvNaBkEBVzAif1QIpSIsmV0FVu3ny', '4545454545', NULL, NULL, NULL, NULL, NULL, NULL, 1, NULL, 'SFnPcIM6hSvaT6qdTDWqpXxt0bqJ1rImwKdzFvK9k8RXMHituBi1ORR5Cxn3', '2024-11-05 06:26:37', '2024-11-05 06:27:54', NULL),
(95, '0', NULL, 'bnbv', 'bvnbv', 'administrator', 'pal@gmail.com', NULL, '$2y$12$9W2dWF.00U6mxPx/km7qw./G75xzDdhfeYqcmzd01MFsZzEjckhz.', '4545454545', NULL, NULL, NULL, NULL, NULL, NULL, 1, NULL, 'J3fiIDKscoRz3haXgbPM8EjCJ59wt2A9y0ZWoZZNPO0fRaqBWwCcNj6UngQU', '2024-11-06 06:00:00', '2024-11-06 06:00:25', NULL),
(96, '0', NULL, 'vcxv', 'vxc', 'administrator', '9@gmail.com', NULL, '$2y$12$s1jsrV/.5CuMvmouxRFGOOGme520MC9et8m28oHiMsvVPWPm5F0hu', '4545454545', NULL, NULL, NULL, NULL, NULL, NULL, 1, NULL, 'agdYTR6VPYFqV9tE0NNkKL76YqMV2ij1Ee1GlMWNSYwYJzNC95ACJY5MxHiv', '2024-11-06 06:01:37', '2024-11-06 06:02:07', NULL),
(97, '0', NULL, 'ryee', 'tryrty', 'administrator', 'nal@g.com', NULL, '$2y$12$Rd4TNPVW3fRCuIBSy7aP9.tVmlgngGY.tkurKyw73J24mjjk.2Cde', '4545454545', NULL, NULL, NULL, NULL, NULL, NULL, 1, NULL, 'zDsav0z1Nkw63xcDJSq8D6XplQQv3hKUwg3XMoFrqaRIqHVkK5t34E9MFUGH', '2024-11-06 06:03:48', '2024-11-06 06:04:48', NULL),
(98, '0', NULL, 'ggfhhnn', 'nbvnbv', 'administrator', '23@gmail.com', NULL, '$2y$12$D82U8KQ9C23Wlp/kxpPr0eEdIG0fgQqZti1n399m//0McG5FEDkAe', '4545454545', NULL, NULL, NULL, NULL, NULL, NULL, 1, NULL, '9iuRJOHrvQe6kJ89lh5F7dUO3SwTYaOuZsmtfm0OJYORQ5MnkpR4rcjaFH1J', '2024-11-06 06:08:38', '2024-11-06 06:45:51', NULL),
(101, '0', NULL, 'gfdgfd', 'gdfgdg', 'administrator', '98@gmail.com', NULL, '$2y$12$3k.lfgSYQKcOHFEDJf36hOaYskkd5IMxPim0uwnUIVjuobHx9Rtd6', '4545454545', NULL, NULL, NULL, NULL, NULL, NULL, 1, NULL, 'Z1UOA5gLhvOp2VhL9rgqK0qkZxOYPCyfxZx3pQUjp584uUWayjyMVpmwYTKG', '2024-11-06 07:02:24', '2024-11-06 07:02:41', NULL),
(102, '0', NULL, 'yres', 'tyyy', 'administrator', 'kli@gmail.com', NULL, '$2y$12$P2PTt7QMJIAKXWKbr.h5s.BlVgj.ppKSlfDj939t5zK1/7NZ2xS.y', '4545454545', NULL, NULL, NULL, NULL, NULL, NULL, 1, NULL, '5AoEA04wmrEolrMWZ6m8DIPCrFFVjPDiNzG8xOM4k6UaGyc48uYBnWsvvAhV', '2024-11-06 07:04:53', '2024-11-06 07:06:07', NULL),
(103, '0', NULL, 'Raman', 'Kumar', 'player_administrator', 'raman@gmail.com', NULL, '$2y$12$RWlSyG7tcmAsFBN60rMOa.LVIVbaQXitRotfwL5cAH4eMNcnDYO5y', '0123456789', NULL, NULL, NULL, NULL, NULL, NULL, 1, NULL, 'to3xAnuChtislq4DdkJKjA0QSTeRgC63nI0bGhXHtSnQL7wRQKW9ZQbfRfXV', '2024-11-06 09:37:59', '2024-12-23 05:13:55', NULL),
(106, '0', NULL, 'lhhhh', 'fgfgdf', 'administrator', 'dsds333aaa3@gmail.com', NULL, '$2y$12$gQsrbQftAOLDWY3DizzBSeR6PjomaYXPszvzF6EKducIbwtErb2KK', '4545454545', NULL, NULL, NULL, NULL, NULL, NULL, 1, NULL, NULL, '2024-11-06 14:20:06', '2024-11-06 14:20:06', NULL),
(108, '0', NULL, 'lhhhh', 'fgfgdf', 'administrator', 'dsds333aaad3@gmail.com', NULL, '$2y$12$vQRBoi/wEa1COmqQwrZBcedvZEBklwVvjYilt3TJP5fMnziin8fAS', '4545454545', NULL, NULL, NULL, NULL, NULL, NULL, 1, NULL, 'bNyNwOfQFa04WWf6kJ10kj3tfVp9WBvVzLjpr6TLNyrOSeheiCGVbaximFrl', '2024-11-06 14:22:17', '2024-11-06 14:22:17', NULL),
(110, '0', NULL, 'ikujy', 'ytjyt', 'administrator', 'sdddd@g.com', NULL, '$2y$12$rmhk68L/pk1REnN3cX4QBOsTkb.QtWoL2QKsnr8VsopuAYsfkp5Oi', '4545454545', NULL, NULL, NULL, NULL, NULL, NULL, 1, NULL, 'vuMeEEAiuh0k3fAj9mzBIc35AVy8JaSJYF7cgxf95Q21AmXxyKhPolHjnM8j', '2024-11-06 14:24:07', '2024-11-06 14:24:07', NULL),
(111, '0', NULL, 'dsa', 'das', 'administrator', 'dsds33a33@gmail.com', NULL, '$2y$12$.tZMgvdZPevAKg2q/EL4NemHqmh7qT3gELYDx4/ZPD4B7E68VdaVK', '4545454545', NULL, NULL, NULL, NULL, NULL, NULL, 1, NULL, 'bAnoSy75c50lUV9kVBG7ucmozVVcUplJ85UGoAuBTadbbv8tmqc9E9LSe5LJ', '2024-11-06 15:42:36', '2024-11-06 15:42:36', NULL),
(112, '0', NULL, 'dsd', 'dsad', 'administrator', 'nne@g.com', NULL, '$2y$12$U1DCXnRkIptWu85cEwRwRuXpI7n9sO0LHw2g7fpgBXbXbIdl.sIgu', '4545454545', NULL, NULL, NULL, NULL, NULL, NULL, 1, NULL, 'BwuGnEqzQ8BVXpb1x4zJivrUveHBevLGmG51kKjSp6sm1KkXR7QHyIyvBhEe', '2024-11-06 15:46:44', '2024-11-06 15:46:44', NULL),
(113, '0', NULL, 'dsd', 'rtre', 'administrator', 'a@gmail.com', NULL, '$2y$12$POsKrklQSCTkGUuf/5jptOeQRQmdH47z.ktRz5zvO7Zdhqi9bs1Ji', '4545454545', NULL, NULL, NULL, NULL, NULL, NULL, 1, NULL, 'Lob5MNIrLEPs7c5tx2mJXsKbsDdAtwQSYQ8ILwX3O7A4KpnDZPPBa6jqpl8z', '2024-11-06 15:53:55', '2024-11-06 15:53:55', NULL),
(130, '0', NULL, 'paljinder', 'singh', 'administrator', 'paljinder4@gmail.com', NULL, '$2y$12$9W2dWF.00U6mxPx/km7qw./G75xzDdhfeYqcmzd01MFsZzEjckhz.', '9915482378', NULL, NULL, NULL, NULL, NULL, NULL, 1, '45', 'qiM03dDsoGVwRmE4GlyS2GIsr4D69ElF06biU3deDOvRj5etTn4nptgDXmoM', '2024-11-06 16:45:01', '2025-02-03 07:47:39', NULL),
(131, '0', NULL, 'first', 'last', 'administrator', 'paljinder5@gmail.com', NULL, '$2y$12$9W2dWF.00U6mxPx/km7qw./G75xzDdhfeYqcmzd01MFsZzEjckhz.', '9915482378', NULL, NULL, NULL, NULL, NULL, NULL, 1, NULL, 'ixOykigtC9pe9X51x8ounQzfiIEbdGjLVwm6PJy6V5RRGyLcn1wFmjH9z8m0', '2024-11-06 16:51:43', '2024-11-06 16:51:43', NULL),
(132, '0', '2025-02-13 10:11:49', 'Nikhil', 'Kumar', 'administrator', 'nikhil@gmail.com', NULL, '$2y$12$cLMeUAwEb5M0NmRC7NjSOOxT980UMB4Ylw/GvAoRqt0NkDjMFdRci', '0123456789', NULL, NULL, NULL, NULL, NULL, NULL, 1, '75', 'emDXYD475tHPZjXij5FYGNQuVMo1jhfWVaMov5pydPNb7rAZfkjKkxKE8MGq', '2024-11-07 05:12:22', '2025-02-13 10:13:34', NULL),
(133, '0', '2025-02-14 11:43:47', 'Malkeet', 'Singh', 'administrator', 'malkeet@gmail.com', NULL, '$2y$12$v68ecfMIFoGIfjyYRuzouuR8daOBrQlQ60rbIOsNCfiO5niICATum', '0123456678', NULL, NULL, NULL, NULL, NULL, NULL, 1, '75', 'I9svENPfv6UtAA7u131a7mg8ZVyjpYhorDWl7fReJUVs3dqkaurtXBXQd5ii', '2024-11-07 05:35:53', '2025-02-15 01:43:28', NULL),
(134, '0', NULL, 'kamal', 'Kumar', 'player_administrator', 'kamal@gmail.com', NULL, '$2y$12$8Y31OrDKRSRAK81PAqZ.YutjAWLFp9HobK50UuxA4LO/gEcQrwepO', '0123456789', NULL, NULL, NULL, NULL, NULL, NULL, 1, NULL, 'xKdH3nZZoMVttUPqBMDHcbNYeqkpXf2FwPaOoYMwCrZBPLSEV43zsEgj8sEB', '2024-11-07 05:43:40', '2024-12-23 05:13:55', NULL),
(135, '0', NULL, 'Mahesh', 'Kumar', 'player_administrator', 'mahesh@gmail.com', NULL, '$2y$12$PcYnBEJhbtxWwFEmNhXSJOMX7wxlHjNh48HQoU198kP7.FfG.Et66', '0123456789', NULL, NULL, NULL, NULL, NULL, NULL, 1, NULL, 'IhDEBBNrT9htcSvgSMjgRLCpJPnuqseW871Y4c9d0CBgIqRAZpwHxlCxg4Sx', '2024-11-07 05:54:46', '2024-12-23 05:13:55', NULL),
(136, '0', NULL, 'karan', 'sharma', 'administrator', 'karan@gmail.com', NULL, '$2y$12$0TdbasSpnFfCK6iQQfJCUuge9SYg7W5aqA8koTdC5ncR4AtasvJ.G', '1234567890', NULL, NULL, NULL, NULL, NULL, NULL, 1, NULL, 'uANLG8vCsyq02n9p202YcdI4s5VgcbB6jCrSXWI9qjviUPukqpVA1sITpPaL', '2024-11-07 05:56:42', '2025-02-04 04:22:09', NULL),
(137, '0', '2025-02-25 01:28:10', 'Shivam', 'kumar', 'player', 'shivam@gmail.com', NULL, '$2y$12$O.VbaF2bqxXkv7asbHAXoersjt8O7t6Sa5hd06z86oT1x4wozA.lW', NULL, NULL, NULL, 'teams//pictures/1734931865_Untitled design (70).jpg', NULL, NULL, NULL, 1, '90', NULL, '2024-11-07 06:03:44', '2025-02-25 11:22:07', NULL),
(138, '0', NULL, 'Sahil', 'Sehgal', 'administrator', 'sahil@netsoftlab.com', NULL, '$2y$12$nwBRJY29iNo.UmQnDuWGduCpmE8F/6salSEFprV.2I21bERBY5bYW', '09781178611', NULL, NULL, NULL, NULL, NULL, NULL, 1, '76', 'CYA62fjAUIfVJSRmCBcyHbAZMMvVUQ9KGYOtKUgcYnFx5hG7CCZ4PWmhTcWM', '2024-11-07 11:53:42', '2025-02-04 04:22:09', NULL),
(139, '0', NULL, 'dfs', 'fdf', 'administrator', 'dtd@gmail.com', NULL, '$2y$12$9kh4DyFVKHxJ1d3ORiAAiuMAqVpjXoYELaToo/OTsPOTN9z8wp8Fe', '4545454545', NULL, NULL, NULL, NULL, NULL, NULL, 1, NULL, 'NjArBFm8zhdDbvIGI5ByGbeXHYnfX3htkJjB9hWFf5jX0WW6JYxEVB0wy9AZ', '2024-11-08 05:02:43', '2024-11-08 05:02:43', NULL),
(140, '0', '2025-02-13 10:00:22', 'Ramit', 'kumar', 'administrator', 'ramit@gmail.com', NULL, '$2y$12$7cI3EpaynbgI9KvcvzcxIey3QX9erLuSDzzd4dy5oYsXZzpR2T6lq', '0123456789', NULL, NULL, 'profile_pictures/1731043248_clipboard.png', NULL, NULL, NULL, 1, NULL, 'wLRYc6Uz5RlxinYy3meA5y5lo3onbDiCDavJ88L54Ils2GieSijgSoGmKGB5', '2024-11-08 05:08:44', '2025-02-13 10:02:38', NULL),
(141, '0', NULL, 'Cheeku', 'Don', 'player_administrator', 'cheeku@gmail.com', NULL, '$2y$12$.0gOhk0NOZXzvJpcFhaeu.FhvPO6o06JiyTHs0k0Zhuf6qVBJpF7y', '0123456789', NULL, NULL, NULL, NULL, NULL, NULL, 1, NULL, 'jb3TFmeK8x7yVsa99QHd4pFIXARhmNTjuzkRu5mQ8KIPM1GWG4HhGnf4kbPa', '2024-11-08 05:32:47', '2025-01-21 07:09:48', NULL),
(142, '0', NULL, 'Mannu', 'Gill', 'player', 'mannu@gmail.com', NULL, '$2y$12$cShmGphj3A3snVUTqD3YaOxBEMVKpCgqlXpfH1SpKmHDwClBTcCz6', '1234567890', '01/01/1999', 'Male', 'teams//pictures/1736596039_Untitled design (61).jpg', NULL, NULL, NULL, 1, '41', NULL, '2024-11-08 05:57:33', '2025-02-03 07:47:39', NULL),
(143, '0', NULL, 'Prince', NULL, 'player', 'prince@gmail.com', NULL, '$2y$12$Dnbs/CqRiNwT.ybP6GZuu.3KkEft8X6qE/hEJlYnHXJ8K7./URe7K', NULL, NULL, NULL, NULL, NULL, NULL, NULL, 1, NULL, NULL, '2024-11-08 06:01:55', '2025-02-03 07:47:39', NULL),
(144, '0', '2025-02-03 07:42:55', 'manisha', NULL, 'player', 'manisha@gmail.com', NULL, '$2y$12$JEPbWZemD5NfgQb5r1Rx0uk.lsLj7ZWncnBgLtTCzLxE3WHowhohG', NULL, NULL, NULL, 'teams//pictures/1738037463_1731046609_clipboard (3).png', NULL, NULL, NULL, 1, '95', NULL, '2024-11-08 06:16:49', '2025-02-04 04:22:09', NULL),
(145, '0', NULL, 'Jelly', NULL, 'player', 'jelly@gmail.com', NULL, '$2y$12$zftWgT0VW4GY06xboohE9u/iWf1.qju2kd.G/Qg1MAqh/q1ehhvr6', NULL, NULL, NULL, NULL, NULL, NULL, NULL, 1, NULL, NULL, '2024-11-08 06:23:22', '2025-02-03 07:47:39', NULL),
(146, '0', NULL, 'Nikki', 'Don', 'administrator', 'nikki@gmail.com', NULL, '$2y$12$59KNw8TmE23j/YtHnNMULeKVljbJQe1DbAkjK1hgBFTPsopHClhnS', '1234567890', NULL, NULL, NULL, NULL, NULL, NULL, 1, NULL, 'z2uCJNIwHmxI8TQ9qI7dcfYurRUEt4eDHps1rzm31KzkCZDRPFla5B7f169y', '2024-11-08 06:25:54', '2025-02-04 04:22:09', NULL),
(147, '0', '2025-02-13 10:03:51', 'Sameer', 'khanna', 'administrator', 'sameer@gmail.com', NULL, '$2y$12$A.VOOkZrm/QVp.79hMUNXe0FzTIqKrBHmAQhhYf9jzzc6rhvcXFk2', '1234567890', NULL, NULL, NULL, NULL, NULL, NULL, 1, NULL, 'TXrgJyMVmACMIKlQEEx9zcbg5TJuARBgFQaAMOEdgQtfobipS2aQnMiiYxNd', '2024-11-08 06:45:41', '2025-02-13 10:05:09', NULL),
(148, '0', NULL, 'Anil', 'don', 'administrator', 'anil@gmail.com', NULL, '$2y$12$IDtvHQSi/eYoYHqGFddYn.ci0blZYvuQ9nDt/WKd/d7wfWCgrQX/u', '1234567890', NULL, NULL, NULL, NULL, NULL, NULL, 1, NULL, 'To1ZK2TEDr2eJNCaRrlmrcLMoA0KxYY4C2z7qAFgZqBchPh3DGRlt83Jl0Ya', '2024-11-08 07:14:04', '2025-02-03 07:47:39', NULL),
(149, '0', NULL, 'Peelu', 'don', 'player_administrator', 'peelu@gmail.com', NULL, '$2y$12$NyL.wV/K90aWxZmKLhCmsuEpyR5WSuCJJwkJc4EjO5rLG9SYL/40m', '1234567890', NULL, NULL, NULL, NULL, NULL, NULL, 1, NULL, 'YXODk1Pgjm2xa6YkeEzibMPi0iIoh8xwCYNSiHJ2KtOlot6JjCsWJEmivDnP', '2024-11-08 07:15:55', '2025-01-11 11:47:19', NULL),
(150, '0', NULL, 'Dev', 'maan', 'administrator', 'dev@gmail.com', NULL, '$2y$12$GcdeLHLn6vSRD95woTzmDuMacUFhHpOuMlEiXd9xMsflwAAInejvu', '0123456789', NULL, NULL, NULL, NULL, NULL, NULL, 1, NULL, 'eteT0JTgHX59ilV9MQqhWJvoH5neGTE1IUqqebAOVajBxvsfdo4I0eKeYhxr', '2024-11-08 07:20:16', '2025-02-03 07:47:39', NULL),
(151, '0', NULL, 'Robin', 'Sharma', 'player_administrator', 'robin@gmail.com', NULL, '$2y$12$mo/9tImjBXzADY0QIM71ROF3QH/wmK/mUD13nDZo./NKwhqkiHVTi', '1234567890', NULL, NULL, NULL, NULL, NULL, NULL, 1, NULL, 'ZFAXjTp9djeeToC6haLOnticEHPOIpKHN7D6kjc8oxBgouvM14v4g8vkv2m1', '2024-11-08 08:09:32', '2024-11-08 08:09:32', NULL),
(152, '0', '2025-02-13 10:08:01', 'Ajit', 'mishra', 'administrator', 'ajit@gmail.com', NULL, '$2y$12$aS5nEnPgOkddPHGaLlWC9uwLm8EduDkYTsKBdxPNxFPzlzaVj8tW6', '1234567890', NULL, NULL, NULL, NULL, NULL, NULL, 1, '6', 'MhB7yCgyWuFzlcEsssSXiMm65xBva5lQQT6tqd5F2i8fFXGjEdI8BVAm25kH', '2024-11-08 08:11:21', '2025-02-13 10:11:59', NULL),
(153, '0', NULL, 'test first onss', 'test last ons', 'administrator', 'kot@gmail.com', NULL, '$2y$12$CwdGkpWIjLL/Hf0R.j31RuKwieFbRED6qaFzAUB8HYcDgHgTBl15.', NULL, NULL, NULL, NULL, NULL, NULL, NULL, 1, NULL, NULL, '2024-11-08 08:37:22', '2024-11-08 08:43:47', NULL),
(155, '0', '2025-02-13 09:55:53', 'jass', 'Gill', 'administrator', 'jass@gmail.com', NULL, '$2y$12$V8RERGBHNDhxPc.NwU93F.gugV7ui.mA8Z9MsQ3ealcrIvbgmxTdq', '0123456789', NULL, NULL, NULL, NULL, NULL, NULL, 1, '75', 'VZ21l5h4gI87H0LqMt5Jpu0erpmbTLdnfeGzSVf4XT8LI55otiQqvDwGNkSj', '2024-11-08 10:32:03', '2025-02-13 09:57:05', NULL),
(156, '0', NULL, 'kannu', 'sharma', 'administrator', 'kannu@gmail.com', NULL, '$2y$12$.aP2axTmFjBX3IsZPrwkW.HoyfWGacu8f2SB1ihCCDNajl04uMQKa', '0123456789', NULL, NULL, NULL, NULL, NULL, NULL, 1, NULL, 'BvKQo25yr0y3MuMVOztr2beHU63bxlwuCAd4d8LJsR4wsztWLrIFJ5WqFEGf', '2024-11-08 10:37:37', '2025-02-03 07:47:39', NULL),
(157, '0', NULL, 'munna', 'bhai', 'player_administrator', 'munna@gmail.com', NULL, '$2y$12$YLYPlmhMdScT3GMZJQKxkOsOggYNSPS.SGEa7RdqhC7XvEdwBQHyK', '1234567890', NULL, NULL, NULL, NULL, NULL, NULL, 1, NULL, 'HCwjNpbtFPPUfJ4bzH6blBZQlwUQJ1K4pEczenhcj1ThrEBTeXfXFPLifrzL', '2024-11-09 06:42:25', '2024-11-09 06:42:25', NULL),
(158, '0', NULL, 'lavi', 'kumar', 'administrator', 'lavi@gmail.com', NULL, '$2y$12$95eHpLLjDb1DQd5Pq.Vh9uTL6laiqvSaOvqOOL8SJ4hdg3zDMOQFG', '1234567890', NULL, NULL, NULL, NULL, NULL, NULL, 1, NULL, 'YMgRiKfL4ZmigywBO7pM57EDOeN9PGwaxINm3fGIS1k35zqOGAUANay2LiB3', '2024-11-09 06:53:05', '2025-02-03 07:47:39', NULL),
(160, '0', NULL, 'johni', 'zen', 'administrator', 'johni@gmail.com', NULL, '$2y$12$MHda4UjboXpCoC8pREDNhu76F/mxQ3..NkwgYgUSFB0dDDJ2zBmh.', '1234567890', NULL, NULL, NULL, NULL, NULL, NULL, 1, NULL, 'yQ2FrdL2Bg8Xs9QhHhTtDGsIGGP5Z2Vz1f1dBUspUVaDNJjwI2DlkddiO5qU', '2024-11-21 14:03:32', '2025-02-04 04:16:52', NULL),
(164, '0', NULL, 'hiwed', 'manshu', 'player', 'hiwedmanshu@admitly.ai', NULL, '$2y$12$pLfhB89D1phpULAgz1mXEe2lZYlsFCmHv8UZECvUcWR77mwY57e8S', NULL, NULL, NULL, NULL, NULL, NULL, NULL, 1, '95', NULL, '2024-11-27 10:34:54', '2025-02-04 04:22:09', NULL),
(166, '0', NULL, 'joni', 'singh', 'player', 'jonisingh@gmail.com', NULL, '$2y$12$O.VbaF2bqxXkv7asbHAXoersjt8O7t6Sa5hd06z86oT1x4wozA.lW', NULL, NULL, NULL, 'teams//pictures/1736227252_Untitled design (69).jpg', NULL, NULL, NULL, 1, '24', NULL, '2024-11-27 11:33:07', '2025-02-04 04:22:27', NULL),
(167, '0', NULL, 'manni', 'Gill', 'player', 'mannigill@gmail.com', NULL, '$2y$12$5WbWzggiuv.qgySkBa31D.1NxW6d9yWtT9daTCZuseCE9G6RBh7D.', NULL, NULL, NULL, 'teams//pictures/1734946277_Untitled design (64).jpg', NULL, NULL, NULL, 1, '24', NULL, '2024-11-29 04:21:01', '2025-02-04 04:22:27', NULL),
(168, '0', NULL, 'sunny', 'singh', 'player', 'sunny@gmail.com', NULL, '$2y$12$kBesq3kZuPcD.LtTj3hv.OiVb4hZhTQSKKF4T9tzOwyxsCMJxQF9e', NULL, NULL, NULL, 'teams//pictures/1736232832_Untitled design (65).jpg', NULL, NULL, NULL, 0, '30', NULL, '2024-11-29 05:39:34', '2025-02-04 04:22:27', NULL),
(169, '0', '2025-02-17 06:28:20', 'jagdish', 'kumar', 'player', 'jagdish@gmail.com', NULL, '$2y$12$wmaWQtye/ESZVum2KWehdOuQwii60m/xrV5u9OYGuCzWu/TJ35WAC', NULL, NULL, NULL, 'teams//pictures/1734763715_Untitled design (7).png', NULL, NULL, NULL, 1, '25', NULL, '2024-11-29 05:40:20', '2025-02-17 06:41:06', NULL),
(170, '0', '2025-02-17 05:32:47', 'Sukh', 'singh', 'player', 'sukh@gmail.com', NULL, '$2y$12$CPl07ExasXj7q1qY1fbBDesBJy85bHqg8Zw1Pqez.gozNpw3TBLNK', NULL, NULL, NULL, 'teams//pictures/1734763835_Untitled design (68).jpg', NULL, NULL, NULL, 1, '41', NULL, '2024-11-29 05:46:21', '2025-02-17 05:38:13', NULL),
(171, '0', NULL, 'Oleg', 'ramev', 'player', 'olegremev@gmail.com', NULL, '$2y$12$PudcI1iiyb844AK64I7SU.tZccYB9qcIGfpPvETTVtBDgcZIdMQNW', NULL, NULL, NULL, 'teams//pictures/1734765724_Untitled design (69).jpg', NULL, NULL, NULL, 1, '101', NULL, '2024-11-30 05:44:34', '2025-02-04 04:22:09', NULL),
(172, '0', NULL, 'Sachin', 'Kumar', 'player_administrator', 'sachinkumar@gmail.com', NULL, '$2y$12$NEjqG/pmZ7DW3xrrqFa/DuoONyZQ9TLTgCvQO6JlMT4.kxEQyMlwi', '0123456789', NULL, NULL, NULL, NULL, NULL, NULL, 1, NULL, 'YP443rzICuGfwbzzGGYLObK5VzZrlER66xVosfzSR2D0uWngaP9C3jWbxaZf', '2024-12-02 05:11:00', '2025-01-07 05:20:52', NULL),
(173, '0', NULL, 'Erik', 'passoja', 'administrator', 'erikpassoja@gmail.com', NULL, '$2y$12$5AkseXPV803VgFXoO4fiGeEPY29JqLjcUQBsW.nKREwKfZhrnjYEC', '1234567890', NULL, NULL, NULL, NULL, NULL, NULL, 1, NULL, 't0Vp3W4umLkwMSbOnoGnx0wgW1y551MjHo32zC2njDolncPixQLL6Uqbw3CQ', '2024-12-02 05:32:41', '2024-12-02 05:32:41', NULL),
(174, '0', NULL, 'Erik', 'pasona', 'administrator', 'erikpasona@gmail.com', NULL, '$2y$12$4jjO3SlnRcwDjxykYGmr9OpMyT.i4pJ7zsqnUj1yecPOUi1ZSWo0u', '1234567890', NULL, NULL, NULL, NULL, NULL, NULL, 1, NULL, 'C8khXcQDdEaP3QhzZg1tvmvmMdzRBzNUOh3kpYV4LrzRzXLyQGveRb2IeQ9C', '2024-12-02 05:40:11', '2024-12-02 05:40:11', NULL),
(175, '0', NULL, 'Erik', 'deva', 'administrator', 'erikdeva@gmail.com', NULL, '$2y$12$A3YfSesunmnG0ljaA0TE1u2IH/8nZnBOX1Spf7EvcR8i7oWNy6iHa', '1234567890', NULL, NULL, NULL, NULL, NULL, NULL, 1, NULL, 'CEqojoriXrekdkpk0B459CkEhsYNVGtC06r2dFK468leuuVBSxNlijt4XmAU', '2024-12-02 05:52:14', '2024-12-02 05:52:14', NULL),
(176, '0', NULL, 'Martina', 'Rossi', 'administrator', 'martinarossi@gmail.com', NULL, '$2y$12$yU9XpLr1zrOStDExwN9f0uB8m7tcl8LldZ.0QmyXSCHv59Ii8O4oy', '1234567890', NULL, NULL, NULL, NULL, NULL, NULL, 1, '75', 'RAWo7KIaEDXDEYA6vhNHBVmOKYD214OXOUyAimvdsp97IUqcHg7AntxVP52o', '2024-12-02 06:07:43', '2025-02-04 04:22:09', NULL),
(177, '0', '2025-02-03 07:50:17', 'Jolly', 'sain', 'player', 'jolly@gmail.com', NULL, '$2y$12$FRZDhmDX2T7fQSqypeUm/edfIu9vVsdELQ6e70uCe.ngPNvpqNoga', '9815213811', '01/01/1999', 'Female', 'teams//pictures/1736237092_Untitled design (62).jpg', NULL, NULL, NULL, 1, '6', NULL, '2024-12-18 06:43:12', '2025-02-04 04:16:52', NULL),
(178, '0', NULL, 'yashpal', 'sharma', 'player', 'yashpal@gmail.com', NULL, '$2y$12$oErYIPTCi8VBL.ID5o8lbej26R5jssfmA4IJOBC17vKm.GTwIzv.e', '9803141520', '05/05/1998', 'Male', 'teams//pictures/1736237616_Untitled design (63).jpg', NULL, NULL, NULL, 1, '5', NULL, '2024-12-18 06:45:29', '2025-02-04 04:16:52', NULL),
(179, '0', NULL, 'Jogesh', 'sharma', 'player', 'jogesh@gmail.com', NULL, '$2y$12$3L.ndamxCSAyDI8cdluR4eXaXtqEutof7YyQCPvyFaw4BLWhyGc.i', NULL, NULL, NULL, 'teams//pictures/1736237892_Untitled design (58).jpg', NULL, NULL, NULL, 1, NULL, NULL, '2024-12-18 06:46:30', '2025-02-04 04:16:52', NULL),
(180, '0', NULL, 'pardip', 'kumar', 'player', 'pardip@gmail.com', NULL, '$2y$12$jxuRI18H.xwvM/sAe5LI..tbIOLkG9NM2pMU7s6OBNac6EUAY6qEi', NULL, NULL, NULL, NULL, NULL, NULL, NULL, 1, NULL, NULL, '2024-12-18 06:56:03', '2025-02-04 04:16:52', NULL),
(181, '0', NULL, 'Amitoj', 'Singh', 'player', 'amitojsingh@gmail.com', NULL, '$2y$12$YlrXNn93n7dwmcZIF80JsOV1aXGOzQllq589DHKvEce5hKhOOUo4K', NULL, NULL, NULL, 'teams//pictures/1734927001_college-student-.png', NULL, NULL, NULL, 1, '80', NULL, '2024-12-23 04:10:01', '2025-02-04 04:22:09', NULL),
(182, '0', NULL, 'Amit', 'jot', 'player', 'amitjot@gmail.com', NULL, '$2y$12$w.VwKP2AtSY9/esuXGECRuGRSR.2ALnnXdZgZTLlMzLQNNdUiHwXC', NULL, NULL, NULL, 'teams//pictures/1734927426_graphic-design.jpg', NULL, NULL, NULL, 1, '95', NULL, '2024-12-23 04:17:06', '2025-02-04 04:22:09', NULL),
(183, '0', NULL, 'Amit', 'jot1', 'player', 'amitjot1@gmail.com', NULL, '$2y$12$XtLT7hiXZaHV2qfXb8E0ou4Gt7SZQyWY0QIIp9.uibYf5S7DoZsGq', NULL, NULL, NULL, 'teams//pictures/1734927581_graphic-design.jpg', NULL, NULL, NULL, 1, '95', NULL, '2024-12-23 04:19:41', '2025-02-04 04:22:09', NULL),
(184, '0', NULL, 'Amit12', 'jot12', 'player', 'amitjot12@gmail.com', NULL, '$2y$12$AD2VOz2J8NHZ9RY8IFGFJOokyC.stmf.SbTIicJFlAy6QiDoXthE6', NULL, '12/11/1992', NULL, 'teams//pictures/1734927826_graphic-design.jpg', NULL, NULL, NULL, 1, '95', NULL, '2024-12-23 04:23:46', '2025-02-04 04:22:09', NULL),
(185, '0', NULL, 'The', 'Witcher', 'player', 'thewitcher@gmail.com', NULL, '$2y$12$SKYd.5jrUt38HNZHsNP3g.i1oLA6CV2b4GbslyKEGCbOmWBKOMgYi', '1234567891', '11/21/1992', 'Male', 'teams//pictures/1734936984_web-design.jpg', NULL, NULL, NULL, 1, NULL, NULL, '2024-12-23 06:56:24', '2025-02-04 04:16:52', NULL),
(186, '0', NULL, 'Anita', 'Sharma', 'player', 'anita@gmail.com', NULL, '$2y$12$jdvoS/hf3B8UFCQviZiEdua6LWCOH9iM109oXLAQj0LXGXpBiHs1i', '9779772551', '11/02/1998', 'Female', 'teams//pictures/1734947463_Untitled design (71).jpg', NULL, NULL, NULL, 1, NULL, NULL, '2024-12-23 09:51:03', '2025-02-04 04:16:52', NULL),
(187, 'false', NULL, 'Judy', 'Altizer', 'player', 'judytest@gmail.com', NULL, '$2y$12$.WlVTG6omLAJBOuuwYLFLO3gL8Fttcc.rFS3X7ZFOq.LyldurqkWe', '8016712538', '04/29/2018', NULL, NULL, NULL, NULL, NULL, 1, NULL, NULL, '2025-02-14 05:12:04', '2025-02-14 05:12:04', NULL),
(188, '0', NULL, 'Leigh', 'Altizer', 'player_administrator', 'leighz11@yahoo.com', NULL, '$2y$12$OeYumwHJ2.WPGIZYtzfr6.4ZGMbVcQ.ng6CmRqFkzmyRWGjJRg3Q2', '8016697398', NULL, 'Male', NULL, NULL, NULL, NULL, 1, NULL, 'IzqUrcWgiaRZjYHzNccAnfU4dOY983EJH4Nvc1daqVM9F4OdLuNSAXVQHFrk', '2025-02-14 05:14:05', '2025-02-19 04:36:58', NULL);

--
-- Indexes for dumped tables
--

--
-- Indexes for table `administrators`
--
ALTER TABLE `administrators`
  ADD PRIMARY KEY (`id`);

--
-- Indexes for table `cache`
--
ALTER TABLE `cache`
  ADD PRIMARY KEY (`key`);

--
-- Indexes for table `cache_locks`
--
ALTER TABLE `cache_locks`
  ADD PRIMARY KEY (`key`);

--
-- Indexes for table `clubs`
--
ALTER TABLE `clubs`
  ADD PRIMARY KEY (`id`),
  ADD UNIQUE KEY `clubs_email_unique` (`email`);

--
-- Indexes for table `club_administrators`
--
ALTER TABLE `club_administrators`
  ADD PRIMARY KEY (`id`);

--
-- Indexes for table `club_announcements`
--
ALTER TABLE `club_announcements`
  ADD PRIMARY KEY (`id`);

--
-- Indexes for table `failed_jobs`
--
ALTER TABLE `failed_jobs`
  ADD PRIMARY KEY (`id`),
  ADD UNIQUE KEY `failed_jobs_uuid_unique` (`uuid`);

--
-- Indexes for table `group_messages`
--
ALTER TABLE `group_messages`
  ADD PRIMARY KEY (`id`);

--
-- Indexes for table `jobs`
--
ALTER TABLE `jobs`
  ADD PRIMARY KEY (`id`),
  ADD KEY `jobs_queue_index` (`queue`);

--
-- Indexes for table `job_batches`
--
ALTER TABLE `job_batches`
  ADD PRIMARY KEY (`id`);

--
-- Indexes for table `locations`
--
ALTER TABLE `locations`
  ADD PRIMARY KEY (`id`);

--
-- Indexes for table `location_sports`
--
ALTER TABLE `location_sports`
  ADD PRIMARY KEY (`id`);

--
-- Indexes for table `loc_cities`
--
ALTER TABLE `loc_cities`
  ADD PRIMARY KEY (`id`);

--
-- Indexes for table `loc_countries`
--
ALTER TABLE `loc_countries`
  ADD PRIMARY KEY (`id`);

--
-- Indexes for table `loc_states`
--
ALTER TABLE `loc_states`
  ADD PRIMARY KEY (`id`);

--
-- Indexes for table `matches`
--
ALTER TABLE `matches`
  ADD PRIMARY KEY (`id`);

--
-- Indexes for table `messages`
--
ALTER TABLE `messages`
  ADD PRIMARY KEY (`id`);

--
-- Indexes for table `migrations`
--
ALTER TABLE `migrations`
  ADD PRIMARY KEY (`id`);

--
-- Indexes for table `password_reset_tokens`
--
ALTER TABLE `password_reset_tokens`
  ADD PRIMARY KEY (`email`);

--
-- Indexes for table `players`
--
ALTER TABLE `players`
  ADD PRIMARY KEY (`id`);

--
-- Indexes for table `player_meta_administrators`
--
ALTER TABLE `player_meta_administrators`
  ADD PRIMARY KEY (`id`);

--
-- Indexes for table `player_meta_teams`
--
ALTER TABLE `player_meta_teams`
  ADD PRIMARY KEY (`id`);

--
-- Indexes for table `player_schedules`
--
ALTER TABLE `player_schedules`
  ADD PRIMARY KEY (`id`);

--
-- Indexes for table `schedules`
--
ALTER TABLE `schedules`
  ADD PRIMARY KEY (`id`);

--
-- Indexes for table `sessions`
--
ALTER TABLE `sessions`
  ADD PRIMARY KEY (`id`),
  ADD KEY `sessions_user_id_index` (`user_id`),
  ADD KEY `sessions_last_activity_index` (`last_activity`);

--
-- Indexes for table `sports`
--
ALTER TABLE `sports`
  ADD PRIMARY KEY (`id`);

--
-- Indexes for table `teams`
--
ALTER TABLE `teams`
  ADD PRIMARY KEY (`id`);

--
-- Indexes for table `teams_team_administrators`
--
ALTER TABLE `teams_team_administrators`
  ADD PRIMARY KEY (`id`);

--
-- Indexes for table `users`
--
ALTER TABLE `users`
  ADD PRIMARY KEY (`id`),
  ADD UNIQUE KEY `users_email_unique` (`email`);

--
-- AUTO_INCREMENT for dumped tables
--

--
-- AUTO_INCREMENT for table `administrators`
--
ALTER TABLE `administrators`
  MODIFY `id` bigint UNSIGNED NOT NULL AUTO_INCREMENT, AUTO_INCREMENT=48;

--
-- AUTO_INCREMENT for table `clubs`
--
ALTER TABLE `clubs`
  MODIFY `id` bigint UNSIGNED NOT NULL AUTO_INCREMENT, AUTO_INCREMENT=2;

--
-- AUTO_INCREMENT for table `club_administrators`
--
ALTER TABLE `club_administrators`
  MODIFY `id` bigint UNSIGNED NOT NULL AUTO_INCREMENT, AUTO_INCREMENT=11;

--
-- AUTO_INCREMENT for table `club_announcements`
--
ALTER TABLE `club_announcements`
  MODIFY `id` int NOT NULL AUTO_INCREMENT, AUTO_INCREMENT=6;

--
-- AUTO_INCREMENT for table `failed_jobs`
--
ALTER TABLE `failed_jobs`
  MODIFY `id` bigint UNSIGNED NOT NULL AUTO_INCREMENT;

--
-- AUTO_INCREMENT for table `group_messages`
--
ALTER TABLE `group_messages`
  MODIFY `id` int NOT NULL AUTO_INCREMENT, AUTO_INCREMENT=2258;

--
-- AUTO_INCREMENT for table `jobs`
--
ALTER TABLE `jobs`
  MODIFY `id` bigint UNSIGNED NOT NULL AUTO_INCREMENT;

--
-- AUTO_INCREMENT for table `locations`
--
ALTER TABLE `locations`
  MODIFY `id` int NOT NULL AUTO_INCREMENT, AUTO_INCREMENT=11;

--
-- AUTO_INCREMENT for table `location_sports`
--
ALTER TABLE `location_sports`
  MODIFY `id` int NOT NULL AUTO_INCREMENT, AUTO_INCREMENT=17;

--
-- AUTO_INCREMENT for table `loc_cities`
--
ALTER TABLE `loc_cities`
  MODIFY `id` bigint UNSIGNED NOT NULL AUTO_INCREMENT, AUTO_INCREMENT=48399;

--
-- AUTO_INCREMENT for table `loc_countries`
--
ALTER TABLE `loc_countries`
  MODIFY `id` bigint UNSIGNED NOT NULL AUTO_INCREMENT, AUTO_INCREMENT=249;

--
-- AUTO_INCREMENT for table `loc_states`
--
ALTER TABLE `loc_states`
  MODIFY `id` bigint UNSIGNED NOT NULL AUTO_INCREMENT, AUTO_INCREMENT=4129;

--
-- AUTO_INCREMENT for table `matches`
--
ALTER TABLE `matches`
  MODIFY `id` int NOT NULL AUTO_INCREMENT;

--
-- AUTO_INCREMENT for table `messages`
--
ALTER TABLE `messages`
  MODIFY `id` int NOT NULL AUTO_INCREMENT, AUTO_INCREMENT=298;

--
-- AUTO_INCREMENT for table `migrations`
--
ALTER TABLE `migrations`
  MODIFY `id` int UNSIGNED NOT NULL AUTO_INCREMENT;

--
-- AUTO_INCREMENT for table `players`
--
ALTER TABLE `players`
  MODIFY `id` bigint UNSIGNED NOT NULL AUTO_INCREMENT, AUTO_INCREMENT=26;

--
-- AUTO_INCREMENT for table `player_meta_administrators`
--
ALTER TABLE `player_meta_administrators`
  MODIFY `id` int NOT NULL AUTO_INCREMENT, AUTO_INCREMENT=102;

--
-- AUTO_INCREMENT for table `player_meta_teams`
--
ALTER TABLE `player_meta_teams`
  MODIFY `id` int NOT NULL AUTO_INCREMENT, AUTO_INCREMENT=84;

--
-- AUTO_INCREMENT for table `player_schedules`
--
ALTER TABLE `player_schedules`
  MODIFY `id` int NOT NULL AUTO_INCREMENT, AUTO_INCREMENT=208;

--
-- AUTO_INCREMENT for table `schedules`
--
ALTER TABLE `schedules`
  MODIFY `id` bigint UNSIGNED NOT NULL AUTO_INCREMENT, AUTO_INCREMENT=161;

--
-- AUTO_INCREMENT for table `sports`
--
ALTER TABLE `sports`
  MODIFY `id` int NOT NULL AUTO_INCREMENT, AUTO_INCREMENT=8;

--
-- AUTO_INCREMENT for table `teams`
--
ALTER TABLE `teams`
  MODIFY `id` bigint UNSIGNED NOT NULL AUTO_INCREMENT, AUTO_INCREMENT=6;

--
-- AUTO_INCREMENT for table `teams_team_administrators`
--
ALTER TABLE `teams_team_administrators`
  MODIFY `id` int NOT NULL AUTO_INCREMENT, AUTO_INCREMENT=63;

--
-- AUTO_INCREMENT for table `users`
--
ALTER TABLE `users`
  MODIFY `id` bigint UNSIGNED NOT NULL AUTO_INCREMENT, AUTO_INCREMENT=189;
COMMIT;

/*!40101 SET CHARACTER_SET_CLIENT=@OLD_CHARACTER_SET_CLIENT */;
/*!40101 SET CHARACTER_SET_RESULTS=@OLD_CHARACTER_SET_RESULTS */;
/*!40101 SET COLLATION_CONNECTION=@OLD_COLLATION_CONNECTION */;
